date,y_true,y_pred
2020-01-03T00:00:00.000,3.9745919704437256,3.8946526050567627
2020-01-04T00:00:00.000,4.0264081954956055,3.9175355434417725
2020-01-05T00:00:00.000,4.005072116851807,3.960143566131592
2020-01-06T00:00:00.000,4.050792217254639,4.011257648468018
2020-01-07T00:00:00.000,4.078224182128906,4.0776495933532715
2020-01-08T00:00:00.000,4.160520076751709,4.15601110458374
2020-01-09T00:00:00.000,4.306824207305908,4.240316390991211
2020-01-10T00:00:00.000,4.425695896148682,4.323625087738037
2020-01-11T00:00:00.000,4.611623764038086,4.39755916595459
2020-01-12T00:00:00.000,4.584191799163818,4.438853740692139
2020-01-13T00:00:00.000,4.6908721923828125,4.473580360412598
2020-01-14T00:00:00.000,4.764023780822754,4.513556003570557
2020-01-15T00:00:00.000,4.846320152282715,4.557092189788818
2020-01-16T00:00:00.000,4.934711933135986,4.614014625549316
2020-01-17T00:00:00.000,5.071872234344482,4.706407070159912
2020-01-18T00:00:00.000,5.190743923187256,4.815672397613525
2020-01-19T00:00:00.000,5.285232067108154,4.92752742767334
2020-01-20T00:00:00.000,5.413248062133789,5.0420098304748535
2020-01-21T00:00:00.000,5.492496013641357,5.155301570892334
2020-01-22T00:00:00.000,5.629655838012695,5.267220973968506
2020-01-23T00:00:00.000,5.727191925048828,5.375175952911377
2020-01-24T00:00:00.000,5.794248104095459,5.49390172958374
2020-01-25T00:00:00.000,5.891784191131592,5.6142897605896
2020-01-26T00:00:00.000,5.949696063995361,5.724000930786133
2020-01-27T00:00:00.000,6.02894401550293,5.816998481750488
2020-01-28T00:00:00.000,6.071616172790527,5.890096664428711
2020-01-29T00:00:00.000,6.15391206741333,5.942811965942383
2020-01-30T00:00:00.000,6.166103839874268,5.975011825561523
2020-01-31T00:00:00.000,6.169151782989502,5.9910101890563965
2020-02-01T00:00:00.000,6.1264801025390625,5.992811679840088
2020-02-02T00:00:00.000,6.086855888366699,5.9813737869262695
2020-02-03T00:00:00.000,6.041135787963867,5.959479808807373
2020-02-04T00:00:00.000,5.964935779571533,5.930805683135986
2020-02-05T00:00:00.000,5.934455871582031,5.896956443786621
2020-02-06T00:00:00.000,5.946648120880127,5.859234809875488
2020-02-07T00:00:00.000,5.84606409072876,5.821601867675781
2020-02-08T00:00:00.000,5.7302398681640625,5.786096096038818
2020-02-09T00:00:00.000,5.6601362228393555,5.753451824188232
2020-02-10T00:00:00.000,5.66318416595459,5.722188949584961
2020-02-11T00:00:00.000,5.550407886505127,5.689822196960449
2020-02-12T00:00:00.000,5.504687786102295,5.657015323638916
2020-02-13T00:00:00.000,5.492496013641357,5.625089645385742
2020-02-14T00:00:00.000,5.492496013641357,5.5976996421813965
2020-02-15T00:00:00.000,5.57479190826416,5.579319477081299
2020-02-16T00:00:00.000,5.586984157562256,5.573465824127197
2020-02-17T00:00:00.000,5.608320236206055,5.583093166351318
2020-02-18T00:00:00.000,5.6601362228393555,5.607528209686279
2020-02-19T00:00:00.000,5.739384174346924,5.645725250244141
2020-02-20T00:00:00.000,5.867400169372559,5.693878173828125
2020-02-21T00:00:00.000,5.97103214263916,5.749032497406006
2020-02-22T00:00:00.000,6.092951774597168,5.809295654296875
2020-02-23T00:00:00.000,6.175248146057129,5.872615814208984
2020-02-24T00:00:00.000,6.251448154449463,5.937824249267578
2020-02-25T00:00:00.000,6.336792469024658,6.0011067390441895
2020-02-26T00:00:00.000,6.431280136108398,6.057523727416992
2020-02-27T00:00:00.000,6.4099440574646,6.102654457092285
2020-02-28T00:00:00.000,6.437376022338867,6.133085250854492
2020-02-29T00:00:00.000,6.44651985168457,6.148309230804443
2020-03-01T00:00:00.000,6.495287895202637,6.149811744689941
2020-03-02T00:00:00.000,6.513576030731201,6.139372825622559
2020-03-03T00:00:00.000,6.504432678222656,6.116698265075684
2020-03-04T00:00:00.000,6.486144065856934,6.082417011260986
2020-03-05T00:00:00.000,6.586728096008301,6.037895202636719
2020-03-06T00:00:00.000,6.550151824951172,5.986007213592529
2020-03-07T00:00:00.000,6.608064651489258,5.9286346435546875
2020-03-08T00:00:00.000,6.58063268661499,5.8700151443481445
2020-03-09T00:00:00.000,6.4922404289245605,5.814233303070068
2020-03-10T00:00:00.000,6.443471908569336,5.7609076499938965
2020-03-11T00:00:00.000,6.373367786407471,5.706210613250732
2020-03-12T00:00:00.000,6.294119834899902,5.654001712799072
2020-03-13T00:00:00.000,6.181344032287598,5.607207775115967
2020-03-14T00:00:00.000,6.074664115905762,5.570237159729004
2020-03-15T00:00:00.000,5.995416164398193,5.545480728149414
2020-03-16T00:00:00.000,5.937503814697266,5.53780460357666
2020-03-17T00:00:00.000,5.855207920074463,5.5430731773376465
2020-03-18T00:00:00.000,5.812535762786865,5.561368465423584
2020-03-19T00:00:00.000,5.751575946807861,5.581526279449463
2020-03-20T00:00:00.000,5.702807903289795,5.596423625946045
2020-03-21T00:00:00.000,5.690616130828857,5.606480121612549
2020-03-22T00:00:00.000,5.705855846405029,5.622685432434082
2020-03-23T00:00:00.000,5.751575946807861,5.643350124359131
2020-03-24T00:00:00.000,5.78815221786499,5.674262046813965
2020-03-25T00:00:00.000,5.827775955200195,5.722614288330078
2020-03-26T00:00:00.000,5.864352226257324,5.784829616546631
2020-03-27T00:00:00.000,5.910071849822998,5.849338054656982
2020-03-28T00:00:00.000,5.977128028869629,5.915646076202393
2020-03-29T00:00:00.000,6.02894401550293,5.976778984069824
2020-03-30T00:00:00.000,6.083807945251465,6.036562442779541
2020-03-31T00:00:00.000,6.144768238067627,6.09707498550415
2020-04-01T00:00:00.000,6.205728054046631,6.157216548919678
2020-04-02T00:00:00.000,6.254496097564697,6.2141008377075195
2020-04-03T00:00:00.000,6.300216197967529,6.27017068862915
2020-04-04T00:00:00.000,6.35203218460083,6.3205108642578125
2020-04-05T00:00:00.000,6.416040420532227,6.3612380027771
2020-04-06T00:00:00.000,6.486144065856934,6.3908209800720215
2020-04-07T00:00:00.000,6.504432678222656,6.410460948944092
2020-04-08T00:00:00.000,6.489192008972168,6.422170162200928
2020-04-09T00:00:00.000,6.5288166999816895,6.427891254425049
2020-04-10T00:00:00.000,6.519672393798828,6.429013729095459
2020-04-11T00:00:00.000,6.522719860076904,6.4264020919799805
2020-04-12T00:00:00.000,6.568439960479736,6.420064926147461
2020-04-13T00:00:00.000,6.617208003997803,6.409030437469482
2020-04-14T00:00:00.000,6.632448673248291,6.391909599304199
2020-04-15T00:00:00.000,6.665976047515869,6.36993932723999
2020-04-16T00:00:00.000,6.7452239990234375,6.344078540802002
2020-04-17T00:00:00.000,6.690360069274902,6.31550931930542
2020-04-18T00:00:00.000,6.705599784851074,6.2856855392456055
2020-04-19T00:00:00.000,6.632448673248291,6.256032943725586
2020-04-20T00:00:00.000,6.635496139526367,6.225735187530518
2020-04-21T00:00:00.000,6.598919868469238,6.196335315704346
2020-04-22T00:00:00.000,6.571487903594971,6.168609142303467
2020-04-23T00:00:00.000,6.565392017364502,6.1437554359436035
2020-04-24T00:00:00.000,6.519672393798828,6.123260974884033
2020-04-25T00:00:00.000,6.519672393798828,6.105409622192383
2020-04-26T00:00:00.000,6.495287895202637,6.084855079650879
2020-04-27T00:00:00.000,6.473951816558838,6.062017440795898
2020-04-28T00:00:00.000,6.403848171234131,6.036196708679199
2020-04-29T00:00:00.000,6.44042444229126,6.005313873291016
2020-04-30T00:00:00.000,6.400800704956055,5.96290397644043
2020-05-01T00:00:00.000,6.388608455657959,5.910184860229492
2020-05-02T00:00:00.000,6.379464149475098,5.848965167999268
2020-05-03T00:00:00.000,6.309360027313232,5.780671119689941
2020-05-04T00:00:00.000,6.239255905151367,5.709694862365723
2020-05-05T00:00:00.000,6.187439918518066,5.647735595703125
2020-05-06T00:00:00.000,6.1569600105285645,5.60343599319458
2020-05-07T00:00:00.000,6.083807945251465,5.574607849121094
2020-05-08T00:00:00.000,6.0137038230896,5.557997226715088
2020-05-09T00:00:00.000,5.998464107513428,5.551323413848877
2020-05-10T00:00:00.000,5.964935779571533,5.552393436431885
2020-05-11T00:00:00.000,5.8978800773620605,5.557990074157715
2020-05-12T00:00:00.000,5.855207920074463,5.562135696411133
2020-05-13T00:00:00.000,5.821680068969727,5.560268878936768
2020-05-14T00:00:00.000,5.785103797912598,5.550069332122803
2020-05-15T00:00:00.000,5.8521599769592285,5.528071880340576
2020-05-16T00:00:00.000,5.7363362312316895,5.486059665679932
2020-05-17T00:00:00.000,5.715000152587891,5.4287896156311035
2020-05-18T00:00:00.000,5.63270378112793,5.34303617477417
2020-05-19T00:00:00.000,5.568696022033691,5.238796234130859
2020-05-20T00:00:00.000,5.519927978515625,5.1365065574646
2020-05-21T00:00:00.000,5.44982385635376,5.059652805328369
2020-05-22T00:00:00.000,5.413248062133789,5.006580352783203
2020-05-23T00:00:00.000,5.3553361892700195,4.995094299316406
2020-05-24T00:00:00.000,5.324855804443359,5.010540008544922
2020-05-25T00:00:00.000,5.297423839569092,5.039807319641113
2020-05-26T00:00:00.000,5.306568145751953,5.072949409484863
2020-05-27T00:00:00.000,5.2791361808776855,5.104975700378418
2020-05-28T00:00:00.000,5.215127944946289,5.139309406280518
2020-05-29T00:00:00.000,5.19379186630249,5.1859917640686035
2020-05-30T00:00:00.000,5.1876959800720215,5.24491548538208
2020-05-31T00:00:00.000,5.184648036956787,5.318665981292725
2020-06-01T00:00:00.000,5.245607852935791,5.411045074462891
2020-06-02T00:00:00.000,5.285232067108154,5.5155134201049805
2020-06-03T00:00:00.000,5.3400959968566895,5.616010665893555
2020-06-04T00:00:00.000,5.37667179107666,5.709146499633789
2020-06-05T00:00:00.000,5.3858160972595215,5.7858757972717285
2020-06-06T00:00:00.000,5.468111991882324,5.84322452545166
2020-06-07T00:00:00.000,5.6540398597717285,5.881235122680664
2020-06-08T00:00:00.000,5.742432117462158,5.901124954223633
2020-06-09T00:00:00.000,5.611368179321289,5.9031596183776855
2020-06-10T00:00:00.000,5.623559951782227,5.888175010681152
2020-06-11T00:00:00.000,5.669280052185059,5.859902858734131
2020-06-12T00:00:00.000,5.702807903289795,5.81882381439209
2020-06-13T00:00:00.000,5.702807903289795,5.7659525871276855
2020-06-14T00:00:00.000,5.6845197677612305,5.702182292938232
2020-06-15T00:00:00.000,5.626607894897461,5.6295061111450195
2020-06-16T00:00:00.000,5.565648078918457,5.543776512145996
2020-06-17T00:00:00.000,5.480303764343262,5.444231986999512
2020-06-18T00:00:00.000,5.388864040374756,5.331751823425293
2020-06-19T00:00:00.000,5.300471782684326,5.209081172943115
2020-06-20T00:00:00.000,5.1572160720825195,5.082005023956299
2020-06-21T00:00:00.000,5.050536155700684,4.952144145965576
2020-06-22T00:00:00.000,4.9194722175598145,4.819941520690918
2020-06-23T00:00:00.000,4.803647994995117,4.6889567375183105
2020-06-24T00:00:00.000,4.700016021728516,4.558816432952881
2020-06-25T00:00:00.000,4.587240219116211,4.43107271194458
2020-06-26T00:00:00.000,4.468368053436279,4.308969974517822
2020-06-27T00:00:00.000,4.3251118659973145,4.1951117515563965
2020-06-28T00:00:00.000,4.194047927856445,4.090207099914551
2020-06-29T00:00:00.000,4.047743797302246,3.994361639022827
2020-06-30T00:00:00.000,3.8679120540618896,3.903982162475586
2020-07-01T00:00:00.000,3.678936004638672,3.8193061351776123
2020-07-02T00:00:00.000,3.4869120121002197,3.7392263412475586
2020-07-03T00:00:00.000,3.328416109085083,3.659595251083374
2020-07-04T00:00:00.000,3.1729679107666016,3.587667465209961
2020-07-05T00:00:00.000,3.084575891494751,3.5275516510009766
2020-07-06T00:00:00.000,3.0571439266204834,3.4731194972991943
2020-07-07T00:00:00.000,3.0266640186309814,3.4290783405303955
2020-07-08T00:00:00.000,3.090672016143799,3.3991148471832275
2020-07-09T00:00:00.000,3.182111978530884,3.384791135787964
2020-07-10T00:00:00.000,3.319272041320801,3.3842568397521973
2020-07-11T00:00:00.000,3.389375925064087,3.386547565460205
2020-07-12T00:00:00.000,3.45033597946167,3.3781065940856934
2020-07-13T00:00:00.000,3.4930078983306885,3.354956865310669
2020-07-14T00:00:00.000,3.4838640689849854,3.3156545162200928
2020-07-15T00:00:00.000,3.398519992828369,3.2545948028564453
2020-07-16T00:00:00.000,3.151632070541382,3.171032190322876
2020-07-17T00:00:00.000,2.92303204536438,3.0663022994995117
2020-07-18T00:00:00.000,2.6761438846588135,2.9461069107055664
2020-07-19T00:00:00.000,2.4597361087799072,2.811643123626709
2020-07-20T00:00:00.000,2.282952070236206,2.6598703861236572
2020-07-21T00:00:00.000,2.1854159832000732,2.50723934173584
2020-07-22T00:00:00.000,2.121407985687256,2.3895838260650635
2020-07-23T00:00:00.000,2.1854159832000732,2.295041084289551
2020-07-24T00:00:00.000,2.1701760292053223,2.238745927810669
2020-07-25T00:00:00.000,2.090928077697754,2.2190234661102295
2020-07-26T00:00:00.000,2.029968023300171,2.2095072269439697
2020-07-27T00:00:00.000,1.9751039743423462,2.192634344100952
2020-07-28T00:00:00.000,1.920240044593811,2.1725852489471436
2020-07-29T00:00:00.000,1.904999852180481,2.122441053390503
2020-07-30T00:00:00.000,1.8653759956359863,2.0547473430633545
2020-07-31T00:00:00.000,1.8470879793167114,2.028900146484375
2020-08-01T00:00:00.000,1.81660795211792,2.023983955383301
2020-08-02T00:00:00.000,1.7952719926834106,2.0290825366973877
2020-08-03T00:00:00.000,1.801367998123169,2.0457663536071777
2020-08-04T00:00:00.000,1.7221200466156006,2.053375482559204
2020-08-05T00:00:00.000,1.7038320302963257,2.0405683517456055
2020-08-06T00:00:00.000,1.6367759704589844,2.0168581008911133
2020-08-07T00:00:00.000,1.6642080545425415,2.0000600814819336
2020-08-08T00:00:00.000,1.7586959600448608,2.002387523651123
2020-08-09T00:00:00.000,1.859279990196228,2.030367136001587
2020-08-10T00:00:00.000,1.9568158388137817,2.11529803276062
2020-08-11T00:00:00.000,2.0665440559387207,2.220529317855835
2020-08-12T00:00:00.000,2.1701760292053223,2.3193259239196777
2020-08-13T00:00:00.000,2.2250399589538574,2.378389596939087
2020-08-14T00:00:00.000,2.19760799407959,2.3954579830169678
2020-08-15T00:00:00.000,2.1031200885772705,2.3509745597839355
2020-08-16T00:00:00.000,2.069591999053955,2.263955593109131
2020-08-17T00:00:00.000,2.0421600341796875,2.1783108711242676
2020-08-18T00:00:00.000,2.008631944656372,2.1024835109710693
2020-08-19T00:00:00.000,2.045207977294922,2.0455825328826904
2020-08-20T00:00:00.000,1.9811999797821045,2.006328582763672
2020-08-21T00:00:00.000,1.8958560228347778,1.957220196723938
2020-08-22T00:00:00.000,1.8257520198822021,1.881913423538208
2020-08-23T00:00:00.000,1.8501360416412354,1.7871744632720947
2020-08-24T00:00:00.000,2.0055840015411377,1.6858704090118408
2020-08-25T00:00:00.000,2.045207977294922,1.5930721759796143
2020-08-26T00:00:00.000,2.106168031692505,1.5115762948989868
2020-08-27T00:00:00.000,2.1031200885772705,1.445578932762146
2020-08-28T00:00:00.000,1.8105119466781616,1.396608591079712
2020-08-29T00:00:00.000,1.6276320219039917,1.3559672832489014
2020-08-30T00:00:00.000,1.5240000486373901,1.3158010244369507
2020-08-31T00:00:00.000,1.4508479833602905,1.2891384363174438
2020-09-01T00:00:00.000,1.4538960456848145,1.2756367921829224
2020-09-02T00:00:00.000,1.4630399942398071,1.2858059406280518
2020-09-03T00:00:00.000,1.4508479833602905,1.320439100265503
2020-09-04T00:00:00.000,1.499616026878357,1.3750711679458618
2020-09-05T00:00:00.000,1.5880080461502075,1.440738320350647
2020-09-06T00:00:00.000,1.7190719842910767,1.5165960788726807
2020-09-07T00:00:00.000,1.8287999629974365,1.5803827047348022
2020-09-08T00:00:00.000,1.904999852180481,1.6335575580596924
2020-09-09T00:00:00.000,1.917191982269287,1.6842069625854492
2020-09-10T00:00:00.000,1.9293839931488037,1.7282304763793945
2020-09-11T00:00:00.000,1.874519944190979,1.770488977432251
2020-09-12T00:00:00.000,1.9019520282745361,1.8126914501190186
2020-09-13T00:00:00.000,1.993391990661621,1.854570984840393
2020-09-14T00:00:00.000,2.1854159832000732,1.881689190864563
2020-09-15T00:00:00.000,2.8072080612182617,1.8999872207641602
2020-09-16T00:00:00.000,2.3164799213409424,1.9040356874465942
2020-09-17T00:00:00.000,1.8989038467407227,1.8813496828079224
2020-09-18T00:00:00.000,1.7617440223693848,1.8362433910369873
2020-09-19T00:00:00.000,1.8379440307617188,1.7952508926391602
2020-09-20T00:00:00.000,2.2402799129486084,1.7648752927780151
2020-09-21T00:00:00.000,2.3469600677490234,1.7451504468917847
2020-09-22T00:00:00.000,2.176271915435791,1.7490791082382202
2020-09-23T00:00:00.000,1.9110959768295288,1.7685682773590088
2020-09-24T00:00:00.000,1.917191982269287,1.7869657278060913
2020-09-25T00:00:00.000,1.9994879961013794,1.8252332210540771
2020-09-26T00:00:00.000,2.069591999053955,1.8411089181900024
2020-09-27T00:00:00.000,2.0208239555358887,1.841229796409607
2020-09-28T00:00:00.000,1.9903440475463867,1.8384084701538086
2020-09-29T00:00:00.000,1.9903440475463867,1.8338881731033325
2020-09-30T00:00:00.000,1.8501360416412354,1.7836755514144897
2020-10-01T00:00:00.000,1.6824959516525269,1.7211347818374634
2020-10-02T00:00:00.000,1.6946879625320435,1.655178427696228
2020-10-03T00:00:00.000,1.6794480085372925,1.5924773216247559
2020-10-04T00:00:00.000,1.6367759704589844,1.530512809753418
2020-10-05T00:00:00.000,1.6672559976577759,1.4744510650634766
2020-10-06T00:00:00.000,1.6123919486999512,1.4265007972717285
2020-10-07T00:00:00.000,1.575816035270691,1.3843042850494385
2020-10-08T00:00:00.000,1.554479956626892,1.3457444906234741
2020-10-09T00:00:00.000,1.6459200382232666,1.3118969202041626
2020-10-10T00:00:00.000,1.862328052520752,1.2888925075531006
2020-10-11T00:00:00.000,1.6824959516525269,1.3035435676574707
2020-10-12T00:00:00.000,1.5941040515899658,1.3204936981201172
2020-10-13T00:00:00.000,1.4752320051193237,1.3411487340927124
2020-10-14T00:00:00.000,1.5057120323181152,1.3671807050704956
2020-10-15T00:00:00.000,1.481328010559082,1.3976176977157593
2020-10-16T00:00:00.000,1.514855980873108,1.3995609283447266
2020-10-17T00:00:00.000,1.7465039491653442,1.4101216793060303
2020-10-18T00:00:00.000,1.6885919570922852,1.4241594076156616
2020-10-19T00:00:00.000,1.648967981338501,1.4369617700576782
2020-10-20T00:00:00.000,1.6855440139770508,1.4351707696914673
2020-10-21T00:00:00.000,1.7282160520553589,1.413221836090088
2020-10-22T00:00:00.000,1.7221200466156006,1.382759690284729
2020-10-23T00:00:00.000,1.652016043663025,1.346612572669983
2020-10-24T00:00:00.000,1.5788639783859253,1.3159343004226685
2020-10-25T00:00:00.000,1.4478000402450562,1.2930365800857544
2020-10-26T00:00:00.000,1.4081759452819824,1.2763608694076538
2020-10-27T00:00:00.000,1.3929359912872314,1.2627876996994019
2020-10-28T00:00:00.000,1.3746479749679565,1.252756118774414
2020-10-29T00:00:00.000,1.4538960456848145,1.2491846084594727
2020-10-30T00:00:00.000,1.2801599502563477,1.2434394359588623
2020-10-31T00:00:00.000,1.286255955696106,1.2551113367080688
2020-11-01T00:00:00.000,1.286255955696106,1.2895339727401733
2020-11-02T00:00:00.000,1.496567964553833,1.3456766605377197
2020-11-03T00:00:00.000,1.557528018951416,1.4157841205596924
2020-11-04T00:00:00.000,1.6367759704589844,1.5059635639190674
2020-11-05T00:00:00.000,1.81660795211792,1.598276972770691
2020-11-06T00:00:00.000,2.0970239639282227,1.6987754106521606
2020-11-07T00:00:00.000,2.2799038887023926,1.8132312297821045
2020-11-08T00:00:00.000,2.4627840518951416,1.9364632368087769
2020-11-09T00:00:00.000,2.502408027648926,2.045741319656372
2020-11-10T00:00:00.000,2.435352087020874,2.140921115875244
2020-11-11T00:00:00.000,2.353055953979492,2.1884095668792725
2020-11-12T00:00:00.000,2.2463760375976562,2.171745777130127
2020-11-13T00:00:00.000,2.0482559204101562,2.121950149536133
2020-11-14T00:00:00.000,1.8714720010757446,2.038214921951294
2020-11-15T00:00:00.000,1.8348959684371948,1.9358989000320435
2020-11-16T00:00:00.000,1.783079981803894,1.8225458860397339
2020-11-17T00:00:00.000,1.6885919570922852,1.715015172958374
2020-11-18T00:00:00.000,1.7343120574951172,1.5981968641281128
2020-11-19T00:00:00.000,1.6398240327835083,1.4941959381103516
2020-11-20T00:00:00.000,1.572767972946167,1.408582091331482
2020-11-21T00:00:00.000,1.5179040431976318,1.349342703819275
2020-11-22T00:00:00.000,1.5240000486373901,1.3201031684875488
2020-11-23T00:00:00.000,1.5026639699935913,1.318000078201294
2020-11-24T00:00:00.000,1.499616026878357,1.3305107355117798
2020-11-25T00:00:00.000,1.572767972946167,1.3468120098114014
2020-11-26T00:00:00.000,1.5331439971923828,1.3581266403198242
2020-11-27T00:00:00.000,1.5270479917526245,1.3553154468536377
2020-11-28T00:00:00.000,1.572767972946167,1.342502236366272
2020-11-29T00:00:00.000,1.740407943725586,1.3337628841400146
2020-11-30T00:00:00.000,1.725167989730835,1.3387136459350586
2020-12-01T00:00:00.000,1.7373600006103516,1.352475881576538
2020-12-02T00:00:00.000,1.7007839679718018,1.3814606666564941
2020-12-03T00:00:00.000,1.8836640119552612,1.4242907762527466
2020-12-04T00:00:00.000,1.9903440475463867,1.4791934490203857
2020-12-05T00:00:00.000,2.0634961128234863,1.5358535051345825
2020-12-06T00:00:00.000,2.029968023300171,1.5954889059066772
2020-12-07T00:00:00.000,2.045207977294922,1.6495321989059448
2020-12-08T00:00:00.000,2.029968023300171,1.6903810501098633
2020-12-09T00:00:00.000,1.993391990661621,1.708373785018921
2020-12-10T00:00:00.000,1.96291184425354,1.7022273540496826
2020-12-11T00:00:00.000,1.8958560228347778,1.675903081893921
2020-12-12T00:00:00.000,1.9263360500335693,1.638536810874939
2020-12-13T00:00:00.000,1.8836640119552612,1.601846694946289
2020-12-14T00:00:00.000,1.9476720094680786,1.5713257789611816
2020-12-15T00:00:00.000,1.9141439199447632,1.5663784742355347
2020-12-16T00:00:00.000,2.0482559204101562,1.5881247520446777
2020-12-17T00:00:00.000,2.0208239555358887,1.6305124759674072
2020-12-18T00:00:00.000,1.996440052986145,1.681020975112915
2020-12-19T00:00:00.000,1.9872959852218628,1.732724905014038
2020-12-20T00:00:00.000,2.0665440559387207,1.7608883380889893
2020-12-21T00:00:00.000,2.0177760124206543,1.7683546543121338
2020-12-22T00:00:00.000,1.9263360500335693,1.7577041387557983
2020-12-23T00:00:00.000,1.8958560228347778,1.7390692234039307
2020-12-24T00:00:00.000,1.9446239471435547,1.723245620727539
2020-12-25T00:00:00.000,1.892807960510254,1.7217135429382324
2020-12-26T00:00:00.000,1.9110959768295288,1.7201844453811646
2020-12-27T00:00:00.000,1.917191982269287,1.7259576320648193
2020-12-28T00:00:00.000,1.953768014907837,1.7328286170959473
2020-12-29T00:00:00.000,1.9019520282745361,1.7344173192977905
2020-12-30T00:00:00.000,1.950719952583313,1.7204501628875732
2020-12-31T00:00:00.000,2.0055840015411377,1.7032309770584106
2021-01-01T00:00:00.000,2.115312099456787,1.6919455528259277
2021-01-02T00:00:00.000,2.01472806930542,1.7285414934158325
2021-01-03T00:00:00.000,2.060447931289673,1.8188457489013672
2021-01-04T00:00:00.000,2.191512107849121,1.973440408706665
2021-01-05T00:00:00.000,2.3774399757385254,2.198247194290161
2021-01-06T00:00:00.000,2.602992057800293,2.4492580890655518
2021-01-07T00:00:00.000,2.947416067123413,2.6893699169158936
2021-01-08T00:00:00.000,3.03275990486145,2.9251160621643066
2021-01-09T00:00:00.000,3.252216100692749,3.1419081687927246
2021-01-10T00:00:00.000,3.45033597946167,3.3311376571655273
2021-01-11T00:00:00.000,3.739896059036255,3.4942800998687744
2021-01-12T00:00:00.000,3.8039040565490723,3.640275478363037
2021-01-13T00:00:00.000,3.922775983810425,3.7672083377838135
2021-01-14T00:00:00.000,4.008120059967041,3.8770766258239746
2021-01-15T00:00:00.000,4.069079875946045,3.965052843093872
2021-01-16T00:00:00.000,4.002024173736572,4.026480197906494
2021-01-17T00:00:00.000,3.907536029815674,4.053229331970215
2021-01-18T00:00:00.000,3.7978079319000244,4.038506507873535
2021-01-19T00:00:00.000,3.6515040397644043,3.9770562648773193
2021-01-20T00:00:00.000,3.3924241065979004,3.8561594486236572
2021-01-21T00:00:00.000,3.1485838890075684,3.67195463180542
2021-01-22T00:00:00.000,2.9291279315948486,3.4258105754852295
2021-01-23T00:00:00.000,2.8346400260925293,3.153376340866089
2021-01-24T00:00:00.000,2.709671974182129,2.8865363597869873
2021-01-25T00:00:00.000,2.4688799381256104,2.6411874294281006
2021-01-26T00:00:00.000,2.289047956466675,2.4338696002960205
2021-01-27T00:00:00.000,2.151887893676758,2.2919459342956543
2021-01-28T00:00:00.000,2.0055840015411377,2.195241928100586
2021-01-29T00:00:00.000,1.9232879877090454,2.146545648574829
2021-01-30T00:00:00.000,1.862328052520752,2.1466987133026123
2021-01-31T00:00:00.000,1.965959906578064,2.216481924057007
2021-02-01T00:00:00.000,1.8867119550704956,2.314544200897217
2021-02-02T00:00:00.000,1.953768014907837,2.4352681636810303
2021-02-03T00:00:00.000,2.0634961128234863,2.5935916900634766
2021-02-04T00:00:00.000,2.2494239807128906,2.7781100273132324
2021-02-05T00:00:00.000,2.435352087020874,2.96269154548645
2021-02-06T00:00:00.000,2.7614879608154297,3.146301031112671
2021-02-07T00:00:00.000,2.9199841022491455,3.3210504055023193
2021-02-08T00:00:00.000,3.023616075515747,3.477821111679077
2021-02-09T00:00:00.000,3.182111978530884,3.6107687950134277
2021-02-10T00:00:00.000,3.2247838973999023,3.7117722034454346
2021-02-11T00:00:00.000,3.319272041320801,3.774763345718384
2021-02-12T00:00:00.000,3.5173919200897217,3.8033788204193115
2021-02-13T00:00:00.000,3.5478720664978027,3.8043789863586426
2021-02-14T00:00:00.000,3.4991040229797363,3.7744863033294678
2021-02-15T00:00:00.000,3.383280038833618,3.701225996017456
2021-02-16T00:00:00.000,3.176016092300415,3.586265802383423
2021-02-17T00:00:00.000,2.977895975112915,3.4365639686584473
2021-02-18T00:00:00.000,2.947416067123413,3.2496442794799805
2021-02-19T00:00:00.000,2.855976104736328,3.0852842330932617
2021-02-20T00:00:00.000,2.7157680988311768,2.959829092025757
2021-02-21T00:00:00.000,2.581655979156494,2.8712761402130127
2021-02-22T00:00:00.000,2.496311902999878,2.8183226585388184
2021-02-23T00:00:00.000,2.429255962371826,2.7910337448120117
2021-02-24T00:00:00.000,2.420111894607544,2.7676453590393066
2021-02-25T00:00:00.000,2.410968065261841,2.754133701324463
2021-02-26T00:00:00.000,2.4841198921203613,2.757235527038574
2021-02-27T00:00:00.000,2.557271957397461,2.80507230758667
2021-02-28T00:00:00.000,2.6060400009155273,2.8945844173431396
2021-03-01T00:00:00.000,2.657855987548828,2.9947681427001953
2021-03-02T00:00:00.000,2.8041601181030273,3.113771438598633
2021-03-03T00:00:00.000,2.9504640102386475,3.2953920364379883
2021-03-04T00:00:00.000,3.0693359375,3.5016791820526123
2021-03-05T00:00:00.000,3.2887918949127197,3.7018275260925293
2021-03-06T00:00:00.000,3.5448238849639893,3.9054508209228516
2021-03-07T00:00:00.000,3.8191440105438232,4.088107585906982
2021-03-08T00:00:00.000,4.011168003082275,4.2482380867004395
2021-03-09T00:00:00.000,4.200143814086914,4.387569427490234
2021-03-10T00:00:00.000,4.376927852630615,4.516353130340576
2021-03-11T00:00:00.000,4.486656188964844,4.637105941772461
2021-03-12T00:00:00.000,4.57809591293335,4.754266262054443
2021-03-13T00:00:00.000,4.602479934692383,4.866106986999512
2021-03-14T00:00:00.000,4.709159851074219,4.970524787902832
2021-03-15T00:00:00.000,4.739640235900879,5.0650634765625
2021-03-16T00:00:00.000,4.7670722007751465,5.141961574554443
2021-03-17T00:00:00.000,4.788407802581787,5.195586204528809
2021-03-18T00:00:00.000,4.852416038513184,5.228125095367432
2021-03-19T00:00:00.000,4.809743881225586,5.236617565155029
2021-03-20T00:00:00.000,4.873752117156982,5.229570388793945
2021-03-21T00:00:00.000,4.925568103790283,5.212101936340332
2021-03-22T00:00:00.000,4.977384090423584,5.187806129455566
2021-03-23T00:00:00.000,5.117591857910156,5.163776397705078
2021-03-24T00:00:00.000,5.352287769317627,5.163636207580566
2021-03-25T00:00:00.000,5.361432075500488,5.179340839385986
2021-03-26T00:00:00.000,5.324855804443359,5.207490921020508
2021-03-27T00:00:00.000,5.318759918212891,5.243934631347656
2021-03-28T00:00:00.000,5.324855804443359,5.28989315032959
2021-03-29T00:00:00.000,5.337048053741455,5.341225624084473
2021-03-30T00:00:00.000,5.364480018615723,5.395012378692627
2021-03-31T00:00:00.000,5.358384132385254,5.454952716827393
2021-04-01T00:00:00.000,5.434584140777588,5.525089740753174
2021-04-02T00:00:00.000,5.5016398429870605,5.595272541046143
2021-04-03T00:00:00.000,5.504687786102295,5.66304349899292
2021-04-04T00:00:00.000,5.571743965148926,5.7206525802612305
2021-04-05T00:00:00.000,5.608320236206055,5.76790189743042
2021-04-06T00:00:00.000,5.614416122436523,5.806264877319336
2021-04-07T00:00:00.000,5.629655838012695,5.840135097503662
2021-04-08T00:00:00.000,5.675375938415527,5.8715925216674805
2021-04-09T00:00:00.000,5.721096038818359,5.902519226074219
2021-04-10T00:00:00.000,5.836919784545898,5.92922830581665
2021-04-11T00:00:00.000,5.800343990325928,5.946154594421387
2021-04-12T00:00:00.000,5.794248104095459,5.949256896972656
2021-04-13T00:00:00.000,5.7759599685668945,5.935254096984863
2021-04-14T00:00:00.000,5.864352226257324,5.901331901550293
2021-04-15T00:00:00.000,5.858255863189697,5.847755432128906
2021-04-16T00:00:00.000,5.888735771179199,5.7752861976623535
2021-04-17T00:00:00.000,5.894832134246826,5.684848785400391
2021-04-18T00:00:00.000,5.827775955200195,5.579041004180908
2021-04-19T00:00:00.000,5.745480060577393,5.461139678955078
2021-04-20T00:00:00.000,5.650991916656494,5.336312770843506
2021-04-21T00:00:00.000,5.5382161140441895,5.210527420043945
2021-04-22T00:00:00.000,5.477255821228027,5.086623668670654
2021-04-23T00:00:00.000,5.40715217590332,4.965010643005371
2021-04-24T00:00:00.000,5.346191883087158,4.844242095947266
2021-04-25T00:00:00.000,5.276088237762451,4.722437858581543
2021-04-26T00:00:00.000,5.20903205871582,4.597457408905029
2021-04-27T00:00:00.000,5.074920177459717,4.467201232910156
2021-04-28T00:00:00.000,4.873752117156982,4.332939624786377
2021-04-29T00:00:00.000,4.6847758293151855,4.199548721313477
2021-04-30T00:00:00.000,4.459224224090576,4.055822849273682
2021-05-01T00:00:00.000,4.319015979766846,3.9327826499938965
2021-05-02T00:00:00.000,4.251959800720215,3.8430402278900146
2021-05-03T00:00:00.000,4.157472133636475,3.7923097610473633
2021-05-04T00:00:00.000,4.1422319412231445,3.779421329498291
2021-05-05T00:00:00.000,4.163568019866943,3.8054959774017334
2021-05-06T00:00:00.000,4.178808212280273,3.861818313598633
2021-05-07T00:00:00.000,4.19709587097168,3.93571400642395
2021-05-08T00:00:00.000,4.221479892730713,4.011235237121582
2021-05-09T00:00:00.000,4.270247936248779,4.0836381912231445
2021-05-10T00:00:00.000,4.331208229064941,4.148891925811768
2021-05-11T00:00:00.000,4.364736080169678,4.203183174133301
2021-05-12T00:00:00.000,4.428743839263916,4.252353191375732
2021-05-13T00:00:00.000,4.480559825897217,4.300081253051758
2021-05-14T00:00:00.000,4.4622721672058105,4.3449482917785645
2021-05-15T00:00:00.000,4.474463939666748,4.389956951141357
2021-05-16T00:00:00.000,4.526279926300049,4.426900386810303
2021-05-17T00:00:00.000,4.590288162231445,4.451338768005371
2021-05-18T00:00:00.000,4.748784065246582,4.460941791534424
2021-05-19T00:00:00.000,4.724400043487549,4.457679748535156
2021-05-20T00:00:00.000,4.751832008361816,4.446727275848389
2021-05-21T00:00:00.000,4.861559867858887,4.434154033660889
2021-05-22T00:00:00.000,4.782311916351318,4.424028396606445
2021-05-23T00:00:00.000,4.623816013336182,4.4234209060668945
2021-05-24T00:00:00.000,4.486656188964844,4.431861877441406
2021-05-25T00:00:00.000,4.373879909515381,4.446511268615723
2021-05-26T00:00:00.000,4.306824207305908,4.459205627441406
2021-05-27T00:00:00.000,4.236720085144043,4.463762283325195
2021-05-28T00:00:00.000,4.194047927856445,4.46330451965332
2021-05-29T00:00:00.000,4.178808212280273,4.456838607788086
2021-05-30T00:00:00.000,4.166615962982178,4.444198131561279
2021-05-31T00:00:00.000,4.120895862579346,4.432084083557129
2021-06-01T00:00:00.000,4.069079875946045,4.425472736358643
2021-06-02T00:00:00.000,4.008120059967041,4.417791366577148
2021-06-03T00:00:00.000,3.9898319244384766,4.411654472351074
2021-06-04T00:00:00.000,3.9654479026794434,4.406778812408447
2021-06-05T00:00:00.000,3.947160005569458,4.3996195793151855
2021-06-06T00:00:00.000,3.9288721084594727,4.3892107009887695
2021-06-07T00:00:00.000,3.9502079486846924,4.373184680938721
2021-06-08T00:00:00.000,3.8740079402923584,4.346157073974609
2021-06-09T00:00:00.000,3.8130478858947754,4.3153300285339355
2021-06-10T00:00:00.000,3.7917120456695557,4.296932697296143
2021-06-11T00:00:00.000,3.7978079319000244,4.294281482696533
2021-06-12T00:00:00.000,3.816096067428589,4.312892436981201
2021-06-13T00:00:00.000,3.861815929412842,4.347239017486572
2021-06-14T00:00:00.000,3.94106388092041,4.389456748962402
2021-06-15T00:00:00.000,4.01421594619751,4.427707195281982
2021-06-16T00:00:00.000,4.053840160369873,4.457179546356201
2021-06-17T00:00:00.000,4.084320068359375,4.473084926605225
2021-06-18T00:00:00.000,4.117847919464111,4.478528022766113
2021-06-19T00:00:00.000,4.288536071777344,4.471307754516602
2021-06-20T00:00:00.000,4.072127819061279,4.442661762237549
2021-06-21T00:00:00.000,4.017263889312744,4.397769451141357
2021-06-22T00:00:00.000,3.9349679946899414,4.335204601287842
2021-06-23T00:00:00.000,3.8648641109466553,4.259283065795898
2021-06-24T00:00:00.000,3.739896059036255,4.170970916748047
2021-06-25T00:00:00.000,3.6210238933563232,4.073812007904053
2021-06-26T00:00:00.000,3.5082480907440186,3.9565415382385254
2021-06-27T00:00:00.000,3.398519992828369,3.837508201599121
2021-06-28T00:00:00.000,3.2583119869232178,3.7038607597351074
2021-06-29T00:00:00.000,3.108959913253784,3.545372247695923
2021-06-30T00:00:00.000,2.932176113128662,3.3748977184295654
2021-07-01T00:00:00.000,2.831592082977295,3.2555747032165527
2021-07-02T00:00:00.000,2.734055995941162,3.16733980178833
2021-07-03T00:00:00.000,2.6090879440307617,3.124196767807007
2021-07-04T00:00:00.000,2.5755600929260254,3.129115343093872
2021-07-05T00:00:00.000,2.642616033554077,3.173401117324829
2021-07-06T00:00:00.000,2.7584400177001953,3.238455057144165
2021-07-07T00:00:00.000,2.932176113128662,3.3076722621917725
2021-07-08T00:00:00.000,3.0967679023742676,3.3711278438568115
2021-07-09T00:00:00.000,3.2400240898132324,3.426483631134033
2021-07-10T00:00:00.000,3.3771839141845703,3.479473114013672
2021-07-11T00:00:00.000,3.5143439769744873,3.5294971466064453
2021-07-12T00:00:00.000,3.6606481075286865,3.570892333984375
2021-07-13T00:00:00.000,3.7216079235076904,3.603278636932373
2021-07-14T00:00:00.000,3.7581839561462402,3.6227240562438965
2021-07-15T00:00:00.000,3.7155120372772217,3.6238925457000732
2021-07-16T00:00:00.000,3.5631120204925537,3.6015005111694336
2021-07-17T00:00:00.000,3.4168078899383545,3.5574533939361572
2021-07-18T00:00:00.000,3.243072032928467,3.499182939529419
2021-07-19T00:00:00.000,3.1181039810180664,3.4483985900878906
2021-07-20T00:00:00.000,3.0419039726257324,3.413388252258301
2021-07-21T00:00:00.000,3.054095983505249,3.405653715133667
2021-07-22T00:00:00.000,3.0662879943847656,3.4278602600097656
2021-07-23T00:00:00.000,3.151632070541382,3.4647412300109863
2021-07-24T00:00:00.000,3.2339279651641846,3.5112144947052
2021-07-25T00:00:00.000,3.368040084838867,3.5652060508728027
2021-07-26T00:00:00.000,3.4777679443359375,3.6185991764068604
2021-07-27T00:00:00.000,3.5753040313720703,3.6684257984161377
2021-07-28T00:00:00.000,3.6393120288848877,3.703972101211548
2021-07-29T00:00:00.000,3.6697919368743896,3.7118146419525146
2021-07-30T00:00:00.000,3.5844480991363525,3.6902666091918945
2021-07-31T00:00:00.000,3.4716720581054688,3.63792085647583
2021-08-01T00:00:00.000,3.322319984436035,3.5570695400238037
2021-08-02T00:00:00.000,3.1120080947875977,3.4454123973846436
2021-08-03T00:00:00.000,2.846832036972046,3.2830469608306885
2021-08-04T00:00:00.000,2.602992057800293,3.0850577354431152
2021-08-05T00:00:00.000,2.337815999984741,2.8765742778778076
2021-08-06T00:00:00.000,2.1488399505615234,2.6624248027801514
2021-08-07T00:00:00.000,1.9781520366668701,2.4669923782348633
2021-08-08T00:00:00.000,1.8470879793167114,2.3083906173706055
2021-08-09T00:00:00.000,1.6855440139770508,2.192871570587158
2021-08-10T00:00:00.000,1.6032480001449585,2.0975236892700195
2021-08-11T00:00:00.000,1.557528018951416,2.016279697418213
2021-08-12T00:00:00.000,1.5331439971923828,1.9310611486434937
2021-08-13T00:00:00.000,1.5300960540771484,1.8418744802474976
2021-08-14T00:00:00.000,1.4904719591140747,1.756414771080017
2021-08-15T00:00:00.000,1.499616026878357,1.6657811403274536
2021-08-16T00:00:00.000,1.6398240327835083,1.5797563791275024
2021-08-17T00:00:00.000,1.648967981338501,1.4987155199050903
2021-08-18T00:00:00.000,1.557528018951416,1.4104048013687134
2021-08-19T00:00:00.000,1.4569439888000488,1.3333015441894531
2021-08-20T00:00:00.000,1.3837920427322388,1.2920641899108887
2021-08-21T00:00:00.000,1.3258800506591797,1.2846180200576782
2021-08-22T00:00:00.000,1.2923519611358643,1.3138010501861572
2021-08-23T00:00:00.000,1.2801599502563477,1.379849910736084
2021-08-24T00:00:00.000,1.328927993774414,1.4579533338546753
2021-08-25T00:00:00.000,1.420367956161499,1.5267610549926758
2021-08-26T00:00:00.000,1.4904719591140747,1.57611083984375
2021-08-27T00:00:00.000,1.7525999546051025,1.608801245689392
2021-08-28T00:00:00.000,1.783079981803894,1.6445177793502808
2021-08-29T00:00:00.000,2.4384000301361084,1.6869381666183472
2021-08-30T00:00:00.000,2.6304240226745605,1.7419254779815674
2021-08-31T00:00:00.000,2.0055840015411377,1.810738444328308
2021-09-01T00:00:00.000,1.7891759872436523,1.8545485734939575
2021-09-02T00:00:00.000,1.6977360248565674,1.835798978805542
2021-09-03T00:00:00.000,1.6093440055847168,1.7745059728622437
2021-09-04T00:00:00.000,1.5240000486373901,1.700692892074585
2021-09-05T00:00:00.000,1.478279948234558,1.6277440786361694
2021-09-06T00:00:00.000,1.3685519695281982,1.5683064460754395
2021-09-07T00:00:00.000,1.286255955696106,1.5428327322006226
2021-09-08T00:00:00.000,1.328927993774414,1.5423831939697266
2021-09-09T00:00:00.000,1.3776960372924805,1.5660724639892578
2021-09-10T00:00:00.000,1.4752320051193237,1.6011329889297485
2021-09-11T00:00:00.000,1.5941040515899658,1.650476336479187
2021-09-12T00:00:00.000,1.7038320302963257,1.7109485864639282
2021-09-13T00:00:00.000,1.8409919738769531,1.7758766412734985
2021-09-14T00:00:00.000,1.9446239471435547,1.8314740657806396
2021-09-15T00:00:00.000,2.1640799045562744,1.865090250968933
2021-09-16T00:00:00.000,2.090928077697754,1.862433671951294
2021-09-17T00:00:00.000,1.969007968902588,1.8224854469299316
2021-09-18T00:00:00.000,1.7465039491653442,1.7621655464172363
2021-09-19T00:00:00.000,1.6123919486999512,1.690283179283142
2021-09-20T00:00:00.000,1.481328010559082,1.6209183931350708
2021-09-21T00:00:00.000,1.3807439804077148,1.5618289709091187
2021-09-22T00:00:00.000,1.3380719423294067,1.5297428369522095
2021-09-23T00:00:00.000,1.481328010559082,1.5040547847747803
2021-09-24T00:00:00.000,1.344167947769165,1.4969456195831299
2021-09-25T00:00:00.000,1.2923519611358643,1.499142050743103
2021-09-26T00:00:00.000,1.2801599502563477,1.4995938539505005
2021-09-27T00:00:00.000,1.3167359828948975,1.4905016422271729
2021-09-28T00:00:00.000,1.3563599586486816,1.4867721796035767
2021-09-29T00:00:00.000,1.4691359996795654,1.482633113861084
2021-09-30T00:00:00.000,1.4538960456848145,1.4830386638641357
2021-10-01T00:00:00.000,1.4721839427947998,1.4876986742019653
2021-10-02T00:00:00.000,1.5514320135116577,1.4933925867080688
2021-10-03T00:00:00.000,1.5605759620666504,1.49054753780365
2021-10-04T00:00:00.000,1.591055989265442,1.476421594619751
2021-10-05T00:00:00.000,1.575816035270691,1.4479185342788696
2021-10-06T00:00:00.000,1.5514320135116577,1.408544898033142
2021-10-07T00:00:00.000,1.5026639699935913,1.3621107339859009
2021-10-08T00:00:00.000,1.4295120239257812,1.3088117837905884
2021-10-09T00:00:00.000,1.4081759452819824,1.2600195407867432
2021-10-10T00:00:00.000,1.3685519695281982,1.2212475538253784
2021-10-11T00:00:00.000,1.4020800590515137,1.194807767868042
2021-10-12T00:00:00.000,1.3716000318527222,1.1863869428634644
2021-10-13T00:00:00.000,1.3380719423294067,1.194993019104004
2021-10-14T00:00:00.000,1.3776960372924805,1.2135518789291382
2021-10-15T00:00:00.000,1.2923519611358643,1.2361624240875244
2021-10-16T00:00:00.000,1.2466319799423218,1.256797194480896
2021-10-17T00:00:00.000,1.4142719507217407,1.265774130821228
2021-10-18T00:00:00.000,1.347216010093689,1.274231195449829
2021-10-19T00:00:00.000,1.36245596408844,1.2749547958374023
2021-10-20T00:00:00.000,1.4904719591140747,1.2692244052886963
2021-10-21T00:00:00.000,1.481328010559082,1.2613266706466675
2021-10-22T00:00:00.000,1.4325599670410156,1.2483519315719604
2021-10-23T00:00:00.000,1.4173200130462646,1.2288966178894043
2021-10-24T00:00:00.000,1.466088056564331,1.208791971206665
2021-10-25T00:00:00.000,1.4721839427947998,1.187821865081787
2021-10-26T00:00:00.000,1.4417040348052979,1.1623857021331787
2021-10-27T00:00:00.000,1.4478000402450562,1.1360880136489868
2021-10-28T00:00:00.000,1.4721839427947998,1.111006498336792
2021-10-29T00:00:00.000,1.2192000150680542,1.0926839113235474
2021-10-30T00:00:00.000,1.088135838508606,1.0749393701553345
2021-10-31T00:00:00.000,1.0942319631576538,1.060997486114502
2021-11-01T00:00:00.000,1.0302239656448364,1.0555872917175293
2021-11-02T00:00:00.000,1.0546081066131592,1.0605052709579468
2021-11-03T00:00:00.000,1.1734801530838013,1.075938105583191
2021-11-04T00:00:00.000,1.1856721639633179,1.1107159852981567
2021-11-05T00:00:00.000,1.4020800590515137,1.1627733707427979
2021-11-06T00:00:00.000,1.499616026878357,1.229727029800415
2021-11-07T00:00:00.000,1.4752320051193237,1.3086371421813965
2021-11-08T00:00:00.000,1.5697200298309326,1.39189875125885
2021-11-09T00:00:00.000,1.6794480085372925,1.4733957052230835
2021-11-10T00:00:00.000,1.7952719926834106,1.54550302028656
2021-11-11T00:00:00.000,1.996440052986145,1.6018637418746948
2021-11-12T00:00:00.000,2.054352045059204,1.6355911493301392
2021-11-13T00:00:00.000,1.996440052986145,1.6405935287475586
2021-11-14T00:00:00.000,1.8958560228347778,1.6129708290100098
2021-11-15T00:00:00.000,1.786128044128418,1.5557682514190674
2021-11-16T00:00:00.000,1.6763999462127686,1.4794565439224243
2021-11-17T00:00:00.000,1.615440011024475,1.3956691026687622
2021-11-18T00:00:00.000,1.572767972946167,1.3172130584716797
2021-11-19T00:00:00.000,1.6367759704589844,1.251584529876709
2021-11-20T00:00:00.000,1.5331439971923828,1.2040271759033203
2021-11-21T00:00:00.000,1.478279948234558,1.1702594757080078
2021-11-22T00:00:00.000,1.4142719507217407,1.1485674381256104
2021-11-23T00:00:00.000,1.5179040431976318,1.1355867385864258
2021-11-24T00:00:00.000,1.423416018486023,1.1312177181243896
2021-11-25T00:00:00.000,1.4447519779205322,1.1281789541244507
2021-11-26T00:00:00.000,1.4691359996795654,1.1260311603546143
2021-11-27T00:00:00.000,1.4142719507217407,1.1253564357757568
2021-11-28T00:00:00.000,1.3685519695281982,1.1266330480575562
2021-11-29T00:00:00.000,1.3075920343399048,1.1274998188018799
2021-11-30T00:00:00.000,1.2923519611358643,1.1298487186431885
2021-12-01T00:00:00.000,1.2313920259475708,1.1325037479400635
2021-12-02T00:00:00.000,1.2192000150680542,1.1310384273529053
2021-12-03T00:00:00.000,1.1917680501937866,1.1239354610443115
2021-12-04T00:00:00.000,1.2405359745025635,1.1088627576828003
2021-12-05T00:00:00.000,1.2801599502563477,1.0872849225997925
2021-12-06T00:00:00.000,1.3350239992141724,1.0606262683868408
2021-12-07T00:00:00.000,1.3655040264129639,1.0307210683822632
2021-12-08T00:00:00.000,1.3228319883346558,1.002880334854126
2021-12-09T00:00:00.000,1.3075920343399048,0.9797467589378357
2021-12-10T00:00:00.000,1.17957603931427,0.9623174071311951
2021-12-11T00:00:00.000,1.130807876586914,0.951721727848053
2021-12-12T00:00:00.000,1.0668001174926758,0.9520335793495178
2021-12-13T00:00:00.000,0.9784080386161804,0.9652453064918518
2021-12-14T00:00:00.000,0.9448800683021545,0.9935174584388733
2021-12-15T00:00:00.000,1.0180319547653198,1.0366979837417603
2021-12-16T00:00:00.000,1.17957603931427,1.0969077348709106
2021-12-17T00:00:00.000,1.2801599502563477,1.1702717542648315
2021-12-18T00:00:00.000,1.4264639616012573,1.2513843774795532
2021-12-19T00:00:00.000,1.5483839511871338,1.3441729545593262
2021-12-20T00:00:00.000,1.6002000570297241,1.4429718255996704
2021-12-21T00:00:00.000,1.6855440139770508,1.5425695180892944
2021-12-22T00:00:00.000,1.7495520114898682,1.6396019458770752
2021-12-23T00:00:00.000,1.7769839763641357,1.7253645658493042
2021-12-24T00:00:00.000,1.81660795211792,1.7827985286712646
2021-12-25T00:00:00.000,1.8836640119552612,1.8181976079940796
2021-12-26T00:00:00.000,1.8867119550704956,1.837170124053955
2021-12-27T00:00:00.000,1.8836640119552612,1.8394873142242432
2021-12-28T00:00:00.000,1.8836640119552612,1.8237648010253906
2021-12-29T00:00:00.000,1.917191982269287,1.7968562841415405
2021-12-30T00:00:00.000,1.8531839847564697,1.760148525238037
2021-12-31T00:00:00.000,1.7495520114898682,1.7142629623413086
2022-01-01T00:00:00.000,1.7525999546051025,1.6575182676315308
2022-01-02T00:00:00.000,1.767840027809143,1.6039841175079346
2022-01-03T00:00:00.000,1.6367759704589844,1.5867605209350586
2022-01-04T00:00:00.000,1.6824959516525269,1.6078170537948608
2022-01-05T00:00:00.000,1.7160240411758423,1.6771957874298096
2022-01-06T00:00:00.000,1.8074640035629272,1.8035786151885986
2022-01-07T00:00:00.000,1.9141439199447632,1.9756075143814087
2022-01-08T00:00:00.000,2.060447931289673,2.164389133453369
2022-01-09T00:00:00.000,2.2616159915924072,2.3693408966064453
2022-01-10T00:00:00.000,2.520695924758911,2.58454966545105
2022-01-11T00:00:00.000,2.8346400260925293,2.8068859577178955
2022-01-12T00:00:00.000,2.9809439182281494,3.019584894180298
2022-01-13T00:00:00.000,3.176016092300415,3.218500852584839
2022-01-14T00:00:00.000,3.3497519493103027,3.3995723724365234
2022-01-15T00:00:00.000,3.541775941848755,3.5500094890594482
2022-01-16T00:00:00.000,3.6454079151153564,3.660954475402832
2022-01-17T00:00:00.000,3.749039888381958,3.732577323913574
2022-01-18T00:00:00.000,3.870959997177124,3.766460418701172
2022-01-19T00:00:00.000,4.002024173736572,3.7710790634155273
2022-01-20T00:00:00.000,4.111752033233643,3.758877754211426
2022-01-21T00:00:00.000,4.261104106903076,3.745987892150879
2022-01-22T00:00:00.000,4.245863914489746,3.731610059738159
2022-01-23T00:00:00.000,4.194047927856445,3.7104485034942627
2022-01-24T00:00:00.000,4.178808212280273,3.674574851989746
2022-01-25T00:00:00.000,4.187952041625977,3.612741231918335
2022-01-26T00:00:00.000,4.105656147003174,3.515434980392456
2022-01-27T00:00:00.000,3.925823926925659,3.3792765140533447
2022-01-28T00:00:00.000,3.672840118408203,3.206975221633911
2022-01-29T00:00:00.000,3.45033597946167,3.0084214210510254
2022-01-30T00:00:00.000,3.291840076446533,2.8106069564819336
2022-01-31T00:00:00.000,3.145535945892334,2.619976282119751
2022-02-01T00:00:00.000,3.151632070541382,2.4442431926727295
2022-02-02T00:00:00.000,3.090672016143799,2.2850639820098877
2022-02-03T00:00:00.000,2.8742640018463135,2.1345200538635254
2022-02-04T00:00:00.000,2.7127199172973633,1.9759669303894043
2022-02-05T00:00:00.000,2.502408027648926,1.8152388334274292
2022-02-06T00:00:00.000,2.2707600593566895,1.6891722679138184
2022-02-07T00:00:00.000,2.1122639179229736,1.5989770889282227
2022-02-08T00:00:00.000,1.920240044593811,1.537719488143921
2022-02-09T00:00:00.000,1.8501360416412354,1.5072102546691895
2022-02-10T00:00:00.000,1.7434560060501099,1.5149884223937988
2022-02-11T00:00:00.000,1.7312639951705933,1.5595916509628296
2022-02-12T00:00:00.000,1.8257520198822021,1.6569819450378418
2022-02-13T00:00:00.000,1.996440052986145,1.8129042387008667
2022-02-14T00:00:00.000,2.1488399505615234,2.0138211250305176
2022-02-15T00:00:00.000,2.368295907974243,2.23193097114563
2022-02-16T00:00:00.000,2.6304240226745605,2.4507782459259033
2022-02-17T00:00:00.000,2.9199841022491455,2.6465015411376953
2022-02-18T00:00:00.000,2.9657039642333984,2.790135383605957
2022-02-19T00:00:00.000,3.0784800052642822,2.847724199295044
2022-02-20T00:00:00.000,3.017519950866699,2.8058319091796875
2022-02-21T00:00:00.000,3.017519950866699,2.725388526916504
2022-02-22T00:00:00.000,3.008375883102417,2.657407522201538
2022-02-23T00:00:00.000,2.9047439098358154,2.646646022796631
2022-02-24T00:00:00.000,2.871216058731079,2.7015161514282227
2022-02-25T00:00:00.000,2.947416067123413,2.8246614933013916
2022-02-26T00:00:00.000,3.1333439350128174,3.002310276031494
2022-02-27T00:00:00.000,3.3558480739593506,3.2154757976531982
2022-02-28T00:00:00.000,3.587496042251587,3.4404971599578857
2022-03-01T00:00:00.000,3.9044880867004395,3.658583402633667
2022-03-02T00:00:00.000,4.069079875946045,3.862705707550049
2022-03-03T00:00:00.000,4.2184319496154785,4.047507286071777
2022-03-04T00:00:00.000,4.349495887756348,4.2132954597473145
2022-03-05T00:00:00.000,4.443984031677246,4.363085746765137
2022-03-06T00:00:00.000,4.544568061828613,4.499112606048584
2022-03-07T00:00:00.000,4.575047969818115,4.624302864074707
2022-03-08T00:00:00.000,4.6146721839904785,4.739320278167725
2022-03-09T00:00:00.000,4.696968078613281,4.845757007598877
2022-03-10T00:00:00.000,4.751832008361816,4.940369129180908
2022-03-11T00:00:00.000,4.8371758460998535,5.016538143157959
2022-03-12T00:00:00.000,4.90118408203125,5.07080078125
2022-03-13T00:00:00.000,4.904232025146484,5.104645729064941
2022-03-14T00:00:00.000,4.962143898010254,5.113624572753906
2022-03-15T00:00:00.000,5.071872234344482,5.100085735321045
2022-03-16T00:00:00.000,5.108448028564453,5.068822860717773
2022-03-17T00:00:00.000,5.1114959716796875,5.023391246795654
2022-03-18T00:00:00.000,5.178552150726318,4.973146438598633
2022-03-19T00:00:00.000,5.178552150726318,4.927435874938965
2022-03-20T00:00:00.000,5.175504207611084,4.889545917510986
2022-03-21T00:00:00.000,5.169407844543457,4.861138343811035
2022-03-22T00:00:00.000,5.242559909820557,4.841386795043945
2022-03-23T00:00:00.000,5.199888229370117,4.836198806762695
2022-03-24T00:00:00.000,5.202936172485352,4.830902099609375
2022-03-25T00:00:00.000,5.212080001831055,4.825196743011475
2022-03-26T00:00:00.000,5.154168128967285,4.819736003875732
2022-03-27T00:00:00.000,5.145023822784424,4.816694259643555
2022-03-28T00:00:00.000,5.105400085449219,4.813920021057129
2022-03-29T00:00:00.000,5.105400085449219,4.8122944831848145
2022-03-30T00:00:00.000,5.117591857910156,4.808555603027344
2022-03-31T00:00:00.000,5.114543914794922,4.792036056518555
2022-04-01T00:00:00.000,5.059679985046387,4.7578229904174805
2022-04-02T00:00:00.000,4.9895758628845215,4.7156453132629395
2022-04-03T00:00:00.000,4.934711933135986,4.673396110534668
2022-04-04T00:00:00.000,4.864607810974121,4.6350483894348145
2022-04-05T00:00:00.000,4.849368095397949,4.611108779907227
2022-04-06T00:00:00.000,4.81279182434082,4.604109287261963
2022-04-07T00:00:00.000,4.782311916351318,4.60439920425415
2022-04-08T00:00:00.000,4.724400043487549,4.608814716339111
2022-04-09T00:00:00.000,4.626863956451416,4.6148200035095215
2022-04-10T00:00:00.000,4.559807777404785,4.620585918426514
2022-04-11T00:00:00.000,4.559807777404785,4.624266624450684
2022-04-12T00:00:00.000,4.5384721755981445,4.62451171875
2022-04-13T00:00:00.000,4.57809591293335,4.617290019989014
2022-04-14T00:00:00.000,4.5384721755981445,4.607641220092773
2022-04-15T00:00:00.000,4.456175804138184,4.605351448059082
2022-04-16T00:00:00.000,4.428743839263916,4.610068321228027
2022-04-17T00:00:00.000,4.3708319664001465,4.627758979797363
2022-04-18T00:00:00.000,4.3403520584106445,4.662600517272949
2022-04-19T00:00:00.000,4.373879909515381,4.713031768798828
2022-04-20T00:00:00.000,4.41045618057251,4.774367332458496
2022-04-21T00:00:00.000,4.437888145446777,4.841543674468994
2022-04-22T00:00:00.000,4.486656188964844,4.90999174118042
2022-04-23T00:00:00.000,4.541520118713379,4.9754414558410645
2022-04-24T00:00:00.000,4.620768070220947,5.033987045288086
2022-04-25T00:00:00.000,4.6847758293151855,5.0832366943359375
2022-04-26T00:00:00.000,4.736591815948486,5.115660667419434
2022-04-27T00:00:00.000,4.788407802581787,5.133754730224609
2022-04-28T00:00:00.000,4.788407802581787,5.139338970184326
2022-04-29T00:00:00.000,4.794504165649414,5.1335039138793945
2022-04-30T00:00:00.000,4.821936130523682,5.116195201873779
2022-05-01T00:00:00.000,4.782311916351318,5.09429407119751
2022-05-02T00:00:00.000,4.7609758377075195,5.064106464385986
2022-05-03T00:00:00.000,4.724400043487549,5.02811336517334
2022-05-04T00:00:00.000,4.660391807556152,4.979188442230225
2022-05-05T00:00:00.000,4.581143856048584,4.920921802520752
2022-05-06T00:00:00.000,4.547616004943848,4.835832595825195
2022-05-07T00:00:00.000,4.443984031677246,4.738708019256592
2022-05-08T00:00:00.000,4.398263931274414,4.6361470222473145
2022-05-09T00:00:00.000,4.367784023284912,4.559735298156738
2022-05-10T00:00:00.000,4.3708319664001465,4.503829479217529
2022-05-11T00:00:00.000,4.358640193939209,4.465071201324463
2022-05-12T00:00:00.000,4.361688137054443,4.439057350158691
2022-05-13T00:00:00.000,4.39521598815918,4.423687934875488
2022-05-14T00:00:00.000,4.43179178237915,4.425806045532227
2022-05-15T00:00:00.000,4.459224224090576,4.449776649475098
2022-05-16T00:00:00.000,4.489704132080078,4.494278430938721
2022-05-17T00:00:00.000,4.517136096954346,4.559084892272949
2022-05-18T00:00:00.000,4.483607769012451,4.636398792266846
2022-05-19T00:00:00.000,4.5232319831848145,4.719547271728516
2022-05-20T00:00:00.000,4.559807777404785,4.797851085662842
2022-05-21T00:00:00.000,4.608575820922852,4.863937854766846
2022-05-22T00:00:00.000,4.642104148864746,4.907853126525879
2022-05-23T00:00:00.000,4.742688179016113,4.928440093994141
2022-05-24T00:00:00.000,4.71830415725708,4.922159194946289
2022-05-25T00:00:00.000,4.727447986602783,4.897272109985352
2022-05-26T00:00:00.000,4.730495929718018,4.85733699798584
2022-05-27T00:00:00.000,4.617720127105713,4.811054706573486
2022-05-28T00:00:00.000,4.526279926300049,4.757439136505127
2022-05-29T00:00:00.000,4.43179178237915,4.706072807312012
2022-05-30T00:00:00.000,4.331208229064941,4.653502941131592
2022-05-31T00:00:00.000,4.291584014892578,4.605503559112549
2022-06-01T00:00:00.000,4.227575778961182,4.579208850860596
2022-06-02T00:00:00.000,4.175759792327881,4.576532363891602
2022-06-03T00:00:00.000,4.1422319412231445,4.58559513092041
2022-06-04T00:00:00.000,4.111752033233643,4.601128578186035
2022-06-05T00:00:00.000,4.069079875946045,4.6217193603515625
2022-06-06T00:00:00.000,4.038599967956543,4.638583183288574
2022-06-07T00:00:00.000,4.011168003082275,4.651598930358887
2022-06-08T00:00:00.000,3.986783981323242,4.65902042388916
2022-06-09T00:00:00.000,3.9898319244384766,4.661009311676025
2022-06-10T00:00:00.000,3.998975992202759,4.6500115394592285
2022-06-11T00:00:00.000,4.002024173736572,4.624170780181885
2022-06-12T00:00:00.000,3.986783981323242,4.587033748626709
2022-06-13T00:00:00.000,3.9532558917999268,4.543525218963623
2022-06-14T00:00:00.000,3.8983919620513916,4.497644901275635
2022-06-15T00:00:00.000,3.8892478942871094,4.453379154205322
2022-06-16T00:00:00.000,3.8801040649414062,4.411518573760986
2022-06-17T00:00:00.000,3.8526721000671387,4.370500087738037
2022-06-18T00:00:00.000,3.8282880783081055,4.331481456756592
2022-06-19T00:00:00.000,3.816096067428589,4.286252021789551
2022-06-20T00:00:00.000,3.7825679779052734,4.235652923583984
2022-06-21T00:00:00.000,3.7124640941619873,4.176050662994385
2022-06-22T00:00:00.000,3.6088318824768066,4.099180221557617
2022-06-23T00:00:00.000,3.4625279903411865,3.9976301193237305
2022-06-24T00:00:00.000,3.30403208732605,3.871037006378174
2022-06-25T00:00:00.000,3.0876240730285645,3.7125446796417236
2022-06-26T00:00:00.000,2.9260799884796143,3.526819944381714
2022-06-27T00:00:00.000,2.7157680988311768,3.3150758743286133
2022-06-28T00:00:00.000,2.5389840602874756,3.089658260345459
2022-06-29T00:00:00.000,2.3865840435028076,2.8513901233673096
2022-06-30T00:00:00.000,2.215895891189575,2.613497257232666
2022-07-01T00:00:00.000,2.1092159748077393,2.381927013397217
2022-07-02T00:00:00.000,1.9598639011383057,2.1643033027648926
2022-07-03T00:00:00.000,1.8714720010757446,1.9746581315994263
2022-07-04T00:00:00.000,1.7556480169296265,1.8186324834823608
2022-07-05T00:00:00.000,1.6642080545425415,1.696229338645935
2022-07-06T00:00:00.000,1.5849599838256836,1.5996339321136475
2022-07-07T00:00:00.000,1.499616026878357,1.5287086963653564
2022-07-08T00:00:00.000,1.5087599754333496,1.4733015298843384
2022-07-09T00:00:00.000,1.4508479833602905,1.4270434379577637
2022-07-10T00:00:00.000,1.4081759452819824,1.3824961185455322
2022-07-11T00:00:00.000,1.3655040264129639,1.3400131464004517
2022-07-12T00:00:00.000,1.3350239992141724,1.2967454195022583
2022-07-13T00:00:00.000,1.2496800422668457,1.2608416080474854
2022-07-14T00:00:00.000,1.088135838508606,1.2348915338516235
2022-07-15T00:00:00.000,1.0271759033203125,1.2232476472854614
2022-07-16T00:00:00.000,0.9966960549354553,1.2305830717086792
2022-07-17T00:00:00.000,1.0820399522781372,1.2552567720413208
2022-07-18T00:00:00.000,1.1551920175552368,1.2902671098709106
2022-07-19T00:00:00.000,1.210055947303772,1.327911376953125
2022-07-20T00:00:00.000,1.2618720531463623,1.3588980436325073
2022-07-21T00:00:00.000,1.3045439720153809,1.3721013069152832
2022-07-22T00:00:00.000,1.3045439720153809,1.3632140159606934
2022-07-23T00:00:00.000,1.3106399774551392,1.33535635471344
2022-07-24T00:00:00.000,1.3075920343399048,1.298142671585083
2022-07-25T00:00:00.000,1.3228319883346558,1.261968731880188
2022-07-26T00:00:00.000,1.3045439720153809,1.2320423126220703
2022-07-27T00:00:00.000,1.271016001701355,1.2753909826278687
2022-07-28T00:00:00.000,1.25272798538208,1.3426947593688965
2022-07-29T00:00:00.000,1.2161519527435303,1.4204702377319336
2022-07-30T00:00:00.000,1.1643359661102295,1.4761937856674194
2022-07-31T00:00:00.000,1.2009119987487793,1.5107454061508179
2022-08-01T00:00:00.000,1.1826238632202148,1.477136254310608
2022-08-02T00:00:00.000,1.2039599418640137,1.4485142230987549
2022-08-03T00:00:00.000,1.25272798538208,1.4399969577789307
2022-08-04T00:00:00.000,1.3746479749679565,1.47872793674469
2022-08-05T00:00:00.000,1.4935200214385986,1.5710053443908691
2022-08-06T00:00:00.000,1.6002000570297241,1.6972767114639282
2022-08-07T00:00:00.000,1.6794480085372925,1.8360854387283325
2022-08-08T00:00:00.000,1.6977360248565674,1.9598275423049927
2022-08-09T00:00:00.000,1.7343120574951172,2.0332114696502686
2022-08-10T00:00:00.000,1.7343120574951172,2.0336720943450928
2022-08-11T00:00:00.000,1.6977360248565674,2.0140140056610107
2022-08-12T00:00:00.000,1.6581120491027832,1.9977216720581055
2022-08-13T00:00:00.000,1.6062959432601929,1.9825376272201538
2022-08-14T00:00:00.000,1.5819120407104492,1.9689693450927734
2022-08-15T00:00:00.000,1.5666719675064087,1.9521290063858032
2022-08-16T00:00:00.000,1.514855980873108,1.9285860061645508
2022-08-17T00:00:00.000,1.5087599754333496,1.9089608192443848
2022-08-18T00:00:00.000,1.4538960456848145,1.887915849685669
2022-08-19T00:00:00.000,1.5057120323181152,1.8678306341171265
2022-08-20T00:00:00.000,1.557528018951416,1.841265320777893
2022-08-21T00:00:00.000,1.5514320135116577,1.802066445350647
2022-08-22T00:00:00.000,1.5057120323181152,1.7667063474655151
2022-08-23T00:00:00.000,1.4630399942398071,1.7199641466140747
2022-08-24T00:00:00.000,1.5422879457473755,1.6618212461471558
2022-08-25T00:00:00.000,1.6123919486999512,1.623761534690857
2022-08-26T00:00:00.000,1.6733520030975342,1.6022231578826904
2022-08-27T00:00:00.000,1.6672559976577759,1.5682390928268433
2022-08-28T00:00:00.000,1.652016043663025,1.5409770011901855
2022-08-29T00:00:00.000,1.5880080461502075,1.518423080444336
2022-08-30T00:00:00.000,1.5636240243911743,1.4716589450836182
2022-08-31T00:00:00.000,1.5636240243911743,1.420929193496704
2022-09-01T00:00:00.000,1.5605759620666504,1.3817384243011475
2022-09-02T00:00:00.000,1.5666719675064087,1.3563402891159058
2022-09-03T00:00:00.000,1.5331439971923828,1.3406413793563843
2022-09-04T00:00:00.000,1.4935200214385986,1.3404539823532104
2022-09-05T00:00:00.000,1.4538960456848145,1.3395498991012573
2022-09-06T00:00:00.000,1.3776960372924805,1.3210792541503906
2022-09-07T00:00:00.000,1.25272798538208,1.2862247228622437
2022-09-08T00:00:00.000,1.17957603931427,1.2433345317840576
2022-09-09T00:00:00.000,1.1612880229949951,1.1981087923049927
2022-09-10T00:00:00.000,1.1582399606704712,1.1574203968048096
2022-09-11T00:00:00.000,1.133856177330017,1.1275560855865479
2022-09-12T00:00:00.000,1.1399518251419067,1.1032882928848267
2022-09-13T00:00:00.000,1.2435840368270874,1.0840411186218262
2022-09-14T00:00:00.000,1.2832080125808716,1.0702053308486938
2022-09-15T00:00:00.000,1.331976056098938,1.0611952543258667
2022-09-16T00:00:00.000,1.3563599586486816,1.0553112030029297
2022-09-17T00:00:00.000,1.4325599670410156,1.0518059730529785
2022-09-18T00:00:00.000,1.328927993774414,1.0462117195129395
2022-09-19T00:00:00.000,1.2679680585861206,1.0338773727416992
2022-09-20T00:00:00.000,1.210055947303772,1.0144466161727905
2022-09-21T00:00:00.000,1.1460479497909546,0.9917833209037781
2022-09-22T00:00:00.000,1.0820399522781372,0.9713234305381775
2022-09-23T00:00:00.000,0.9997441172599792,0.9546228051185608
2022-09-24T00:00:00.000,0.9753599762916565,0.94267338514328
2022-09-25T00:00:00.000,1.0027921199798584,0.9349904656410217
2022-09-26T00:00:00.000,1.0088880062103271,0.9292026162147522
2022-09-27T00:00:00.000,1.1704320907592773,0.9217628836631775
2022-09-28T00:00:00.000,1.3746479749679565,0.9141257405281067
2022-09-29T00:00:00.000,1.271016001701355,0.9075590968132019
2022-09-30T00:00:00.000,0.9845040440559387,0.8990941643714905
2022-10-01T00:00:00.000,0.9875519871711731,0.8877794146537781
2022-10-02T00:00:00.000,0.9936479926109314,0.8772739768028259
2022-10-03T00:00:00.000,1.0088880062103271,0.8634675145149231
2022-10-04T00:00:00.000,0.9570720791816711,0.8462808728218079
2022-10-05T00:00:00.000,0.9753599762916565,0.8284557461738586
2022-10-06T00:00:00.000,0.8930640816688538,0.8116405606269836
2022-10-07T00:00:00.000,0.8381999135017395,0.793239414691925
2022-10-08T00:00:00.000,0.78028804063797,0.7767565846443176
2022-10-09T00:00:00.000,0.8717280030250549,0.7636998295783997
2022-10-10T00:00:00.000,0.8717280030250549,0.7567172646522522
2022-10-11T00:00:00.000,0.960119903087616,0.7554495930671692
2022-10-12T00:00:00.000,0.9540240168571472,0.7608602643013
2022-10-13T00:00:00.000,1.0058399438858032,0.770818293094635
2022-10-14T00:00:00.000,1.0942319631576538,0.7827685475349426
2022-10-15T00:00:00.000,1.042415976524353,0.7929828763008118
2022-10-16T00:00:00.000,1.0088880062103271,0.7988618016242981
2022-10-17T00:00:00.000,1.045464038848877,0.7991066575050354
2022-10-18T00:00:00.000,1.10642409324646,0.795962393283844
2022-10-19T00:00:00.000,0.9997441172599792,0.7907467484474182
2022-10-20T00:00:00.000,0.7559040188789368,0.7833576798439026
2022-10-21T00:00:00.000,0.7284720540046692,0.7752311825752258
2022-10-22T00:00:00.000,0.6797040104866028,0.7687318921089172
2022-10-23T00:00:00.000,0.7071359753608704,0.7634289860725403
2022-10-24T00:00:00.000,0.7741919159889221,0.7597737908363342
2022-10-25T00:00:00.000,0.8991602063179016,0.7584009766578674
2022-10-26T00:00:00.000,0.8503919243812561,0.7643690705299377
2022-10-27T00:00:00.000,0.963168203830719,0.7705696225166321
2022-10-28T00:00:00.000,0.9418320059776306,0.7785187363624573
2022-10-29T00:00:00.000,1.1094720363616943,0.7864745259284973
2022-10-30T00:00:00.000,1.0515600442886353,0.7961614727973938
2022-10-31T00:00:00.000,1.1125199794769287,0.8029325604438782
2022-11-01T00:00:00.000,1.0637520551681519,0.8101335167884827
2022-11-02T00:00:00.000,0.9448800683021545,0.8150773644447327
2022-11-03T00:00:00.000,0.8839201331138611,0.818465530872345
2022-11-04T00:00:00.000,0.856488049030304,0.8193977475166321
2022-11-05T00:00:00.000,0.9235439896583557,0.8196642994880676
2022-11-06T00:00:00.000,0.8839201331138611,0.8275623917579651
2022-11-07T00:00:00.000,0.7894321084022522,0.8367205262184143
2022-11-08T00:00:00.000,0.7863839268684387,0.8458889126777649
2022-11-09T00:00:00.000,0.8778240084648132,0.8558104634284973
2022-11-10T00:00:00.000,1.060703992843628,0.8645575642585754
2022-11-11T00:00:00.000,0.9357361197471619,0.8652229905128479
2022-11-12T00:00:00.000,0.9418320059776306,0.8542550206184387
2022-11-13T00:00:00.000,1.011936068534851,0.8399820923805237
2022-11-14T00:00:00.000,1.0485119819641113,0.8288851380348206
2022-11-15T00:00:00.000,1.2039599418640137,0.8215959668159485
2022-11-16T00:00:00.000,0.9662160277366638,0.8171902298927307
2022-11-17T00:00:00.000,0.914400041103363,0.8185980916023254
2022-11-18T00:00:00.000,0.8077200055122375,0.820538341999054
2022-11-19T00:00:00.000,0.8107679486274719,0.8189345002174377
2022-11-20T00:00:00.000,0.8747759461402893,0.8185766339302063
2022-11-21T00:00:00.000,0.841248095035553,0.8239381909370422
2022-11-22T00:00:00.000,0.7894321084022522,0.8402073979377747
2022-11-23T00:00:00.000,0.9022080302238464,0.8668399453163147
2022-11-24T00:00:00.000,0.9814559817314148,0.9022946953773499
2022-11-25T00:00:00.000,1.1582399606704712,0.9389356970787048
2022-11-26T00:00:00.000,1.2039599418640137,0.9688947796821594
2022-11-27T00:00:00.000,1.255776047706604,0.9860582947731018
2022-11-28T00:00:00.000,1.2466319799423218,0.9955559372901917
2022-11-29T00:00:00.000,1.271016001701355,0.9932611584663391
2022-11-30T00:00:00.000,1.2618720531463623,0.9849938750267029
2022-12-01T00:00:00.000,1.3929359912872314,0.9726100564002991
2022-12-02T00:00:00.000,1.1277600526809692,0.9634900689125061
2022-12-03T00:00:00.000,1.0637520551681519,0.9492780566215515
2022-12-04T00:00:00.000,0.9540240168571472,0.9379199147224426
2022-12-05T00:00:00.000,0.963168203830719,0.9281157851219177
2022-12-06T00:00:00.000,0.9784080386161804,0.9206380248069763
2022-12-07T00:00:00.000,0.9387840628623962,0.9138651490211487
2022-12-08T00:00:00.000,0.929639995098114,0.9145031571388245
2022-12-09T00:00:00.000,0.9875519871711731,0.9253415465354919
2022-12-10T00:00:00.000,1.011936068534851,0.9479945302009583
2022-12-11T00:00:00.000,1.136904001235962,0.9779524207115173
2022-12-12T00:00:00.000,1.2344399690628052,1.0183687210083008
2022-12-13T00:00:00.000,1.3807439804077148,1.0635581016540527
2022-12-14T00:00:00.000,1.5361920595169067,1.1148505210876465
2022-12-15T00:00:00.000,1.6581120491027832,1.209472894668579
2022-12-16T00:00:00.000,1.8135600090026855,1.340516448020935
2022-12-17T00:00:00.000,1.801367998123169,1.4944971799850464
2022-12-18T00:00:00.000,1.8531839847564697,1.669378399848938
2022-12-19T00:00:00.000,1.920240044593811,1.8464117050170898
2022-12-20T00:00:00.000,2.2494239807128906,1.9717718362808228
2022-12-21T00:00:00.000,2.237231969833374,2.0843660831451416
2022-12-22T00:00:00.000,2.2098000049591064,2.1694931983947754
2022-12-23T00:00:00.000,2.221992015838623,2.232203483581543
2022-12-24T00:00:00.000,2.1488399505615234,2.2856359481811523
2022-12-25T00:00:00.000,2.1488399505615234,2.32743501663208
2022-12-26T00:00:00.000,2.121407985687256,2.3387529850006104
2022-12-27T00:00:00.000,2.1275041103363037,2.3182883262634277
2022-12-28T00:00:00.000,2.054352045059204,2.2711775302886963
2022-12-29T00:00:00.000,1.9598639011383057,2.1975224018096924
2022-12-30T00:00:00.000,1.8501360416412354,2.095961332321167
2022-12-31T00:00:00.000,1.8287999629974365,1.9821641445159912
2023-01-01T00:00:00.000,1.6581120491027832,1.8632597923278809
2023-01-02T00:00:00.000,1.6672559976577759,1.7408812046051025
2023-01-03T00:00:00.000,1.7038320302963257,1.633509635925293
2023-01-04T00:00:00.000,1.7312639951705933,1.5569093227386475
2023-01-05T00:00:00.000,1.6703039407730103,1.5108336210250854
2023-01-06T00:00:00.000,1.6367759704589844,1.5047837495803833
2023-01-07T00:00:00.000,1.7525999546051025,1.546378493309021
2023-01-08T00:00:00.000,1.8409919738769531,1.633922815322876
2023-01-09T00:00:00.000,1.9110959768295288,1.7543084621429443
2023-01-10T00:00:00.000,1.9781520366668701,1.901406168937683
2023-01-11T00:00:00.000,2.0878798961639404,2.070479154586792
2023-01-12T00:00:00.000,2.267712116241455,2.2563834190368652
2023-01-13T00:00:00.000,2.444495916366577,2.4299628734588623
2023-01-14T00:00:00.000,2.6060400009155273,2.577569007873535
2023-01-15T00:00:00.000,2.7614879608154297,2.6997315883636475
2023-01-16T00:00:00.000,2.9352240562438965,2.7943389415740967
2023-01-17T00:00:00.000,3.008375883102417,2.8528807163238525
2023-01-18T00:00:00.000,2.9870400428771973,2.8632287979125977
2023-01-19T00:00:00.000,2.8651199340820312,2.8214666843414307
2023-01-20T00:00:00.000,2.709671974182129,2.7329604625701904
2023-01-21T00:00:00.000,2.633471965789795,2.6159427165985107
2023-01-22T00:00:00.000,2.6151840686798096,2.4967246055603027
2023-01-23T00:00:00.000,2.5085039138793945,2.409546375274658
2023-01-24T00:00:00.000,2.4536399841308594,2.3550631999969482
2023-01-25T00:00:00.000,2.5328879356384277,2.329709768295288
2023-01-26T00:00:00.000,2.5450799465179443,2.3649580478668213
2023-01-27T00:00:00.000,2.5603199005126953,2.4411303997039795
2023-01-28T00:00:00.000,2.657855987548828,2.5435335636138916
2023-01-29T00:00:00.000,2.8224480152130127,2.6670379638671875
2023-01-30T00:00:00.000,3.014472007751465,2.8013224601745605
2023-01-31T00:00:00.000,3.1394400596618652,2.930551528930664
2023-02-01T00:00:00.000,3.23088002204895,3.0545828342437744
2023-02-02T00:00:00.000,3.358896017074585,3.1697022914886475
2023-02-03T00:00:00.000,3.5021519660949707,3.281226634979248
2023-02-04T00:00:00.000,3.6393120288848877,3.381643533706665
2023-02-05T00:00:00.000,3.6667439937591553,3.4637420177459717
2023-02-06T00:00:00.000,3.7216079235076904,3.5282175540924072
2023-02-07T00:00:00.000,3.770375967025757,3.577115297317505
2023-02-08T00:00:00.000,3.7764720916748047,3.607811450958252
2023-02-09T00:00:00.000,3.7886641025543213,3.6203396320343018
2023-02-10T00:00:00.000,3.755136013031006,3.631016969680786
2023-02-11T00:00:00.000,3.718559980392456,3.629309892654419
2023-02-12T00:00:00.000,3.5600640773773193,3.62855863571167
2023-02-13T00:00:00.000,3.5692079067230225,3.6389503479003906
2023-02-14T00:00:00.000,3.6057839393615723,3.683396577835083
2023-02-15T00:00:00.000,3.724656105041504,3.749555826187134
2023-02-16T00:00:00.000,3.785615921020508,3.8232877254486084
2023-02-17T00:00:00.000,3.834383964538574,3.8879716396331787
2023-02-18T00:00:00.000,3.886199951171875,3.9425837993621826
2023-02-19T00:00:00.000,3.7612318992614746,3.9866855144500732
2023-02-20T00:00:00.000,3.709415912628174,4.023168563842773
2023-02-21T00:00:00.000,3.6606481075286865,4.064740180969238
2023-02-22T00:00:00.000,3.6088318824768066,4.110827445983887
2023-02-23T00:00:00.000,3.5935919284820557,4.146458625793457
2023-02-24T00:00:00.000,3.541775941848755,4.176366329193115
2023-02-25T00:00:00.000,3.5387279987335205,4.211363792419434
2023-02-26T00:00:00.000,3.5753040313720703,4.2523698806762695
2023-02-27T00:00:00.000,3.663696050643921,4.303452014923096
2023-02-28T00:00:00.000,3.8039040565490723,4.363167762756348
2023-03-01T00:00:00.000,3.9044880867004395,4.428800582885742
2023-03-02T00:00:00.000,3.971544027328491,4.491433620452881
2023-03-03T00:00:00.000,4.145279884338379,4.546694278717041
2023-03-04T00:00:00.000,4.12394380569458,4.575067043304443
2023-03-05T00:00:00.000,4.15442419052124,4.587768077850342
2023-03-06T00:00:00.000,4.194047927856445,4.597352504730225
2023-03-07T00:00:00.000,4.21233606338501,4.609735012054443
2023-03-08T00:00:00.000,4.245863914489746,4.622680187225342
2023-03-09T00:00:00.000,4.306824207305908,4.658349990844727
2023-03-10T00:00:00.000,4.37997579574585,4.709149360656738
2023-03-11T00:00:00.000,4.428743839263916,4.774631023406982
2023-03-12T00:00:00.000,4.498847961425781,4.853115558624268
2023-03-13T00:00:00.000,4.581143856048584,4.942328929901123
2023-03-14T00:00:00.000,4.700016021728516,5.040541172027588
2023-03-15T00:00:00.000,4.7609758377075195,5.146666049957275
2023-03-16T00:00:00.000,4.815839767456055,5.255118370056152
2023-03-17T00:00:00.000,4.937759876251221,5.359192848205566
2023-03-18T00:00:00.000,5.1419758796691895,5.448538780212402
2023-03-19T00:00:00.000,5.196839809417725,5.514925003051758
2023-03-20T00:00:00.000,5.190743923187256,5.553659439086914
2023-03-21T00:00:00.000,5.160264015197754,5.56398344039917
2023-03-22T00:00:00.000,5.123688220977783,5.546907424926758
2023-03-23T00:00:00.000,5.041391849517822,5.503931045532227
2023-03-24T00:00:00.000,4.9438557624816895,5.437641143798828
2023-03-25T00:00:00.000,4.81279182434082,5.337580680847168
2023-03-26T00:00:00.000,4.660391807556152,5.198767185211182
2023-03-27T00:00:00.000,4.4927520751953125,5.035667419433594
2023-03-28T00:00:00.000,4.334256172180176,4.870304584503174
2023-03-29T00:00:00.000,4.267199993133545,4.726870536804199
2023-03-30T00:00:00.000,4.282440185546875,4.643021583557129
2023-03-31T00:00:00.000,4.309872150421143,4.613490104675293
2023-04-01T00:00:00.000,4.343400001525879,4.6200642585754395
2023-04-02T00:00:00.000,4.373879909515381,4.651667594909668
2023-04-03T00:00:00.000,4.456175804138184,4.706745624542236
2023-04-04T00:00:00.000,4.5384721755981445,4.783066749572754
2023-04-05T00:00:00.000,4.636007785797119,4.871677875518799
2023-04-06T00:00:00.000,4.654295921325684,4.969078540802002
2023-04-07T00:00:00.000,4.712207794189453,5.078757286071777
2023-04-08T00:00:00.000,4.821936130523682,5.196108818054199
2023-04-09T00:00:00.000,4.907279968261719,5.311086177825928
2023-04-10T00:00:00.000,4.934711933135986,5.4208221435546875
2023-04-11T00:00:00.000,5.032248020172119,5.526429653167725
2023-04-12T00:00:00.000,5.041391849517822,5.626201629638672
2023-04-13T00:00:00.000,5.190743923187256,5.722592353820801
2023-04-14T00:00:00.000,5.050536155700684,5.8135085105896
2023-04-15T00:00:00.000,5.0352959632873535,5.89010763168335
2023-04-16T00:00:00.000,5.044439792633057,5.945321083068848
2023-04-17T00:00:00.000,4.937759876251221,5.976099014282227
2023-04-18T00:00:00.000,4.864607810974121,5.978679180145264
2023-04-19T00:00:00.000,4.764023780822754,5.954482078552246
2023-04-20T00:00:00.000,4.642104148864746,5.909721851348877
2023-04-21T00:00:00.000,4.495800018310547,5.849709510803223
2023-04-22T00:00:00.000,4.3403520584106445,5.776584625244141
2023-04-23T00:00:00.000,4.2184319496154785,5.691956996917725
2023-04-24T00:00:00.000,4.105656147003174,5.59839391708374
2023-04-25T00:00:00.000,3.9745919704437256,5.497335910797119
2023-04-26T00:00:00.000,3.809999942779541,5.391241550445557
2023-04-27T00:00:00.000,3.6850318908691406,5.281701564788818
2023-04-28T00:00:00.000,3.535680055618286,5.16965389251709
2023-04-29T00:00:00.000,3.4168078899383545,5.056378364562988
2023-04-30T00:00:00.000,3.30403208732605,4.943663120269775
2023-05-01T00:00:00.000,3.185159921646118,4.8343939781188965
2023-05-02T00:00:00.000,3.0632400512695312,4.730677127838135
2023-05-03T00:00:00.000,2.9900879859924316,4.6314592361450195
2023-05-04T00:00:00.000,2.938271999359131,4.532954216003418
2023-05-05T00:00:00.000,2.831592082977295,4.426326751708984
2023-05-06T00:00:00.000,2.7523438930511475,4.308558940887451
2023-05-07T00:00:00.000,2.7157680988311768,4.178318023681641
2023-05-08T00:00:00.000,2.6670000553131104,4.038694858551025
2023-05-09T00:00:00.000,2.6212799549102783,3.897637367248535
2023-05-10T00:00:00.000,2.612135887145996,3.760305404663086
2023-05-11T00:00:00.000,2.648711919784546,3.634443521499634
2023-05-12T00:00:00.000,2.718816041946411,3.57167649269104
2023-05-13T00:00:00.000,2.8224480152130127,3.537301540374756
2023-05-14T00:00:00.000,2.8986480236053467,3.5063159465789795
2023-05-15T00:00:00.000,2.999232053756714,3.4885613918304443
2023-05-16T00:00:00.000,3.115056037902832,3.4724316596984863
2023-05-17T00:00:00.000,3.221735954284668,3.4424808025360107
2023-05-18T00:00:00.000,3.2887918949127197,3.4112560749053955
2023-05-19T00:00:00.000,3.30403208732605,3.382840871810913
2023-05-20T00:00:00.000,3.319272041320801,3.362624168395996
2023-05-21T00:00:00.000,3.3101279735565186,3.3525607585906982
2023-05-22T00:00:00.000,3.313175916671753,3.3552839756011963
2023-05-23T00:00:00.000,3.337559938430786,3.3690083026885986
2023-05-24T00:00:00.000,3.3345119953155518,3.393221378326416
2023-05-25T00:00:00.000,3.398519992828369,3.418862819671631
2023-05-26T00:00:00.000,3.380232095718384,3.451016902923584
2023-05-27T00:00:00.000,3.30403208732605,3.476203680038452
2023-05-28T00:00:00.000,3.252216100692749,3.5010037422180176
2023-05-29T00:00:00.000,3.108959913253784,3.5194222927093506
2023-05-30T00:00:00.000,2.9961841106414795,3.5245602130889893
2023-05-31T00:00:00.000,2.862071990966797,3.513766288757324
2023-06-01T00:00:00.000,2.7218639850616455,3.4889092445373535
2023-06-02T00:00:00.000,2.602992057800293,3.445537567138672
2023-06-03T00:00:00.000,2.389631986618042,3.3801605701446533
2023-06-04T00:00:00.000,2.151887893676758,3.2851903438568115
2023-06-05T00:00:00.000,1.9720560312271118,3.1642911434173584
2023-06-06T00:00:00.000,1.8074640035629272,3.0466885566711426
2023-06-07T00:00:00.000,1.70687997341156,2.940272569656372
2023-06-08T00:00:00.000,1.652016043663025,2.850825786590576
2023-06-09T00:00:00.000,1.5849599838256836,2.7803802490234375
2023-06-10T00:00:00.000,1.5300960540771484,2.717536687850952
2023-06-11T00:00:00.000,1.4904719591140747,2.637221097946167
2023-06-12T00:00:00.000,1.4417040348052979,2.537454128265381
2023-06-13T00:00:00.000,1.4173200130462646,2.428499460220337
2023-06-14T00:00:00.000,1.3837920427322388,2.3178672790527344
2023-06-15T00:00:00.000,1.347216010093689,2.2056357860565186
2023-06-16T00:00:00.000,1.2832080125808716,2.0946078300476074
2023-06-17T00:00:00.000,1.2009119987487793,1.9839811325073242
2023-06-18T00:00:00.000,1.1277600526809692,1.8742238283157349
2023-06-19T00:00:00.000,1.1399518251419067,1.770176887512207
2023-06-20T00:00:00.000,1.100327968597412,1.6772643327713013
2023-06-21T00:00:00.000,1.060703992843628,1.5986599922180176
2023-06-22T00:00:00.000,1.0210800170898438,1.534080982208252
2023-06-23T00:00:00.000,0.9966960549354553,1.4864763021469116
2023-06-24T00:00:00.000,0.9418320059776306,1.450950264930725
2023-06-25T00:00:00.000,0.9662160277366638,1.423143744468689
2023-06-26T00:00:00.000,0.9845040440559387,1.4004521369934082
2023-06-27T00:00:00.000,0.9875519871711731,1.3814595937728882
2023-06-28T00:00:00.000,1.0027921199798584,1.3606470823287964
2023-06-29T00:00:00.000,1.0058399438858032,1.3395299911499023
2023-06-30T00:00:00.000,1.0363198518753052,1.3224774599075317
2023-07-01T00:00:00.000,0.9784080386161804,1.3092725276947021
2023-07-02T00:00:00.000,0.929639995098114,1.3002222776412964
2023-07-03T00:00:00.000,0.886968195438385,1.2938152551651
2023-07-04T00:00:00.000,0.8107679486274719,1.2893840074539185
2023-07-05T00:00:00.000,0.7406640648841858,1.2867670059204102
2023-07-06T00:00:00.000,0.7620001435279846,1.2871967554092407
2023-07-07T00:00:00.000,0.7741919159889221,1.2906227111816406
2023-07-08T00:00:00.000,0.856488049030304,1.2983571290969849
2023-07-09T00:00:00.000,0.914400041103363,1.3141429424285889
2023-07-10T00:00:00.000,1.011936068534851,1.338865041732788
2023-07-11T00:00:00.000,1.060703992843628,1.3729068040847778
2023-07-12T00:00:00.000,1.1277600526809692,1.4180762767791748
2023-07-13T00:00:00.000,1.1826238632202148,1.4756128787994385
2023-07-14T00:00:00.000,1.1734801530838013,1.538519024848938
2023-07-15T00:00:00.000,1.1673840284347534,1.6063772439956665
2023-07-16T00:00:00.000,1.1247119903564453,1.669324278831482
2023-07-17T00:00:00.000,1.1460479497909546,1.7216554880142212
2023-07-18T00:00:00.000,1.130807876586914,1.7537380456924438
2023-07-19T00:00:00.000,1.1125199794769287,1.752416968345642
2023-07-20T00:00:00.000,1.0942319631576538,1.7067245244979858
2023-07-21T00:00:00.000,1.1125199794769287,1.6407318115234375
2023-07-22T00:00:00.000,1.088135838508606,1.5711493492126465
2023-07-23T00:00:00.000,1.10642409324646,1.5096675157546997
2023-07-24T00:00:00.000,1.103376030921936,1.4651588201522827
2023-07-25T00:00:00.000,1.0942319631576538,1.439723014831543
2023-07-26T00:00:00.000,1.133856177330017,1.4307610988616943
2023-07-27T00:00:00.000,1.237488031387329,1.436774730682373
2023-07-28T00:00:00.000,1.2588239908218384,1.4502851963043213
2023-07-29T00:00:00.000,1.2893040180206299,1.4588038921356201
2023-07-30T00:00:00.000,1.2344399690628052,1.457011103630066
2023-07-31T00:00:00.000,1.2161519527435303,1.4367507696151733
2023-08-01T00:00:00.000,1.0850880146026611,1.3991506099700928
2023-08-02T00:00:00.000,1.0058399438858032,1.3544381856918335
2023-08-03T00:00:00.000,0.9448800683021545,1.307644248008728
2023-08-04T00:00:00.000,0.8839201331138611,1.2621971368789673
2023-08-05T00:00:00.000,0.914400041103363,1.2230943441390991
2023-08-06T00:00:00.000,0.9083039164543152,1.1933499574661255
2023-08-07T00:00:00.000,0.9448800683021545,1.165953278541565
2023-08-08T00:00:00.000,0.990600049495697,1.1473549604415894
2023-08-09T00:00:00.000,1.0088880062103271,1.1404569149017334
2023-08-10T00:00:00.000,0.9997441172599792,1.1439664363861084
2023-08-11T00:00:00.000,0.9966960549354553,1.1595518589019775
2023-08-12T00:00:00.000,0.9936479926109314,1.1909754276275635
2023-08-13T00:00:00.000,1.0180319547653198,1.2300434112548828
2023-08-14T00:00:00.000,1.0637520551681519,1.2700212001800537
2023-08-15T00:00:00.000,1.0911839008331299,1.3061460256576538
2023-08-16T00:00:00.000,1.136904001235962,1.3311469554901123
2023-08-17T00:00:00.000,1.1917680501937866,1.3392449617385864
2023-08-18T00:00:00.000,1.1704320907592773,1.3372397422790527
2023-08-19T00:00:00.000,1.1734801530838013,1.3266172409057617
2023-08-20T00:00:00.000,1.1978639364242554,1.316007137298584
2023-08-21T00:00:00.000,1.2923519611358643,1.3045669794082642
2023-08-22T00:00:00.000,1.4478000402450562,1.2950931787490845
2023-08-23T00:00:00.000,1.3655040264129639,1.2878408432006836
2023-08-24T00:00:00.000,1.405128002166748,1.2800788879394531
2023-08-25T00:00:00.000,1.4691359996795654,1.2709999084472656
2023-08-26T00:00:00.000,1.4508479833602905,1.257591724395752
2023-08-27T00:00:00.000,1.423416018486023,1.236791729927063
2023-08-28T00:00:00.000,1.3868399858474731,1.2053735256195068
2023-08-29T00:00:00.000,1.3197840452194214,1.1668764352798462
2023-08-30T00:00:00.000,1.3380719423294067,1.1210284233093262
2023-08-31T00:00:00.000,1.1826238632202148,1.0710020065307617
2023-09-01T00:00:00.000,1.133856177330017,1.0212956666946411
2023-09-02T00:00:00.000,1.0271759033203125,0.978987991809845
2023-09-03T00:00:00.000,1.0241278409957886,0.9456620812416077
2023-09-04T00:00:00.000,1.0911839008331299,0.9226972460746765
2023-09-05T00:00:00.000,1.2009119987487793,0.9088476300239563
2023-09-06T00:00:00.000,1.2070080041885376,0.9021298289299011
2023-09-07T00:00:00.000,1.1887199878692627,0.8959986567497253
2023-09-08T00:00:00.000,1.1704320907592773,0.8888669610023499
2023-09-09T00:00:00.000,1.0637520551681519,0.8791094422340393
2023-09-10T00:00:00.000,0.9966960549354553,0.8662126660346985
2023-09-11T00:00:00.000,0.929639995098114,0.8510602116584778
2023-09-12T00:00:00.000,0.8961121439933777,0.8381419777870178
2023-09-13T00:00:00.000,0.8107679486274719,0.8255284428596497
2023-09-14T00:00:00.000,0.8138161301612854,0.8113051056861877
2023-09-15T00:00:00.000,0.7772400975227356,0.7975800633430481
2023-09-16T00:00:00.000,0.7680960297584534,0.7854812741279602
2023-09-17T00:00:00.000,0.7833359837532043,0.7733741402626038
2023-09-18T00:00:00.000,0.8168640732765198,0.7624881863594055
2023-09-19T00:00:00.000,0.8381999135017395,0.7546420693397522
2023-09-20T00:00:00.000,0.9235439896583557,0.7495895028114319
2023-09-21T00:00:00.000,1.103376030921936,0.7467294335365295
2023-09-22T00:00:00.000,1.045464038848877,0.7463355660438538
2023-09-23T00:00:00.000,1.057656168937683,0.7468958497047424
2023-09-24T00:00:00.000,1.0241278409957886,0.7468345761299133
2023-09-25T00:00:00.000,0.9326880574226379,0.745110809803009
2023-09-26T00:00:00.000,0.9235439896583557,0.7435949444770813
2023-09-27T00:00:00.000,0.914400041103363,0.7442060112953186
2023-09-28T00:00:00.000,1.0515600442886353,0.749777615070343
2023-09-29T00:00:00.000,1.042415976524353,0.7602651715278625
2023-09-30T00:00:00.000,0.9814559817314148,0.7727273106575012
2023-10-01T00:00:00.000,1.060703992843628,0.7827947735786438
2023-10-02T00:00:00.000,1.1612880229949951,0.7882252335548401
2023-10-03T00:00:00.000,1.1978639364242554,0.7880097031593323
2023-10-04T00:00:00.000,1.1155680418014526,0.7849796414375305
2023-10-05T00:00:00.000,1.130807876586914,0.7818587422370911
2023-10-06T00:00:00.000,1.1490960121154785,0.7826085686683655
2023-10-07T00:00:00.000,1.1978639364242554,0.7857213616371155
2023-10-08T00:00:00.000,1.1277600526809692,0.7902808785438538
2023-10-09T00:00:00.000,0.9662160277366638,0.7944877743721008
2023-10-10T00:00:00.000,0.8900160193443298,0.7981110215187073
2023-10-11T00:00:00.000,0.9326880574226379,0.7986028790473938
2023-10-12T00:00:00.000,1.466088056564331,0.7966237664222717
2023-10-13T00:00:00.000,1.0728960037231445,0.7958243489265442
2023-10-14T00:00:00.000,0.8991602063179016,0.7910626530647278
2023-10-15T00:00:00.000,0.8473439812660217,0.7867379784584045
2023-10-16T00:00:00.000,0.8534401059150696,0.7844391465187073
2023-10-17T00:00:00.000,0.7894321084022522,0.7842331528663635
2023-10-18T00:00:00.000,0.7772400975227356,0.7811506390571594
2023-10-19T00:00:00.000,0.9052558541297913,0.7808142304420471
2023-10-20T00:00:00.000,1.0058399438858032,0.7809291481971741
2023-10-21T00:00:00.000,0.9784080386161804,0.7804883122444153
2023-10-22T00:00:00.000,0.9692638516426086,0.7789633870124817
2023-10-23T00:00:00.000,0.9418320059776306,0.7786939740180969
2023-10-24T00:00:00.000,0.963168203830719,0.78008633852005
2023-10-25T00:00:00.000,0.9174478650093079,0.7829859852790833
2023-10-26T00:00:00.000,0.8747759461402893,0.789933979511261
2023-10-27T00:00:00.000,0.8199120163917542,0.7990003228187561
2023-10-28T00:00:00.000,0.8290560841560364,0.8074784874916077
2023-10-29T00:00:00.000,0.8442960381507874,0.8159697651863098
2023-10-30T00:00:00.000,0.9448800683021545,0.8264127373695374
2023-10-31T00:00:00.000,1.0363198518753052,0.8345423340797424
2023-11-01T00:00:00.000,1.1917680501937866,0.8422723412513733
2023-11-02T00:00:00.000,1.0698479413986206,0.851574718952179
2023-11-03T00:00:00.000,0.9936479926109314,0.8600218892097473
2023-11-04T00:00:00.000,1.0698479413986206,0.8655171990394592
2023-11-05T00:00:00.000,0.9692638516426086,0.8712576031684875
2023-11-06T00:00:00.000,0.9753599762916565,0.8770361542701721
2023-11-07T00:00:00.000,0.9479281306266785,0.883748471736908
2023-11-08T00:00:00.000,0.9174478650093079,0.892543613910675
2023-11-09T00:00:00.000,0.9113519787788391,0.9017127156257629
2023-11-10T00:00:00.000,0.9448800683021545,0.9087433218955994
2023-11-11T00:00:00.000,0.9753599762916565,0.9145105481147766
2023-11-12T00:00:00.000,0.9265920519828796,0.9162290692329407
2023-11-13T00:00:00.000,1.0058399438858032,0.9130006432533264
2023-11-14T00:00:00.000,1.1429998874664307,0.9062831997871399
2023-11-15T00:00:00.000,1.481328010559082,0.8973240256309509
2023-11-16T00:00:00.000,1.5636240243911743,0.887677013874054
2023-11-17T00:00:00.000,1.1917680501937866,0.8768742680549622
2023-11-18T00:00:00.000,1.0515600442886353,0.8629308342933655
2023-11-19T00:00:00.000,1.0850880146026611,0.8480690121650696
2023-11-20T00:00:00.000,0.990600049495697,0.834461510181427
2023-11-21T00:00:00.000,1.0546081066131592,0.821144163608551
2023-11-22T00:00:00.000,0.8016241192817688,0.8100085854530334
2023-11-23T00:00:00.000,0.765048086643219,0.7990215420722961
2023-11-24T00:00:00.000,0.704088032245636,0.7896254658699036
2023-11-25T00:00:00.000,0.6766560673713684,0.7800300717353821
2023-11-26T00:00:00.000,0.856488049030304,0.770595133304596
2023-11-27T00:00:00.000,0.8046720623970032,0.7624209523200989
2023-11-28T00:00:00.000,0.8046720623970032,0.7585287690162659
2023-11-29T00:00:00.000,0.7376161217689514,0.7570047974586487
2023-11-30T00:00:00.000,0.8656321167945862,0.7587411999702454
2023-12-01T00:00:00.000,1.1734801530838013,0.7660103440284729
2023-12-02T00:00:00.000,1.1643359661102295,0.7816553711891174
2023-12-03T00:00:00.000,1.0668001174926758,0.8029654622077942
2023-12-04T00:00:00.000,0.9540240168571472,0.825672447681427
2023-12-05T00:00:00.000,0.9113519787788391,0.8468547463417053
2023-12-06T00:00:00.000,0.8290560841560364,0.8626850247383118
2023-12-07T00:00:00.000,0.7284720540046692,0.8667753338813782
2023-12-08T00:00:00.000,0.719327986240387,0.8640516400337219
2023-12-09T00:00:00.000,0.7863839268684387,0.8584051728248596
2023-12-10T00:00:00.000,0.7985759377479553,0.852074921131134
2023-12-11T00:00:00.000,0.7254241108894348,0.8435428738594055
2023-12-12T00:00:00.000,0.673608124256134,0.836597740650177
2023-12-13T00:00:00.000,0.8229599595069885,0.8325961232185364
2023-12-14T00:00:00.000,0.9997441172599792,0.8318536877632141
2023-12-15T00:00:00.000,1.213104009628296,0.8316143155097961
2023-12-16T00:00:00.000,1.2435840368270874,0.8319039940834045
2023-12-17T00:00:00.000,1.2740639448165894,0.8294504284858704
2023-12-18T00:00:00.000,0.9418320059776306,0.8250282406806946
2023-12-19T00:00:00.000,0.8717280030250549,0.8178084492683411
2023-12-20T00:00:00.000,0.8107679486274719,0.8128865361213684
2023-12-21T00:00:00.000,0.7254241108894348,0.8119073510169983
2023-12-22T00:00:00.000,0.7284720540046692,0.8145216107368469
2023-12-23T00:00:00.000,0.6827519536018372,0.8186643719673157
2023-12-24T00:00:00.000,0.7924800515174866,0.8230355381965637
2023-12-25T00:00:00.000,1.057656168937683,0.8259311318397522
2023-12-26T00:00:00.000,0.8839201331138611,0.8343146443367004
2023-12-27T00:00:00.000,0.8778240084648132,0.8383670449256897
2023-12-28T00:00:00.000,0.841248095035553,0.8448897004127502
2023-12-29T00:00:00.000,0.7406640648841858,0.8552053570747375
2023-12-30T00:00:00.000,0.6979921460151672,0.8651860356330872
2023-12-31T00:00:00.000,0.7101839184761047,0.8646517395973206
2024-01-01T00:00:00.000,0.749808132648468,0.8652425408363342
2024-01-02T00:00:00.000,0.8656321167945862,0.8613844513893127
2024-01-03T00:00:00.000,0.7741919159889221,0.8563066124916077
2024-01-04T00:00:00.000,0.8168640732765198,0.8540363907814026
2024-01-05T00:00:00.000,0.643127977848053,0.8593760132789612
2024-01-06T00:00:00.000,0.7284720540046692,0.8727591633796692
2024-01-07T00:00:00.000,0.7284720540046692,0.8944405913352966
2024-01-08T00:00:00.000,0.7924800515174866,0.9208992123603821
2024-01-09T00:00:00.000,1.210055947303772,0.9492927193641663
2024-01-10T00:00:00.000,0.9753599762916565,0.9700180888175964
2024-01-11T00:00:00.000,1.0668001174926758,0.9846876263618469
2024-01-12T00:00:00.000,1.2588239908218384,0.9984635710716248
2024-01-13T00:00:00.000,1.060703992843628,1.0203934907913208
2024-01-14T00:00:00.000,1.1277600526809692,1.044992208480835
2024-01-15T00:00:00.000,1.10642409324646,1.0788382291793823
2024-01-16T00:00:00.000,1.1734801530838013,1.1294938325881958
2024-01-17T00:00:00.000,1.100327968597412,1.2096476554870605
2024-01-18T00:00:00.000,1.1216641664505005,1.3267757892608643
2024-01-19T00:00:00.000,1.3594080209732056,1.4921400547027588
2024-01-20T00:00:00.000,1.6276320219039917,1.7006498575210571
2024-01-21T00:00:00.000,1.8653759956359863,1.9370100498199463
2024-01-22T00:00:00.000,2.0573999881744385,2.166813850402832
2024-01-23T00:00:00.000,2.267712116241455,2.3648905754089355
2024-01-24T00:00:00.000,2.35915207862854,2.5325450897216797
2024-01-25T00:00:00.000,2.563368082046509,2.6593263149261475
2024-01-26T00:00:00.000,2.749295949935913,2.756936550140381
2024-01-27T00:00:00.000,2.862071990966797,2.8221378326416016
2024-01-28T00:00:00.000,2.8072080612182617,2.841689109802246
2024-01-29T00:00:00.000,2.785871982574463,2.8522677421569824
2024-01-30T00:00:00.000,2.7218639850616455,2.8882827758789062
2024-01-31T00:00:00.000,2.7218639850616455,2.9447453022003174
2024-02-01T00:00:00.000,2.855976104736328,3.0406863689422607
2024-02-02T00:00:00.000,2.9961841106414795,3.1620888710021973
2024-02-03T00:00:00.000,3.151632070541382,3.3113603591918945
2024-02-04T00:00:00.000,3.5021519660949707,3.4746477603912354
2024-02-05T00:00:00.000,3.6149280071258545,3.637082576751709
2024-02-06T00:00:00.000,3.764280080795288,3.790585517883301
2024-02-07T00:00:00.000,3.8526721000671387,3.940207004547119
2024-02-08T00:00:00.000,3.998975992202759,4.08895206451416
2024-02-09T00:00:00.000,4.126992225646973,4.23605489730835
2024-02-10T00:00:00.000,4.230624198913574,4.375107765197754
2024-02-11T00:00:00.000,4.288536071777344,4.4977874755859375
2024-02-12T00:00:00.000,4.334256172180176,4.597270488739014
2024-02-13T00:00:00.000,4.2489118576049805,4.670473575592041
2024-02-14T00:00:00.000,4.215384006500244,4.711789131164551
2024-02-15T00:00:00.000,4.163568019866943,4.7220234870910645
2024-02-16T00:00:00.000,4.126992225646973,4.703920364379883
2024-02-17T00:00:00.000,4.1026082038879395,4.653863906860352
2024-02-18T00:00:00.000,4.130040168762207,4.571211338043213
2024-02-19T00:00:00.000,3.97763991355896,4.4684624671936035
2024-02-20T00:00:00.000,3.840480089187622,4.357189178466797
2024-02-21T00:00:00.000,3.7277040481567383,4.248876094818115
2024-02-22T00:00:00.000,3.6972239017486572,4.150546550750732
2024-02-23T00:00:00.000,3.7063679695129395,4.068238735198975
2024-02-24T00:00:00.000,3.657599925994873,3.9950268268585205
2024-02-25T00:00:00.000,3.6088318824768066,3.92537784576416
2024-02-26T00:00:00.000,3.5692079067230225,3.850013494491577
2024-02-27T00:00:00.000,3.511296033859253,3.7443625926971436
2024-02-28T00:00:00.000,3.3924241065979004,3.5909323692321777
2024-02-29T00:00:00.000,3.3619439601898193,3.3704700469970703
2024-03-01T00:00:00.000,3.1882081031799316,3.0948071479797363
2024-03-02T00:00:00.000,2.9352240562438965,2.792005777359009
2024-03-03T00:00:00.000,2.7736799716949463,2.497394323348999
2024-03-04T00:00:00.000,2.6456639766693115,2.2508649826049805
2024-03-05T00:00:00.000,2.7066240310668945,2.0658204555511475
2024-03-06T00:00:00.000,2.490216016769409,1.9337856769561768
2024-03-07T00:00:00.000,2.3774399757385254,1.850136160850525
2024-03-08T00:00:00.000,2.334768056869507,1.8141658306121826
2024-03-09T00:00:00.000,2.334768056869507,1.8212724924087524
2024-03-10T00:00:00.000,2.398776054382324,1.8705251216888428
2024-03-11T00:00:00.000,2.4597361087799072,1.9503756761550903
2024-03-12T00:00:00.000,2.429255962371826,2.0499725341796875
2024-03-13T00:00:00.000,2.3926799297332764,2.1528358459472656
2024-03-14T00:00:00.000,2.3622000217437744,2.248394012451172
2024-03-15T00:00:00.000,2.35915207862854,2.334338903427124
2024-03-16T00:00:00.000,2.3622000217437744,2.4325191974639893
2024-03-17T00:00:00.000,2.3835361003875732,2.5464587211608887
2024-03-18T00:00:00.000,2.5755600929260254,2.6761744022369385
2024-03-19T00:00:00.000,2.8072080612182617,2.8116908073425293
2024-03-20T00:00:00.000,2.9138879776000977,2.9443728923797607
2024-03-21T00:00:00.000,2.9809439182281494,3.0635838508605957
2024-03-22T00:00:00.000,3.1333439350128174,3.1668684482574463
2024-03-23T00:00:00.000,3.2004001140594482,3.249455451965332
2024-03-24T00:00:00.000,3.261359930038452,3.31010365486145
2024-03-25T00:00:00.000,3.3649919033050537,3.346334457397461
2024-03-26T00:00:00.000,3.4411919116973877,3.3611302375793457
2024-03-27T00:00:00.000,3.428999900817871,3.364125967025757
2024-03-28T00:00:00.000,3.380232095718384,3.3536229133605957
2024-03-29T00:00:00.000,3.30403208732605,3.3331995010375977
2024-03-30T00:00:00.000,3.2644081115722656,3.3071019649505615
2024-03-31T00:00:00.000,3.227832078933716,3.2705788612365723
2024-04-01T00:00:00.000,3.160775899887085,3.210564613342285
2024-04-02T00:00:00.000,3.0419039726257324,3.1272730827331543
2024-04-03T00:00:00.000,2.8742640018463135,3.031575918197632
2024-04-04T00:00:00.000,2.734055995941162,2.8837437629699707
2024-04-05T00:00:00.000,2.5389840602874756,2.726383924484253
2024-04-06T00:00:00.000,2.3774399757385254,2.6214754581451416
2024-04-07T00:00:00.000,2.337815999984741,2.5620381832122803
2024-04-08T00:00:00.000,2.2311360836029053,2.5202736854553223
2024-04-09T00:00:00.000,2.206752061843872,2.5104901790618896
2024-04-10T00:00:00.000,2.3164799213409424,2.5426647663116455
2024-04-11T00:00:00.000,2.3774399757385254,2.65432071685791
2024-04-12T00:00:00.000,2.566416025161743,2.842449188232422
2024-04-13T00:00:00.000,2.8681681156158447,3.074105739593506
2024-04-14T00:00:00.000,3.1729679107666016,3.3301315307617188
2024-04-15T00:00:00.000,3.4564321041107178,3.5718390941619873
2024-04-16T00:00:00.000,3.7764720916748047,3.7827041149139404
2024-04-17T00:00:00.000,3.9898319244384766,3.962876796722412
2024-04-18T00:00:00.000,4.166615962982178,4.107664585113525
2024-04-19T00:00:00.000,4.297679901123047,4.22388219833374
2024-04-20T00:00:00.000,4.355591773986816,4.3132123947143555
2024-04-21T00:00:00.000,4.413504123687744,4.381900310516357
2024-04-22T00:00:00.000,4.489704132080078,4.433809280395508
2024-04-23T00:00:00.000,4.495800018310547,4.473783016204834
2024-04-24T00:00:00.000,4.453127861022949,4.507924556732178
2024-04-25T00:00:00.000,4.389120101928711,4.538389682769775
2024-04-26T00:00:00.000,4.361688137054443,4.567550182342529
2024-04-27T00:00:00.000,4.404359817504883,4.590652942657471
2024-04-28T00:00:00.000,4.386072158813477,4.600691795349121
2024-04-29T00:00:00.000,4.398263931274414,4.582008361816406
2024-04-30T00:00:00.000,4.3708319664001465,4.522653102874756
2024-05-01T00:00:00.000,4.334256172180176,4.433934688568115
2024-05-02T00:00:00.000,4.300727844238281,4.333659648895264
2024-05-03T00:00:00.000,4.261104106903076,4.236666679382324
2024-05-04T00:00:00.000,4.19709587097168,4.16102933883667
2024-05-05T00:00:00.000,4.126992225646973,4.11718225479126
2024-05-06T00:00:00.000,4.075175762176514,4.093878269195557
2024-05-07T00:00:00.000,4.01421594619751,4.085206985473633
2024-05-08T00:00:00.000,3.99288010597229,4.088955402374268
2024-05-09T00:00:00.000,3.9898319244384766,4.1104302406311035
2024-05-10T00:00:00.000,3.9898319244384766,4.14052152633667
2024-05-11T00:00:00.000,4.053840160369873,4.179492473602295
2024-05-12T00:00:00.000,4.136136054992676,4.221184253692627
2024-05-13T00:00:00.000,4.2489118576049805,4.2719597816467285
2024-05-14T00:00:00.000,4.459224224090576,4.329075336456299
2024-05-15T00:00:00.000,4.471415996551514,4.400875091552734
2024-05-16T00:00:00.000,4.52018404006958,4.475510597229004
2024-05-17T00:00:00.000,4.666488170623779,4.55048131942749
2024-05-18T00:00:00.000,4.712207794189453,4.624492645263672
2024-05-19T00:00:00.000,4.748784065246582,4.69444465637207
2024-05-20T00:00:00.000,4.77621603012085,4.760381698608398
2024-05-21T00:00:00.000,4.818888187408447,4.821933269500732
2024-05-22T00:00:00.000,4.849368095397949,4.871212482452393
2024-05-23T00:00:00.000,4.824984073638916,4.901989936828613
2024-05-24T00:00:00.000,4.834127902984619,4.914859771728516
2024-05-25T00:00:00.000,4.818888187408447,4.912111759185791
2024-05-26T00:00:00.000,4.800600051879883,4.893670558929443
2024-05-27T00:00:00.000,4.754879951477051,4.856489181518555
2024-05-28T00:00:00.000,4.712207794189453,4.809553146362305
2024-05-29T00:00:00.000,4.681727886199951,4.754958629608154
2024-05-30T00:00:00.000,4.678679943084717,4.696749687194824
2024-05-31T00:00:00.000,4.651247978210449,4.637083053588867
2024-06-01T00:00:00.000,4.642104148864746,4.588407516479492
2024-06-02T00:00:00.000,4.605527877807617,4.548128604888916
2024-06-03T00:00:00.000,4.572000026702881,4.513481616973877
2024-06-04T00:00:00.000,4.5232319831848145,4.4869489669799805
2024-06-05T00:00:00.000,4.4927520751953125,4.465689182281494
2024-06-06T00:00:00.000,4.483607769012451,4.441512107849121
2024-06-07T00:00:00.000,4.501895904541016,4.4212188720703125
2024-06-08T00:00:00.000,4.514088153839111,4.405993461608887
2024-06-09T00:00:00.000,4.5232319831848145,4.389772415161133
2024-06-10T00:00:00.000,4.562856197357178,4.3649678230285645
2024-06-11T00:00:00.000,4.565904140472412,4.342289447784424
2024-06-12T00:00:00.000,4.605527877807617,4.316850662231445
2024-06-13T00:00:00.000,4.584191799163818,4.285212516784668
2024-06-14T00:00:00.000,4.547616004943848,4.250126361846924
2024-06-15T00:00:00.000,4.498847961425781,4.218998432159424
2024-06-16T00:00:00.000,4.477511882781982,4.189600944519043
2024-06-17T00:00:00.000,4.428743839263916,4.156484127044678
2024-06-18T00:00:00.000,4.398263931274414,4.123935222625732
2024-06-19T00:00:00.000,4.468368053436279,4.089323043823242
2024-06-20T00:00:00.000,4.334256172180176,4.05023717880249
2024-06-21T00:00:00.000,4.072127819061279,4.001279830932617
2024-06-22T00:00:00.000,3.7886641025543213,3.936781883239746
2024-06-23T00:00:00.000,3.4381439685821533,3.8471832275390625
2024-06-24T00:00:00.000,3.1120080947875977,3.731171131134033
2024-06-25T00:00:00.000,2.7767279148101807,3.5967319011688232
2024-06-26T00:00:00.000,2.474976062774658,3.428610324859619
2024-06-27T00:00:00.000,2.2494239807128906,3.212252616882324
2024-06-28T00:00:00.000,2.0726399421691895,2.98885178565979
2024-06-29T00:00:00.000,1.969007968902588,2.79080867767334
2024-06-30T00:00:00.000,1.8501360416412354,2.632478713989258
2024-07-01T00:00:00.000,1.7891759872436523,2.513662338256836
2024-07-02T00:00:00.000,1.8074640035629272,2.436614513397217
2024-07-03T00:00:00.000,1.7556480169296265,2.3899521827697754
2024-07-04T00:00:00.000,1.691640019416809,2.363658905029297
2024-07-05T00:00:00.000,1.648967981338501,2.370520830154419
2024-07-06T00:00:00.000,1.6276320219039917,2.3679234981536865
2024-07-07T00:00:00.000,1.6002000570297241,2.358035087585449
2024-07-08T00:00:00.000,1.630679965019226,2.348111391067505
2024-07-09T00:00:00.000,1.648967981338501,2.3401012420654297
2024-07-10T00:00:00.000,1.6184879541397095,2.3404200077056885
2024-07-11T00:00:00.000,1.6824959516525269,2.3528332710266113
2024-07-12T00:00:00.000,1.8287999629974365,2.386202812194824
2024-07-13T00:00:00.000,1.950719952583313,2.4366984367370605
2024-07-14T00:00:00.000,2.084831953048706,2.4979476928710938
2024-07-15T00:00:00.000,2.2555201053619385,2.549020528793335
2024-07-16T00:00:00.000,2.4018239974975586,2.59855055809021
2024-07-17T00:00:00.000,2.4384000301361084,2.6550650596618652
2024-07-18T00:00:00.000,2.4597361087799072,2.695391893386841
2024-07-19T00:00:00.000,2.4627840518951416,2.7143256664276123
2024-07-20T00:00:00.000,2.481071949005127,2.724174737930298
2024-07-21T00:00:00.000,2.490216016769409,2.7267367839813232
2024-07-22T00:00:00.000,2.481071949005127,2.7025697231292725
2024-07-23T00:00:00.000,2.4566879272460938,2.677445888519287
2024-07-24T00:00:00.000,2.3926799297332764,2.655207872390747
2024-07-25T00:00:00.000,2.3835361003875732,2.6338977813720703
2024-07-26T00:00:00.000,2.4597361087799072,2.6175572872161865
2024-07-27T00:00:00.000,2.563368082046509,2.592456340789795
2024-07-28T00:00:00.000,2.5847039222717285,2.5501091480255127
2024-07-29T00:00:00.000,2.5694639682769775,2.4931578636169434
2024-07-30T00:00:00.000,2.481071949005127,2.436662435531616
2024-07-31T00:00:00.000,2.3926799297332764,2.378844738006592
2024-08-01T00:00:00.000,2.2799038887023926,2.3177096843719482
2024-08-02T00:00:00.000,2.1549360752105713,2.248087167739868
2024-08-03T00:00:00.000,2.0360639095306396,2.1698548793792725
2024-08-04T00:00:00.000,1.953768014907837,2.086251974105835
2024-08-05T00:00:00.000,1.969007968902588,2.0081002712249756
2024-08-06T00:00:00.000,1.877568006515503,1.9419008493423462
2024-08-07T00:00:00.000,1.7282160520553589,1.8853719234466553
2024-08-08T00:00:00.000,1.6824959516525269,1.839115023612976
2024-08-09T00:00:00.000,1.6946879625320435,1.8024768829345703
2024-08-10T00:00:00.000,1.6398240327835083,1.7722046375274658
2024-08-11T00:00:00.000,1.5971519947052002,1.7413330078125
2024-08-12T00:00:00.000,1.5788639783859253,1.7104616165161133
2024-08-13T00:00:00.000,1.5270479917526245,1.6802141666412354
2024-08-14T00:00:00.000,1.4752320051193237,1.6473867893218994
2024-08-15T00:00:00.000,1.466088056564331,1.6160821914672852
2024-08-16T00:00:00.000,1.4142719507217407,1.5872026681900024
2024-08-17T00:00:00.000,1.3716000318527222,1.559446096420288
2024-08-18T00:00:00.000,1.2801599502563477,1.5307257175445557
2024-08-19T00:00:00.000,1.17957603931427,1.4987905025482178
2024-08-20T00:00:00.000,1.1125199794769287,1.4614487886428833
2024-08-21T00:00:00.000,1.0728960037231445,1.4223164319992065
2024-08-22T00:00:00.000,1.088135838508606,1.382392168045044
2024-08-23T00:00:00.000,1.1216641664505005,1.3441717624664307
2024-08-24T00:00:00.000,1.2893040180206299,1.3092331886291504
2024-08-25T00:00:00.000,1.2222479581832886,1.277970790863037
2024-08-26T00:00:00.000,1.1582399606704712,1.2457820177078247
2024-08-27T00:00:00.000,1.1734801530838013,1.2129743099212646
2024-08-28T00:00:00.000,1.1551920175552368,1.1814239025115967
2024-08-29T00:00:00.000,1.1429998874664307,1.1500707864761353
2024-08-30T00:00:00.000,1.0942319631576538,1.1174311637878418
2024-08-31T00:00:00.000,1.1490960121154785,1.08543062210083
2024-09-01T00:00:00.000,1.0698479413986206,1.0552135705947876
2024-09-02T00:00:00.000,0.9845040440559387,1.0247584581375122
2024-09-03T00:00:00.000,0.9662160277366638,0.9959946274757385
2024-09-04T00:00:00.000,1.1399518251419067,0.9710902571678162
2024-09-05T00:00:00.000,1.1247119903564453,0.9526857733726501
2024-09-06T00:00:00.000,1.130807876586914,0.9396013617515564
2024-09-07T00:00:00.000,1.1247119903564453,0.9317839741706848
2024-09-08T00:00:00.000,1.1917680501937866,0.9268513321876526
2024-09-09T00:00:00.000,1.1734801530838013,0.9235519766807556
2024-09-10T00:00:00.000,1.1948158740997314,0.9188054203987122
2024-09-11T00:00:00.000,1.328927993774414,0.9126855731010437
2024-09-12T00:00:00.000,1.3959840536117554,0.9073217511177063
2024-09-13T00:00:00.000,1.1887199878692627,0.9039143919944763
2024-09-14T00:00:00.000,1.1399518251419067,0.8998546004295349
2024-09-15T00:00:00.000,1.0820399522781372,0.8967757821083069
2024-09-16T00:00:00.000,1.0027921199798584,0.8945310711860657
2024-09-17T00:00:00.000,0.9265920519828796,0.892037570476532
2024-09-18T00:00:00.000,0.9509761929512024,0.89266437292099
2024-09-19T00:00:00.000,0.9479281306266785,0.897419273853302
2024-09-20T00:00:00.000,1.0546081066131592,0.9044356942176819
2024-09-21T00:00:00.000,1.1247119903564453,0.9147142767906189
2024-09-22T00:00:00.000,1.1948158740997314,0.9270115494728088
2024-09-23T00:00:00.000,1.2192000150680542,0.943437397480011
2024-09-24T00:00:00.000,1.2405359745025635,0.9648398756980896
2024-09-25T00:00:00.000,1.2405359745025635,0.980854332447052
2024-09-26T00:00:00.000,1.4081759452819824,0.9870968461036682
2024-09-27T00:00:00.000,1.286255955696106,0.981402575969696
2024-09-28T00:00:00.000,1.0241278409957886,0.9310815930366516
2024-09-29T00:00:00.000,0.8442960381507874,0.9083080887794495
2024-09-30T00:00:00.000,0.8930640816688538,0.9213464856147766
2024-10-01T00:00:00.000,0.856488049030304,0.9582148194313049
2024-10-02T00:00:00.000,0.8930640816688538,1.0080739259719849
2024-10-03T00:00:00.000,0.9753599762916565,1.0991727113723755
2024-10-04T00:00:00.000,1.0728960037231445,1.1887493133544922
2024-10-05T00:00:00.000,1.286255955696106,1.2901653051376343
2024-10-06T00:00:00.000,1.3776960372924805,1.4180082082748413
2024-10-07T00:00:00.000,1.6032480001449585,1.5796653032302856
2024-10-08T00:00:00.000,1.6611599922180176,1.7689168453216553
2024-10-09T00:00:00.000,1.6794480085372925,1.947957158088684
2024-10-10T00:00:00.000,1.6032480001449585,2.0689804553985596
2024-10-11T00:00:00.000,1.3959840536117554,2.0955450534820557
2024-10-12T00:00:00.000,1.2740639448165894,1.9866340160369873
2024-10-13T00:00:00.000,1.271016001701355,1.7740283012390137
2024-10-14T00:00:00.000,1.136904001235962,1.5439320802688599
2024-10-15T00:00:00.000,1.10642409324646,1.3421320915222168
2024-10-16T00:00:00.000,1.3685519695281982,1.1940782070159912
2024-10-17T00:00:00.000,1.2222479581832886,1.0946406126022339
2024-10-18T00:00:00.000,1.039367914199829,1.0223746299743652
2024-10-19T00:00:00.000,1.1186161041259766,0.9674928784370422
2024-10-20T00:00:00.000,1.1490960121154785,0.9318874478340149
2024-10-21T00:00:00.000,1.1429998874664307,0.9170895218849182
2024-10-22T00:00:00.000,1.1094720363616943,0.9120131134986877
2024-10-23T00:00:00.000,1.0363198518753052,0.9131186604499817
2024-10-24T00:00:00.000,0.9662160277366638,0.9169401526451111
2024-10-25T00:00:00.000,1.0058399438858032,0.914640486240387
2024-10-26T00:00:00.000,0.8351519703865051,0.9006442427635193
2024-10-27T00:00:00.000,0.8321040272712708,0.8808595538139343
2024-10-28T00:00:00.000,0.8199120163917542,0.8630293011665344
2024-10-29T00:00:00.000,0.8321040272712708,0.8482635617256165
2024-10-30T00:00:00.000,0.9174478650093079,0.836287796497345
2024-10-31T00:00:00.000,0.841248095035553,0.8255963921546936
2024-11-01T00:00:00.000,0.9113519787788391,0.8167486786842346
2024-11-02T00:00:00.000,0.9022080302238464,0.809127151966095
2024-11-03T00:00:00.000,0.8381999135017395,0.8031938672065735
2024-11-04T00:00:00.000,1.057656168937683,0.8036091923713684
2024-11-05T00:00:00.000,1.1887199878692627,0.8269224762916565
2024-11-06T00:00:00.000,1.0668001174926758,0.9220502972602844
2024-11-07T00:00:00.000,1.1125199794769287,1.0094647407531738
2024-11-08T00:00:00.000,1.286255955696106,1.0929633378982544
2024-11-09T00:00:00.000,1.3502639532089233,1.1767046451568604
2024-11-10T00:00:00.000,1.3837920427322388,1.2575817108154297
2024-11-11T00:00:00.000,1.405128002166748,1.3038640022277832
2024-11-12T00:00:00.000,1.5849599838256836,1.3553024530410767
2024-11-13T00:00:00.000,1.271016001701355,1.4301252365112305
2024-11-14T00:00:00.000,1.3045439720153809,1.5310384035110474
2024-11-15T00:00:00.000,1.4843759536743164,1.6590889692306519
2024-11-16T00:00:00.000,1.5971519947052002,1.8134673833847046
2024-11-17T00:00:00.000,1.6550639867782593,1.9716352224349976
2024-11-18T00:00:00.000,1.7769839763641357,2.110853433609009
2024-11-19T00:00:00.000,2.0055840015411377,2.2162184715270996
2024-11-20T00:00:00.000,1.9263360500335693,2.288102149963379
2024-11-21T00:00:00.000,1.8653759956359863,2.3163249492645264
2024-11-22T00:00:00.000,1.6794480085372925,2.3142995834350586
2024-11-23T00:00:00.000,1.6398240327835083,2.303908109664917
2024-11-24T00:00:00.000,1.5849599838256836,2.2952332496643066
2024-11-25T00:00:00.000,1.572767972946167,2.2687666416168213
2024-11-26T00:00:00.000,1.5209519863128662,2.2206344604492188
2024-11-27T00:00:00.000,1.4538960456848145,2.141216993331909
2024-11-28T00:00:00.000,1.3868399858474731,2.039055824279785
2024-11-29T00:00:00.000,1.5118080377578735,1.9159523248672485
2024-11-30T00:00:00.000,1.4630399942398071,1.7864760160446167
2024-12-01T00:00:00.000,1.1978639364242554,1.6589300632476807
2024-12-02T00:00:00.000,1.1247119903564453,1.5436228513717651
2024-12-03T00:00:00.000,1.057656168937683,1.4459519386291504
2024-12-04T00:00:00.000,1.0850880146026611,1.369759202003479
2024-12-05T00:00:00.000,1.2252960205078125,1.311562418937683
2024-12-06T00:00:00.000,1.3655040264129639,1.2723405361175537
2024-12-07T00:00:00.000,1.3045439720153809,1.2505744695663452
2024-12-08T00:00:00.000,1.237488031387329,1.236024260520935
2024-12-09T00:00:00.000,1.1948158740997314,1.2234035730361938
2024-12-10T00:00:00.000,1.1887199878692627,1.206887125968933
2024-12-11T00:00:00.000,1.1186161041259766,1.183502197265625
2024-12-12T00:00:00.000,0.9448800683021545,1.151654601097107
2024-12-13T00:00:00.000,0.9113519787788391,1.1171629428863525
2024-12-14T00:00:00.000,0.9753599762916565,1.0855501890182495
2024-12-15T00:00:00.000,0.9875519871711731,1.0636433362960815
2024-12-16T00:00:00.000,1.060703992843628,1.044906735420227
2024-12-17T00:00:00.000,1.0546081066131592,1.0293768644332886
2024-12-18T00:00:00.000,1.039367914199829,1.0245609283447266
2024-12-19T00:00:00.000,1.1186161041259766,1.0296144485473633
2024-12-20T00:00:00.000,1.0302239656448364,1.0499333143234253
2024-12-21T00:00:00.000,1.057656168937683,1.094113826751709
2024-12-22T00:00:00.000,1.100327968597412,1.1683168411254883
2024-12-23T00:00:00.000,1.1643359661102295,1.2712396383285522
2024-12-24T00:00:00.000,1.2496800422668457,1.4050291776657104
2024-12-25T00:00:00.000,1.4508479833602905,1.5583206415176392
2024-12-26T00:00:00.000,1.6824959516525269,1.7321093082427979
2024-12-27T00:00:00.000,1.917191982269287,1.9135984182357788
2024-12-28T00:00:00.000,2.1335999965667725,2.1055591106414795
2024-12-29T00:00:00.000,2.414016008377075,2.255171537399292
2024-12-30T00:00:00.000,2.5847039222717285,2.3817880153656006
2024-12-31T00:00:00.000,2.7279601097106934,2.485625982284546
