date,wl
1/1/2005,4.608576
1/2/2005,4.425696
1/3/2005,4.2672
1/4/2005,4.117848
1/5/2005,4.005072
1/6/2005,3.877056
1/7/2005,3.82524
1/8/2005,3.867912
1/9/2005,3.983736
1/10/2005,4.14528
1/11/2005,4.3434
1/12/2005,4.568952
1/13/2005,4.757928
1/14/2005,4.824984
1/15/2005,4.885944
1/16/2005,4.989576
1/17/2005,5.09016
1/18/2005,5.209032
1/19/2005,5.294376
1/20/2005,5.361432
1/21/2005,5.519928
1/22/2005,5.596128
1/23/2005,5.666232
1/24/2005,5.748528
1/25/2005,5.803392
1/26/2005,5.876544
1/27/2005,5.9436
1/28/2005,6.013704
1/29/2005,6.068568
1/30/2005,6.099048
1/31/2005,6.120384
2/1/2005,6.245352
2/2/2005,6.29412
2/3/2005,6.224016
2/4/2005,6.18744
2/5/2005,6.150864
2/6/2005,6.06552
2/7/2005,6.03504
2/8/2005,5.900928
2/9/2005,5.785104
2/10/2005,5.66928
2/11/2005,5.54736
2/12/2005,5.370576
2/13/2005,5.169408
2/14/2005,5.056632
2/15/2005,4.867656
2/16/2005,4.733544
2/17/2005,4.629912
2/18/2005,4.559808
2/19/2005,4.489704
2/20/2005,4.410456
2/21/2005,4.376928
2/22/2005,4.398264
2/23/2005,4.407408
2/24/2005,4.437888
2/25/2005,4.514088
2/26/2005,4.562856
2/27/2005,4.642104
2/28/2005,4.672584
3/1/2005,4.623816
3/2/2005,4.63296
3/3/2005,4.666488
3/4/2005,4.669536
3/5/2005,4.645152
3/6/2005,4.599432
3/7/2005,4.596384
3/8/2005,4.565904
3/9/2005,4.486656
3/10/2005,4.407408
3/11/2005,4.315968
3/12/2005,4.151376
3/13/2005,4.011168
3/14/2005,3.867912
3/15/2005,3.691128
3/16/2005,3.633216
3/17/2005,3.346704
3/18/2005,3.224784
3/19/2005,3.115056
3/20/2005,3.035808
3/21/2005,3.029712
3/22/2005,3.035808
3/23/2005,2.950464
3/24/2005,2.798064
3/25/2005,2.776728
3/26/2005,2.706624
3/27/2005,2.642616
3/28/2005,2.465832
3/29/2005,2.319528
3/30/2005,2.249424
3/31/2005,2.17932
4/1/2005,2.218944
4/2/2005,2.276856
4/3/2005,2.322576
4/4/2005,2.417064
4/5/2005,2.642616
4/6/2005,2.855976
4/7/2005,3.008376
4/8/2005,3.121152
4/9/2005,3.270504
4/10/2005,3.422904
4/11/2005,3.605784
4/12/2005,3.803904
4/13/2005,3.8862
4/14/2005,3.995928
4/15/2005,4.163568
4/16/2005,4.306824
4/17/2005,4.401312
4/18/2005,4.492752
4/19/2005,4.60248
4/20/2005,4.626864
4/21/2005,4.639056
4/22/2005,4.608576
4/23/2005,4.559808
4/24/2005,4.45008
4/25/2005,4.3434
4/26/2005,4.197096
4/27/2005,3.986784
4/28/2005,3.773424
4/29/2005,3.557016
4/30/2005,3.32232
5/1/2005,3.072384
5/2/2005,2.8956
5/3/2005,2.798064
5/4/2005,2.737104
5/5/2005,2.691384
5/6/2005,2.68224
5/7/2005,2.703576
5/8/2005,2.700528
5/9/2005,2.761488
5/10/2005,2.8194
5/11/2005,2.855976
5/12/2005,2.871216
5/13/2005,2.852928
5/14/2005,2.843784
5/15/2005,2.75844
5/16/2005,2.627376
5/17/2005,2.465832
5/18/2005,2.279904
5/19/2005,2.060448
5/20/2005,1.84404
5/21/2005,1.670304
5/22/2005,1.514856
5/23/2005,1.453896
5/24/2005,1.411224
5/25/2005,1.395984
5/26/2005,1.469136
5/27/2005,1.527048
5/28/2005,1.606296
5/29/2005,1.697736
5/30/2005,1.908048
5/31/2005,2.036064
6/1/2005,2.106168
6/2/2005,2.154936
6/3/2005,2.145792
6/4/2005,2.097024
6/5/2005,1.99644
6/6/2005,1.85928
6/7/2005,1.734312
6/8/2005,1.578864
6/9/2005,1.530096
6/10/2005,1.472184
6/11/2005,1.603248
6/12/2005,1.545336
6/13/2005,1.40208
6/14/2005,1.298448
6/15/2005,1.31064
6/16/2005,1.328928
6/17/2005,1.392936
6/18/2005,1.502664
6/19/2005,1.609344
6/20/2005,1.716024
6/21/2005,1.792224
6/22/2005,1.868424
6/23/2005,1.914144
6/24/2005,1.978152
6/25/2005,2.029968
6/26/2005,2.054352
6/27/2005,2.051304
6/28/2005,1.975104
6/29/2005,1.95072
6/30/2005,1.819656
7/1/2005,1.709928
7/2/2005,1.594104
7/3/2005,1.536192
7/4/2005,1.4478
7/5/2005,1.389888
7/6/2005,1.807464
7/7/2005,1.316736
7/8/2005,1.267968
7/9/2005,1.213104
7/10/2005,1.41732
7/11/2005,1.520952
7/12/2005,1.420368
7/13/2005,1.335024
7/14/2005,1.350264
7/15/2005,1.374648
7/16/2005,1.395984
7/17/2005,1.43256
7/18/2005,1.466088
7/19/2005,1.514856
7/20/2005,1.517904
7/21/2005,1.450848
7/22/2005,0.92964
7/23/2005,0.886968
7/24/2005,0.795528
7/25/2005,0.752856
7/26/2005,0.725424
7/27/2005,0.694944
7/28/2005,0.679704
7/29/2005,0.707136
7/30/2005,0.691896
7/31/2005,0.65532
8/1/2005,0.6096
8/2/2005,0.524256
8/3/2005,0.47244
8/4/2005,0.780288
8/5/2005,0.77724
8/6/2005,0.774192
8/7/2005,0.774192
8/8/2005,0.774192
8/9/2005,0.774192
8/10/2005,0.774192
8/11/2005,0.774192
8/12/2005,0.801624
8/13/2005,0.798576
8/14/2005,0.856488
8/15/2005,0.871728
8/16/2005,0.813816
8/17/2005,0.768096
8/18/2005,0.768096
8/19/2005,0.768096
8/20/2005,0.768096
8/21/2005,0.768096
8/22/2005,0.768096
8/23/2005,0.768096
8/24/2005,0.79248
8/25/2005,0.832104
8/26/2005,0.865632
8/27/2005,0.957072
8/28/2005,1.103376
8/29/2005,4.273296
8/30/2005,3.183128
8/31/2005,2.09296
9/1/2005,1.002792
9/2/2005,0.917448
9/3/2005,0.871728
9/4/2005,0.950976
9/5/2005,1.033272
9/6/2005,1.231392
9/7/2005,1.301496
9/8/2005,1.304544
9/9/2005,1.307592
9/10/2005,1.35636
9/11/2005,1.38684
9/12/2005,1.365504
9/13/2005,1.32588
9/14/2005,1.240536
9/15/2005,1.155192
9/16/2005,1.08204
9/17/2005,0.89916
9/18/2005,0.829056
9/19/2005,0.8382
9/20/2005,0.829056
9/21/2005,0.9144
9/22/2005,1.210056
9/23/2005,2.054352
9/24/2005,1.929384
9/25/2005,1.502664
9/26/2005,1.258824
9/27/2005,1.121664
9/28/2005,1.106424
9/29/2005,1.12776
9/30/2005,1.027176
10/1/2005,0.993648
10/2/2005,1.078992
10/3/2005,1.118616
10/4/2005,1.246632
10/5/2005,1.237488
10/6/2005,1.24968
10/7/2005,1.210056
10/8/2005,1.17348
10/9/2005,1.170432
10/10/2005,1.118616
10/11/2005,1.048512
10/12/2005,1.002792
10/13/2005,0.871728
10/14/2005,0.786384
10/15/2005,0.771144
10/16/2005,0.771144
10/17/2005,0.77724
10/18/2005,0.80772
10/19/2005,0.862584
10/20/2005,0.969264
10/21/2005,1.048512
10/22/2005,1.069848
10/23/2005,1.143
10/24/2005,0.969264
10/25/2005,0.768096
10/26/2005,0.768096
10/27/2005,0.768096
10/28/2005,0.768096
10/29/2005,0.768096
10/30/2005,0.768096
10/31/2005,0.768096
11/1/2005,0.765048
11/2/2005,0.768096
11/3/2005,0.768096
11/4/2005,0.768096
11/5/2005,0.938784
11/6/2005,0.969264
11/7/2005,0.950976
11/8/2005,0.920496
11/9/2005,0.877824
11/10/2005,0.789432
11/11/2005,0.762
11/12/2005,0.762
11/13/2005,0.762
11/14/2005,0.762
11/15/2005,0.762
11/16/2005,0.762
11/17/2005,0.762
11/18/2005,0.765048
11/19/2005,0.762
11/20/2005,0.762
11/21/2005,0.762
11/22/2005,0.762
11/23/2005,0.762
11/24/2005,0.762
11/25/2005,0.762
11/26/2005,0.762
11/27/2005,0.871728
11/28/2005,0.941832
11/29/2005,0.890016
11/30/2005,0.789432
12/1/2005,0.768096
12/2/2005,0.789432
12/3/2005,0.862584
12/4/2005,0.871728
12/5/2005,0.935736
12/6/2005,0.923544
12/7/2005,0.880872
12/8/2005,0.941832
12/9/2005,0.82296
12/10/2005,0.762
12/11/2005,0.762
12/12/2005,0.762
12/13/2005,0.762
12/14/2005,0.8382
12/15/2005,1.063752
12/16/2005,1.0668
12/17/2005,1.213104
12/18/2005,1.23444
12/19/2005,0.987552
12/20/2005,0.902208
12/21/2005,0.768096
12/22/2005,0.762
12/23/2005,0.762
12/24/2005,0.762
12/25/2005,0.762
12/26/2005,0.762
12/27/2005,0.758952
12/28/2005,0.755904
12/29/2005,0.762
12/30/2005,0.758952
12/31/2005,0.755904
1/1/2006,0.755904
1/2/2006,0.819912
1/3/2006,0.755904
1/4/2006,0.755904
1/5/2006,0.755904
1/6/2006,0.755904
1/7/2006,0.762
1/8/2006,0.755904
1/9/2006,0.755904
1/10/2006,0.755904
1/11/2006,0.755904
1/12/2006,0.762
1/13/2006,0.877824
1/14/2006,0.762
1/15/2006,0.859536
1/16/2006,0.969264
1/17/2006,1.164336
1/18/2006,1.088136
1/19/2006,1.0668
1/20/2006,1.085088
1/21/2006,1.18872
1/22/2006,1.146048
1/23/2006,1.18872
1/24/2006,1.136904
1/25/2006,1.17348
1/26/2006,1.338072
1/27/2006,1.566672
1/28/2006,1.865376
1/29/2006,2.170176
1/30/2006,2.414016
1/31/2006,2.587752
2/1/2006,2.65176
2/2/2006,2.883408
2/3/2006,2.944368
2/4/2006,3.038856
2/5/2006,3.069336
2/6/2006,3.115056
2/7/2006,3.066288
2/8/2006,3.014472
2/9/2006,2.874264
2/10/2006,2.761488
2/11/2006,2.706624
2/12/2006,2.572512
2/13/2006,2.502408
2/14/2006,2.435352
2/15/2006,2.432304
2/16/2006,2.414016
2/17/2006,2.328672
2/18/2006,2.246376
2/19/2006,2.185416
2/20/2006,2.051304
2/21/2006,1.883664
2/22/2006,1.731264
2/23/2006,1.609344
2/24/2006,1.502664
2/25/2006,1.533144
2/26/2006,1.578864
2/27/2006,1.591056
2/28/2006,1.61544
3/1/2006,1.682496
3/2/2006,1.6764
3/3/2006,1.56972
3/4/2006,1.496568
3/5/2006,1.365504
3/6/2006,1.31064
3/7/2006,1.237488
3/8/2006,1.18872
3/9/2006,1.200912
3/10/2006,1.258824
3/11/2006,1.23444
3/12/2006,1.161288
3/13/2006,1.115568
3/14/2006,1.05156
3/15/2006,1.054608
3/16/2006,1.002792
3/17/2006,0.981456
3/18/2006,1.217676
3/19/2006,1.453896
3/20/2006,1.690116
3/21/2006,1.926336
3/22/2006,2.322576
3/23/2006,2.657856
3/24/2006,2.91084
3/25/2006,3.157728
3/26/2006,3.377184
3/27/2006,3.575304
3/28/2006,3.745992
3/29/2006,3.770376
3/30/2006,3.758184
3/31/2006,3.68808
4/1/2006,3.486912
4/2/2006,3.282696
4/3/2006,2.993136
4/4/2006,2.691384
4/5/2006,2.4384
4/6/2006,2.218944
4/7/2006,2.023872
4/8/2006,1.877568
4/9/2006,1.703832
4/10/2006,1.56972
4/11/2006,1.514856
4/12/2006,1.459992
4/13/2006,1.405128
4/14/2006,1.408176
4/15/2006,1.414272
4/16/2006,1.456944
4/17/2006,1.548384
4/18/2006,1.664208
4/19/2006,1.822704
4/20/2006,1.886712
4/21/2006,1.947672
4/22/2006,1.975104
4/23/2006,1.972056
4/24/2006,1.941576
4/25/2006,1.926336
4/26/2006,1.999488
4/27/2006,1.93548
4/28/2006,1.956816
4/29/2006,2.017776
4/30/2006,2.31648
5/1/2006,2.212848
5/2/2006,2.289048
5/3/2006,2.33172
5/4/2006,2.401824
5/5/2006,2.474976
5/6/2006,2.487168
5/7/2006,2.520696
5/8/2006,2.505456
5/9/2006,2.56032
5/10/2006,2.639568
5/11/2006,2.663952
5/12/2006,2.57556
5/13/2006,2.542032
5/14/2006,2.523744
5/15/2006,2.490216
5/16/2006,2.474976
5/17/2006,2.493264
5/18/2006,2.471928
5/19/2006,2.447544
5/20/2006,2.401824
5/21/2006,2.34696
5/22/2006,2.289048
5/23/2006,2.22504
5/24/2006,2.078736
5/25/2006,1.92024
5/26/2006,1.78308
5/27/2006,1.685544
5/28/2006,1.621536
5/29/2006,1.557528
5/30/2006,1.536192
5/31/2006,1.50876
6/1/2006,1.520952
6/2/2006,1.542288
6/3/2006,1.575816
6/4/2006,1.603248
6/5/2006,1.588008
6/6/2006,1.566672
6/7/2006,1.536192
6/8/2006,1.450848
6/9/2006,1.3716
6/10/2006,1.32588
6/11/2006,1.283208
6/12/2006,1.313688
6/13/2006,1.362456
6/14/2006,1.316736
6/15/2006,1.225296
6/16/2006,1.231392
6/17/2006,1.216152
6/18/2006,1.258824
6/19/2006,1.200912
6/20/2006,1.149096
6/21/2006,1.100328
6/22/2006,1.014984
6/23/2006,0.923544
6/24/2006,0.911352
6/25/2006,0.835152
6/26/2006,0.826008
6/27/2006,0.795528
6/28/2006,0.758952
6/29/2006,0.758952
6/30/2006,0.758952
7/1/2006,0.758952
7/2/2006,0.752856
7/3/2006,0.765048
7/4/2006,0.795528
7/5/2006,0.850392
7/6/2006,0.85344
7/7/2006,0.893064
7/8/2006,0.89916
7/9/2006,0.9144
7/10/2006,0.893064
7/11/2006,0.856488
7/12/2006,0.795528
7/13/2006,0.780288
7/14/2006,0.768096
7/15/2006,0.768096
7/16/2006,0.79248
7/17/2006,0.8382
7/18/2006,0.890016
7/19/2006,0.890016
7/20/2006,0.908304
7/21/2006,0.893064
7/22/2006,0.859536
7/23/2006,0.847344
7/24/2006,0.789432
7/25/2006,0.749808
7/26/2006,0.749808
7/27/2006,0.813816
7/28/2006,0.810768
7/29/2006,0.783336
7/30/2006,0.816864
7/31/2006,0.844296
8/1/2006,0.8382
8/2/2006,0.835152
8/3/2006,0.847344
8/4/2006,0.832104
8/5/2006,0.85344
8/6/2006,0.9144
8/7/2006,0.749808
8/8/2006,0.74676
8/9/2006,0.74676
8/10/2006,0.74676
8/11/2006,0.74676
8/12/2006,0.740664
8/13/2006,0.740664
8/14/2006,0.740664
8/15/2006,0.74676
8/16/2006,0.859536
8/17/2006,0.871728
8/18/2006,0.859536
8/19/2006,0.801624
8/20/2006,0.740664
8/21/2006,0.740664
8/22/2006,0.740664
8/23/2006,0.740664
8/24/2006,0.740664
8/25/2006,0.740664
8/26/2006,0.740664
8/27/2006,0.740664
8/28/2006,0.740664
8/29/2006,0.740664
8/30/2006,0.771144
8/31/2006,0.80772
9/1/2006,0.8382
9/2/2006,0.847344
9/3/2006,0.780288
9/4/2006,0.752856
9/5/2006,0.737616
9/6/2006,0.734568
9/7/2006,0.734568
9/8/2006,0.734568
9/9/2006,0.734568
9/10/2006,0.77724
9/11/2006,0.86868
9/12/2006,0.957072
9/13/2006,1.002792
9/14/2006,1.109472
9/15/2006,0.963168
9/16/2006,0.911352
9/17/2006,0.893064
9/18/2006,0.877824
9/19/2006,0.752856
9/20/2006,0.755904
9/21/2006,0.734568
9/22/2006,0.8382
9/23/2006,0.847344
9/24/2006,0.856488
9/25/2006,0.950976
9/26/2006,1.008888
9/27/2006,1.033272
9/28/2006,1.039368
9/29/2006,1.05156
9/30/2006,1.060704
10/1/2006,1.088136
10/2/2006,1.210056
10/3/2006,1.31064
10/4/2006,1.429512
10/5/2006,1.520952
10/6/2006,1.527048
10/7/2006,1.536192
10/8/2006,1.49352
10/9/2006,1.426464
10/10/2006,1.405128
10/11/2006,1.399032
10/12/2006,1.246632
10/13/2006,1.258824
10/14/2006,1.26492
10/15/2006,1.191768
10/16/2006,1.405128
10/17/2006,1.43256
10/18/2006,1.338072
10/19/2006,1.35636
10/20/2006,1.313688
10/21/2006,1.255776
10/22/2006,1.301496
10/23/2006,1.261872
10/24/2006,1.143
10/25/2006,1.03632
10/26/2006,1.130808
10/27/2006,1.414272
10/28/2006,1.484376
10/29/2006,1.484376
10/30/2006,1.530096
10/31/2006,1.621536
11/1/2006,1.685544
11/2/2006,1.69164
11/3/2006,1.886712
11/4/2006,1.871472
11/5/2006,1.865376
11/6/2006,1.944624
11/7/2006,2.039112
11/8/2006,2.023872
11/9/2006,2.069592
11/10/2006,2.04216
11/11/2006,2.075688
11/12/2006,2.01168
11/13/2006,1.947672
11/14/2006,1.880616
11/15/2006,1.92024
11/16/2006,1.697736
11/17/2006,1.588008
11/18/2006,1.53924
11/19/2006,1.484376
11/20/2006,1.47828
11/21/2006,1.41732
11/22/2006,1.41732
11/23/2006,1.331976
11/24/2006,1.444752
11/25/2006,1.6002
11/26/2006,1.731264
11/27/2006,1.853184
11/28/2006,1.956816
11/29/2006,1.984248
11/30/2006,2.036064
12/1/2006,1.96596
12/2/2006,1.911096
12/3/2006,1.883664
12/4/2006,1.877568
12/5/2006,1.862328
12/6/2006,1.898904
12/7/2006,1.85928
12/8/2006,1.79832
12/9/2006,1.670304
12/10/2006,1.636776
12/11/2006,1.725168
12/12/2006,1.79832
12/13/2006,1.764792
12/14/2006,1.740408
12/15/2006,1.740408
12/16/2006,1.725168
12/17/2006,1.685544
12/18/2006,1.6002
12/19/2006,1.545336
12/20/2006,1.50876
12/21/2006,1.612392
12/22/2006,1.591056
12/23/2006,1.581912
12/24/2006,1.609344
12/25/2006,1.66116
12/26/2006,1.469136
12/27/2006,1.429512
12/28/2006,1.40208
12/29/2006,1.484376
12/30/2006,1.578864
12/31/2006,1.853184
1/1/2007,1.944624
1/2/2007,2.078736
1/3/2007,2.334768
1/4/2007,2.630424
1/5/2007,3.029712
1/6/2007,3.249168
1/7/2007,3.395472
1/8/2007,3.422904
1/9/2007,3.465576
1/10/2007,3.496056
1/11/2007,3.557016
1/12/2007,3.617976
1/13/2007,3.575304
1/14/2007,3.59664
1/15/2007,3.648456
1/16/2007,3.745992
1/17/2007,3.94716
1/18/2007,4.093464
1/19/2007,4.300728
1/20/2007,4.443984
1/21/2007,4.614672
1/22/2007,4.684776
1/23/2007,4.696968
1/24/2007,4.70916
1/25/2007,4.703064
1/26/2007,4.727448
1/27/2007,4.721352
1/28/2007,4.818888
1/29/2007,4.803648
1/30/2007,4.773168
1/31/2007,4.83108
2/1/2007,4.898136
2/2/2007,4.855464
2/3/2007,4.818888
2/4/2007,4.70916
2/5/2007,4.620768
2/6/2007,4.462272
2/7/2007,4.29768
2/8/2007,4.13004
2/9/2007,3.989832
2/10/2007,3.76428
2/11/2007,3.514344
2/12/2007,3.243072
2/13/2007,3.054096
2/14/2007,2.80416
2/15/2007,2.612136
2/16/2007,2.404872
2/17/2007,2.215896
2/18/2007,2.045208
2/19/2007,1.911096
2/20/2007,1.834896
2/21/2007,1.764792
2/22/2007,1.709928
2/23/2007,1.655064
2/24/2007,1.688592
2/25/2007,1.740408
2/26/2007,1.712976
2/27/2007,1.703832
2/28/2007,1.703832
3/1/2007,1.773936
3/2/2007,1.792224
3/3/2007,1.825752
3/4/2007,1.917192
3/5/2007,2.090928
3/6/2007,2.319528
3/7/2007,2.587752
3/8/2007,2.779776
3/9/2007,2.938272
3/10/2007,3.038856
3/11/2007,3.157728
3/12/2007,3.264408
3/13/2007,3.36804
3/14/2007,3.453384
3/15/2007,3.544824
3/16/2007,3.593592
3/17/2007,3.624072
3/18/2007,3.569208
3/19/2007,3.456432
3/20/2007,3.304032
3/21/2007,3.115056
3/22/2007,2.935224
3/23/2007,2.764536
3/24/2007,2.5908
3/25/2007,2.478024
3/26/2007,2.435352
3/27/2007,2.471928
3/28/2007,2.538984
3/29/2007,2.630424
3/30/2007,2.734056
3/31/2007,2.892552
4/1/2007,2.993136
4/2/2007,3.069336
4/3/2007,3.151632
4/4/2007,3.188208
4/5/2007,3.258312
4/6/2007,3.273552
4/7/2007,3.270504
4/8/2007,3.279648
4/9/2007,3.310128
4/10/2007,3.410712
4/11/2007,3.502152
4/12/2007,3.499104
4/13/2007,3.532632
4/14/2007,3.590544
4/15/2007,3.56616
4/16/2007,3.511296
4/17/2007,3.441192
4/18/2007,3.410712
4/19/2007,3.319272
4/20/2007,3.252216
4/21/2007,3.194304
4/22/2007,3.188208
4/23/2007,3.255264
4/24/2007,3.285744
4/25/2007,3.358896
4/26/2007,3.462528
4/27/2007,3.523488
4/28/2007,3.563112
4/29/2007,3.633216
4/30/2007,3.67284
5/1/2007,3.742944
5/2/2007,3.767328
5/3/2007,3.736848
5/4/2007,3.715512
5/5/2007,3.721608
5/6/2007,3.621024
5/7/2007,3.493008
5/8/2007,3.432048
5/9/2007,3.328416
5/10/2007,3.255264
5/11/2007,3.227832
5/12/2007,3.236976
5/13/2007,3.255264
5/14/2007,3.294888
5/15/2007,3.349752
5/16/2007,3.374136
5/17/2007,3.416808
5/18/2007,3.483864
5/19/2007,3.5052
5/20/2007,3.544824
5/21/2007,3.584448
5/22/2007,3.593592
5/23/2007,3.572256
5/24/2007,3.541776
5/25/2007,3.462528
5/26/2007,3.389376
5/27/2007,3.313176
5/28/2007,3.206496
5/29/2007,3.06324
5/30/2007,2.95656
5/31/2007,2.785872
6/1/2007,2.578608
6/2/2007,2.365248
6/3/2007,2.112264
6/4/2007,1.901952
6/5/2007,1.709928
6/6/2007,1.639824
6/7/2007,1.6764
6/8/2007,1.694688
6/9/2007,1.673352
6/10/2007,1.716024
6/11/2007,1.776984
6/12/2007,1.825752
6/13/2007,1.822704
6/14/2007,1.764792
6/15/2007,1.749552
6/16/2007,1.709928
6/17/2007,1.66116
6/18/2007,1.655064
6/19/2007,1.685544
6/20/2007,1.682496
6/21/2007,1.728216
6/22/2007,1.770888
6/23/2007,1.789176
6/24/2007,1.81356
6/25/2007,1.804416
6/26/2007,1.795272
6/27/2007,1.795272
6/28/2007,1.850136
6/29/2007,1.837944
6/30/2007,1.780032
7/1/2007,1.731264
7/2/2007,1.679448
7/3/2007,1.66116
7/4/2007,1.73736
7/5/2007,1.825752
7/6/2007,1.911096
7/7/2007,1.95072
7/8/2007,2.008632
7/9/2007,2.063496
7/10/2007,2.176272
7/11/2007,2.279904
7/12/2007,2.337816
7/13/2007,2.371344
7/14/2007,2.401824
7/15/2007,2.490216
7/16/2007,1.856232
7/17/2007,1.96596
7/18/2007,1.99644
7/19/2007,1.978152
7/20/2007,2.795016
7/21/2007,2.749296
7/22/2007,2.68224
7/23/2007,2.63652
7/24/2007,2.554224
7/25/2007,2.471928
7/26/2007,2.350008
7/27/2007,2.231136
7/28/2007,2.124456
7/29/2007,2.020824
7/30/2007,1.926336
7/31/2007,1.850136
8/1/2007,1.807464
8/2/2007,1.801368
8/3/2007,1.825752
8/4/2007,1.789176
8/5/2007,1.709928
8/6/2007,1.612392
8/7/2007,1.502664
8/8/2007,1.441704
8/9/2007,1.41732
8/10/2007,1.335024
8/11/2007,1.313688
8/12/2007,1.26492
8/13/2007,1.197864
8/14/2007,1.155192
8/15/2007,1.152144
8/16/2007,1.17348
8/17/2007,1.149096
8/18/2007,1.11252
8/19/2007,1.149096
8/20/2007,1.194816
8/21/2007,1.277112
8/22/2007,1.292352
8/23/2007,1.246632
8/24/2007,1.237488
8/25/2007,1.179576
8/26/2007,1.11252
8/27/2007,1.088136
8/28/2007,1.030224
8/29/2007,1.00584
8/30/2007,0.987552
8/31/2007,1.060704
9/1/2007,1.109472
9/2/2007,1.17348
9/3/2007,1.210056
9/4/2007,1.243584
9/5/2007,1.322832
9/6/2007,1.362456
9/7/2007,1.377696
9/8/2007,1.405128
9/9/2007,1.40208
9/10/2007,1.466088
9/11/2007,1.426464
9/12/2007,1.429512
9/13/2007,1.435608
9/14/2007,1.423416
9/15/2007,1.399032
9/16/2007,1.411224
9/17/2007,1.374648
9/18/2007,1.362456
9/19/2007,1.331976
9/20/2007,1.240536
9/21/2007,1.26492
9/22/2007,1.18872
9/23/2007,1.146048
9/24/2007,1.057656
9/25/2007,1.069848
9/26/2007,1.033272
9/27/2007,1.027176
9/28/2007,0.978408
9/29/2007,1.024128
9/30/2007,1.12776
10/1/2007,1.167384
10/2/2007,1.121664
10/3/2007,1.210056
10/4/2007,1.207008
10/5/2007,1.197864
10/6/2007,1.033272
10/7/2007,1.15824
10/8/2007,1.088136
10/9/2007,1.106424
10/10/2007,1.05156
10/11/2007,0.935736
10/12/2007,1.002792
10/13/2007,0.92964
10/14/2007,0.923544
10/15/2007,1.05156
10/16/2007,1.146048
10/17/2007,1.143
10/18/2007,1.191768
10/19/2007,1.197864
10/20/2007,1.057656
10/21/2007,0.978408
10/22/2007,1.075944
10/23/2007,0.97536
10/24/2007,0.917448
10/25/2007,0.917448
10/26/2007,0.917448
10/27/2007,0.917448
10/28/2007,1.155192
10/29/2007,1.197864
10/30/2007,1.34112
10/31/2007,1.374648
11/1/2007,1.362456
11/2/2007,1.377696
11/3/2007,1.335024
11/4/2007,1.2954
11/5/2007,1.252728
11/6/2007,1.20396
11/7/2007,1.143
11/8/2007,1.088136
11/9/2007,1.030224
11/10/2007,0.96012
11/11/2007,0.966216
11/12/2007,1.027176
11/13/2007,1.008888
11/14/2007,1.011936
11/15/2007,1.011936
11/16/2007,0.957072
11/17/2007,0.905256
11/18/2007,0.902208
11/19/2007,0.89916
11/20/2007,0.89916
11/21/2007,0.89916
11/22/2007,0.89916
11/23/2007,0.905256
11/24/2007,0.905256
11/25/2007,1.00584
11/26/2007,0.993648
11/27/2007,0.905256
11/28/2007,0.966216
11/29/2007,0.89916
11/30/2007,0.89916
12/1/2007,0.89916
12/2/2007,0.89916
12/3/2007,0.89916
12/4/2007,0.89916
12/5/2007,0.89916
12/6/2007,0.89916
12/7/2007,0.89916
12/8/2007,0.89916
12/9/2007,0.896112
12/10/2007,0.89916
12/11/2007,0.920496
12/12/2007,0.966216
12/13/2007,0.954024
12/14/2007,0.987552
12/15/2007,0.9906
12/16/2007,0.902208
12/17/2007,0.89916
12/18/2007,0.92964
12/19/2007,1.08204
12/20/2007,1.353312
12/21/2007,1.712976
12/22/2007,1.990344
12/23/2007,2.276856
12/24/2007,2.471928
12/25/2007,2.68224
12/26/2007,2.86512
12/27/2007,2.98704
12/28/2007,3.011424
12/29/2007,3.00228
12/30/2007,3.066288
12/31/2007,2.990088
1/1/2008,2.953512
1/2/2008,2.7432
1/3/2008,2.5908
1/4/2008,2.441448
1/5/2008,2.34696
1/6/2008,2.25552
1/7/2008,2.136648
1/8/2008,2.069592
1/9/2008,2.002536
1/10/2008,1.911096
1/11/2008,1.79832
1/12/2008,1.679448
1/13/2008,1.597152
1/14/2008,1.450848
1/15/2008,1.31064
1/16/2008,1.34112
1/17/2008,1.63068
1/18/2008,1.606296
1/19/2008,1.901952
1/20/2008,2.084832
1/21/2008,2.25552
1/22/2008,2.456688
1/23/2008,2.569464
1/24/2008,2.630424
1/25/2008,2.679192
1/26/2008,2.612136
1/27/2008,2.478024
1/28/2008,2.252472
1/29/2008,2.048256
1/30/2008,1.92024
1/31/2008,1.79832
2/1/2008,1.719072
2/2/2008,1.560576
2/3/2008,1.441704
2/4/2008,1.395984
2/5/2008,1.423416
2/6/2008,1.502664
2/7/2008,1.399032
2/8/2008,1.405128
2/9/2008,1.453896
2/10/2008,1.514856
2/11/2008,1.633728
2/12/2008,1.877568
2/13/2008,2.075688
2/14/2008,2.261616
2/15/2008,2.502408
2/16/2008,2.740152
2/17/2008,3.102864
2/18/2008,3.343656
2/19/2008,3.53568
2/20/2008,3.721608
2/21/2008,3.995928
2/22/2008,4.169664
2/23/2008,4.322064
2/24/2008,4.413504
2/25/2008,4.48056
2/26/2008,4.492752
2/27/2008,4.477512
2/28/2008,4.492752
2/29/2008,4.48056
3/1/2008,4.456176
3/2/2008,4.413504
3/3/2008,4.410456
3/4/2008,4.367784
3/5/2008,4.224528
3/6/2008,4.187952
3/7/2008,4.248912
3/8/2008,4.09956
3/9/2008,4.111752
3/10/2008,4.111752
3/11/2008,4.194048
3/12/2008,4.25196
3/13/2008,4.300728
3/14/2008,4.398264
3/15/2008,4.468368
3/16/2008,4.547616
3/17/2008,4.614672
3/18/2008,4.700016
3/19/2008,4.821936
3/20/2008,4.681728
3/21/2008,4.700016
3/22/2008,4.672584
3/23/2008,4.733544
3/24/2008,4.773168
3/25/2008,4.828032
3/26/2008,4.870704
3/27/2008,4.949952
3/28/2008,5.047488
3/29/2008,5.12064
3/30/2008,5.209032
3/31/2008,5.312664
4/1/2008,5.42544
4/2/2008,5.507736
4/3/2008,5.62356
4/4/2008,5.727192
4/5/2008,5.885688
4/6/2008,5.971032
4/7/2008,6.096
4/8/2008,6.163056
4/9/2008,6.2484
4/10/2008,6.38556
4/11/2008,6.486144
4/12/2008,6.440424
4/13/2008,6.388608
4/14/2008,6.388608
4/15/2008,6.437376
4/16/2008,6.437376
4/17/2008,6.458712
4/18/2008,6.52272
4/19/2008,6.516624
4/20/2008,6.46176
4/21/2008,6.486144
4/22/2008,6.498336
4/23/2008,6.49224
4/24/2008,6.477
4/25/2008,6.467856
4/26/2008,6.486144
4/27/2008,6.470904
4/28/2008,6.470904
4/29/2008,6.44652
4/30/2008,6.425184
5/1/2008,6.373368
5/2/2008,6.342888
5/3/2008,6.300216
5/4/2008,6.214872
5/5/2008,6.160008
5/6/2008,6.096
5/7/2008,6.0198
5/8/2008,5.967984
5/9/2008,5.873496
5/10/2008,5.69976
5/11/2008,5.614416
5/12/2008,5.498592
5/13/2008,5.398008
5/14/2008,5.37972
5/15/2008,5.428488
5/16/2008,5.34924
5/17/2008,5.291328
5/18/2008,5.2578
5/19/2008,5.218176
5/20/2008,5.157216
5/21/2008,5.12064
5/22/2008,5.081016
5/23/2008,5.129784
5/24/2008,5.10032
5/25/2008,5.070856
5/26/2008,5.041392
5/27/2008,5.050536
5/28/2008,5.0292
5/29/2008,4.977384
5/30/2008,4.953
5/31/2008,4.904232
6/1/2008,4.864608
6/2/2008,4.828032
6/3/2008,4.78536
6/4/2008,4.742688
6/5/2008,4.70916
6/6/2008,4.654296
6/7/2008,4.593336
6/8/2008,4.523232
6/9/2008,4.416552
6/10/2008,4.364736
6/11/2008,4.245864
6/12/2008,4.187952
6/13/2008,4.123944
6/14/2008,4.047744
6/15/2008,4.035552
6/16/2008,4.00812
6/17/2008,4.026408
6/18/2008,4.0386
6/19/2008,4.081272
6/20/2008,4.2025824
6/21/2008,4.3238928
6/22/2008,4.4452032
6/23/2008,4.5665136
6/24/2008,4.687824
6/25/2008,4.718304
6/26/2008,4.736592
6/27/2008,4.791456
6/28/2008,4.809744
6/29/2008,4.809744
6/30/2008,4.803648
7/1/2008,4.767072
7/2/2008,4.767072
7/3/2008,4.742688
7/4/2008,4.700016
7/5/2008,4.681728
7/6/2008,4.669536
7/7/2008,4.431792
7/8/2008,4.413504
7/9/2008,4.413504
7/10/2008,4.407408
7/11/2008,4.422648
7/12/2008,4.401312
7/13/2008,4.383024
7/14/2008,4.376928
7/15/2008,4.395216
7/16/2008,4.376928
7/17/2008,4.35864
7/18/2008,4.334256
7/19/2008,4.303776
7/20/2008,4.230624
7/21/2008,4.157472
7/22/2008,4.151376
7/23/2008,4.072128
7/24/2008,3.938016
7/25/2008,3.791712
7/26/2008,3.608832
7/27/2008,3.438144
7/28/2008,3.191256
7/29/2008,2.938272
7/30/2008,2.68224
7/31/2008,2.481072
8/1/2008,2.292096
8/2/2008,2.176272
8/3/2008,2.060448
8/4/2008,2.206752
8/5/2008,2.206752
8/6/2008,2.200656
8/7/2008,2.197608
8/8/2008,2.273808
8/9/2008,2.304288
8/10/2008,2.414016
8/11/2008,2.450592
8/12/2008,2.474976
8/13/2008,2.554224
8/14/2008,2.49936
8/15/2008,2.49936
8/16/2008,2.374392
8/17/2008,2.267712
8/18/2008,2.115312
8/19/2008,1.999488
8/20/2008,1.92024
8/21/2008,1.825752
8/22/2008,1.734312
8/23/2008,1.633728
8/24/2008,1.58496
8/25/2008,1.6764
8/26/2008,1.61544
8/27/2008,1.517904
8/28/2008,1.426464
8/29/2008,1.347216
8/30/2008,1.255776
8/31/2008,1.255776
9/1/2008,3.008376
9/2/2008,2.084832
9/3/2008,1.908048
9/4/2008,1.95072
9/5/2008,2.188464
9/6/2008,2.121408
9/7/2008,2.014728
9/8/2008,2.029968
9/9/2008,2.10312
9/10/2008,2.151888
9/11/2008,2.368296
9/12/2008,3.127248
9/13/2008,2.572512
9/14/2008,2.115312
9/15/2008,1.914144
9/16/2008,1.956816
9/17/2008,2.01168
9/18/2008,2.008632
9/19/2008,2.07264
9/20/2008,2.139696
9/21/2008,2.121408
9/22/2008,2.218944
9/23/2008,2.267712
9/24/2008,2.432304
9/25/2008,2.557272
9/26/2008,2.673096
9/27/2008,2.776728
9/28/2008,2.91084
9/29/2008,3.00228
9/30/2008,3.057144
10/1/2008,2.959608
10/2/2008,2.831592
10/3/2008,2.660904
10/4/2008,2.478024
10/5/2008,2.3622
10/6/2008,2.289048
10/7/2008,2.142744
10/8/2008,2.002536
10/9/2008,1.792224
10/10/2008,1.685544
10/11/2008,1.575816
10/12/2008,1.636776
10/13/2008,1.655064
10/14/2008,1.612392
10/15/2008,1.575816
10/16/2008,1.517904
10/17/2008,1.459992
10/18/2008,1.466088
10/19/2008,1.47828
10/20/2008,1.380744
10/21/2008,1.316736
10/22/2008,1.271016
10/23/2008,1.304544
10/24/2008,1.453896
10/25/2008,1.271016
10/26/2008,1.185672
10/27/2008,1.179576
10/28/2008,1.179576
10/29/2008,1.17348
10/30/2008,1.167384
10/31/2008,1.161288
11/1/2008,1.161288
11/2/2008,1.15824
11/3/2008,1.155192
11/4/2008,1.155192
11/5/2008,1.155192
11/6/2008,1.155192
11/7/2008,1.155192
11/8/2008,1.155192
11/9/2008,1.155192
11/10/2008,1.155192
11/11/2008,1.155192
11/12/2008,1.155192
11/13/2008,1.155192
11/14/2008,1.155192
11/15/2008,1.155192
11/16/2008,1.155192
11/17/2008,1.152144
11/18/2008,1.149096
11/19/2008,1.149096
11/20/2008,1.149096
11/21/2008,1.149096
11/22/2008,1.149096
11/23/2008,1.143
11/24/2008,1.143
11/25/2008,1.143
11/26/2008,1.143
11/27/2008,1.143
11/28/2008,1.143
11/29/2008,1.139952
11/30/2008,1.143
12/1/2008,1.143
12/2/2008,1.143
12/3/2008,1.139952
12/4/2008,1.136904
12/5/2008,1.143
12/6/2008,1.139952
12/7/2008,1.136904
12/8/2008,1.136904
12/9/2008,1.136904
12/10/2008,1.136904
12/11/2008,1.136904
12/12/2008,1.136904
12/13/2008,1.161288
12/14/2008,1.38684
12/15/2008,1.41732
12/16/2008,1.362456
12/17/2008,1.289304
12/18/2008,1.228344
12/19/2008,1.185672
12/20/2008,1.185672
12/21/2008,1.228344
12/22/2008,1.423416
12/23/2008,1.612392
12/24/2008,1.825752
12/25/2008,1.868424
12/26/2008,1.911096
12/27/2008,1.959864
12/28/2008,2.014728
12/29/2008,2.097024
12/30/2008,2.161032
12/31/2008,2.282952
1/1/2009,2.398776
1/2/2009,2.526792
1/3/2009,2.612136
1/4/2009,2.80416
1/5/2009,2.996184
1/6/2009,3.188208
1/7/2009,3.41376
1/8/2009,3.53568
1/9/2009,3.709416
1/10/2009,3.828288
1/11/2009,3.907536
1/12/2009,3.8862
1/13/2009,3.797808
1/14/2009,3.639312
1/15/2009,3.493008
1/16/2009,3.38328
1/17/2009,3.310128
1/18/2009,3.2766
1/19/2009,3.236976
1/20/2009,3.2766
1/21/2009,3.255264
1/22/2009,3.273552
1/23/2009,3.249168
1/24/2009,3.090672
1/25/2009,2.889504
1/26/2009,2.609088
1/27/2009,2.359152
1/28/2009,2.136648
1/29/2009,1.87452
1/30/2009,1.694688
1/31/2009,1.481328
2/1/2009,1.389888
2/2/2009,1.481328
2/3/2009,1.499616
2/4/2009,1.438656
2/5/2009,1.365504
2/6/2009,1.411224
2/7/2009,1.55448
2/8/2009,1.758696
2/9/2009,2.01168
2/10/2009,2.25552
2/11/2009,2.389632
2/12/2009,2.212848
2/13/2009,2.10312
2/14/2009,2.07264
2/15/2009,2.115312
2/16/2009,2.154936
2/17/2009,2.176272
2/18/2009,2.249424
2/19/2009,2.328672
2/20/2009,2.4384
2/21/2009,2.554224
2/22/2009,2.71272
2/23/2009,2.86512
2/24/2009,2.950464
2/25/2009,3.054096
2/26/2009,3.145536
2/27/2009,3.2004
2/28/2009,3.176016
3/1/2009,3.041904
3/2/2009,2.923032
3/3/2009,2.840736
3/4/2009,2.737104
3/5/2009,2.62128
3/6/2009,2.54508
3/7/2009,2.505456
3/8/2009,2.566416
3/9/2009,2.563368
3/10/2009,2.542032
3/11/2009,2.5146
3/12/2009,2.432304
3/13/2009,2.37744
3/14/2009,2.359152
3/15/2009,2.353056
3/16/2009,2.414016
3/17/2009,2.426208
3/18/2009,2.538984
3/19/2009,2.627376
3/20/2009,2.731008
3/21/2009,2.846832
3/22/2009,2.950464
3/23/2009,3.127248
3/24/2009,3.279648
3/25/2009,3.468624
3/26/2009,3.59664
3/27/2009,3.834384
3/28/2009,4.047744
3/29/2009,3.968496
3/30/2009,3.956304
3/31/2009,3.950208
4/1/2009,3.941064
4/2/2009,4.005072
4/3/2009,3.974592
4/4/2009,3.968496
4/5/2009,4.017264
4/6/2009,4.011168
4/7/2009,4.047744
4/8/2009,4.14528
4/9/2009,4.200144
4/10/2009,4.303776
4/11/2009,4.279392
4/12/2009,4.32816
4/13/2009,4.413504
4/14/2009,4.376928
4/15/2009,4.413504
4/16/2009,4.38912
4/17/2009,4.416552
4/18/2009,4.486656
4/19/2009,4.498848
4/20/2009,4.492752
4/21/2009,4.474464
4/22/2009,4.462272
4/23/2009,4.428744
4/24/2009,4.425696
4/25/2009,4.428744
4/26/2009,4.407408
4/27/2009,4.431792
4/28/2009,4.413504
4/29/2009,4.352544
4/30/2009,4.35864
5/1/2009,4.352544
5/2/2009,4.337304
5/3/2009,4.346448
5/4/2009,4.35864
5/5/2009,4.303776
5/6/2009,4.346448
5/7/2009,4.376928
5/8/2009,4.425696
5/9/2009,4.517136
5/10/2009,4.578096
5/11/2009,4.675632
5/12/2009,4.797552
5/13/2009,4.90728
5/14/2009,5.035296
5/15/2009,5.15112
5/16/2009,5.28828
5/17/2009,5.422392
5/18/2009,5.571744
5/19/2009,5.711952
5/20/2009,5.7912
5/21/2009,5.888736
5/22/2009,6.00456
5/23/2009,6.12648
5/24/2009,6.163056
5/25/2009,6.18744
5/26/2009,6.193536
5/27/2009,6.205728
5/28/2009,6.260592
5/29/2009,6.30936
5/30/2009,6.364224
5/31/2009,6.382512
6/1/2009,6.376416
6/2/2009,6.376416
6/3/2009,6.336792
6/4/2009,6.275832
6/5/2009,6.18744
6/6/2009,6.102096
6/7/2009,6.041136
6/8/2009,5.9436
6/9/2009,5.809488
6/10/2009,5.675376
6/11/2009,5.559552
6/12/2009,5.419344
6/13/2009,5.27304
6/14/2009,5.126736
6/15/2009,4.992624
6/16/2009,4.828032
6/17/2009,4.669536
6/18/2009,4.523232
6/19/2009,4.413504
6/20/2009,4.315968
6/21/2009,4.242816
6/22/2009,4.17576
6/23/2009,4.133088
6/24/2009,4.090416
6/25/2009,4.093464
6/26/2009,4.102608
6/27/2009,4.08432
6/28/2009,4.072128
6/29/2009,4.059936
6/30/2009,4.059936
7/1/2009,4.035552
7/2/2009,3.99288
7/3/2009,3.919728
7/4/2009,3.822192
7/5/2009,3.730752
7/6/2009,3.621024
7/7/2009,3.462528
7/8/2009,3.21564
7/9/2009,2.974848
7/10/2009,2.706624
7/11/2009,2.4384
7/12/2009,2.221992
7/13/2009,2.066544
7/14/2009,1.9812
7/15/2009,1.877568
7/16/2009,1.822704
7/17/2009,1.773936
7/18/2009,1.70688
7/19/2009,1.603248
7/20/2009,1.548384
7/21/2009,1.524
7/22/2009,1.469136
7/23/2009,1.444752
7/24/2009,1.481328
7/25/2009,1.542288
7/26/2009,1.572768
7/27/2009,1.588008
7/28/2009,1.603248
7/29/2009,1.61544
7/30/2009,1.55448
7/31/2009,1.606296
8/1/2009,1.594104
8/2/2009,1.652016
8/3/2009,1.712976
8/4/2009,1.743456
8/5/2009,1.789176
8/6/2009,1.819656
8/7/2009,1.853184
8/8/2009,1.944624
8/9/2009,2.048256
8/10/2009,2.16408
8/11/2009,2.22504
8/12/2009,2.249424
8/13/2009,2.267712
8/14/2009,2.267712
8/15/2009,2.267712
8/16/2009,2.243328
8/17/2009,2.1336
8/18/2009,1.941576
8/19/2009,1.780032
8/20/2009,1.664208
8/21/2009,1.572768
8/22/2009,1.499616
8/23/2009,1.469136
8/24/2009,1.49352
8/25/2009,1.46304
8/26/2009,1.46304
8/27/2009,1.438656
8/28/2009,1.469136
8/29/2009,1.46304
8/30/2009,1.420368
8/31/2009,1.38684
9/1/2009,1.380744
9/2/2009,1.399032
9/3/2009,1.38684
9/4/2009,1.405128
9/5/2009,1.405128
9/6/2009,1.380744
9/7/2009,1.374648
9/8/2009,1.373124
9/9/2009,1.3716
9/10/2009,1.405128
9/11/2009,1.4478
9/12/2009,1.612392
9/13/2009,1.594104
9/14/2009,1.581912
9/15/2009,1.459992
9/16/2009,1.411224
9/17/2009,1.374648
9/18/2009,1.374648
9/19/2009,1.405128
9/20/2009,1.414272
9/21/2009,1.496568
9/22/2009,1.63068
9/23/2009,1.746504
9/24/2009,1.786128
9/25/2009,1.797558
9/26/2009,1.808988
9/27/2009,1.820418
9/28/2009,1.831848
9/29/2009,1.837944
9/30/2009,1.886712
10/1/2009,1.901952
10/2/2009,1.972056
10/3/2009,1.93548
10/4/2009,1.972056
10/5/2009,2.078736
10/6/2009,2.1336
10/7/2009,2.286
10/8/2009,2.368296
10/9/2009,2.465832
10/10/2009,2.441448
10/11/2009,2.459736
10/12/2009,2.359152
10/13/2009,2.307336
10/14/2009,2.313432
10/15/2009,2.496312
10/16/2009,2.84988
10/17/2009,3.227832
10/18/2009,3.52044
10/19/2009,3.76428
10/20/2009,3.956304
10/21/2009,4.191
10/22/2009,4.4196
10/23/2009,4.501896
10/24/2009,4.422648
10/25/2009,4.422648
10/26/2009,4.349496
10/27/2009,4.319016
10/28/2009,4.288536
10/29/2009,4.291584
10/30/2009,4.291584
10/31/2009,4.264152
11/1/2009,4.28244
11/2/2009,4.355592
11/3/2009,4.43484
11/4/2009,4.562856
11/5/2009,4.67868
11/6/2009,4.794504
11/7/2009,4.873752
11/8/2009,4.92252
11/9/2009,5.099304
11/10/2009,5.465064
11/11/2009,5.4226968
11/12/2009,5.3803296
11/13/2009,5.3379624
11/14/2009,5.2955952
11/15/2009,5.253228
11/16/2009,5.2108608
11/17/2009,5.1684936
11/18/2009,5.1261264
11/19/2009,5.0837592
11/20/2009,5.041392
11/21/2009,4.943856
11/22/2009,4.870704
11/23/2009,4.69392
11/24/2009,4.547616
11/25/2009,4.462272
11/26/2009,4.395216
11/27/2009,4.315968
11/28/2009,4.2672
11/29/2009,4.23672
11/30/2009,4.230624
12/1/2009,4.248912
12/2/2009,4.361688
12/3/2009,4.111752
12/4/2009,4.044696
12/5/2009,3.928872
12/6/2009,3.758184
12/7/2009,3.636264
12/8/2009,3.624072
12/9/2009,3.483864
12/10/2009,3.349752
12/11/2009,3.334512
12/12/2009,3.355848
12/13/2009,3.416808
12/14/2009,3.404616
12/15/2009,3.569208
12/16/2009,3.7338
12/17/2009,3.898392
12/18/2009,4.172712
12/19/2009,4.13004
12/20/2009,4.16052
12/21/2009,4.16052
12/22/2009,4.25196
12/23/2009,4.361688
12/24/2009,4.447032
12/25/2009,4.422648
12/26/2009,4.325112
12/27/2009,4.364736
12/28/2009,4.40436
12/29/2009,4.443984
12/30/2009,4.483608
12/31/2009,4.623816
1/1/2010,4.672584
1/2/2010,4.721352
1/3/2010,4.760976
1/4/2010,4.77012
1/5/2010,4.760976
1/6/2010,4.764024
1/7/2010,4.803648
1/8/2010,4.824984
1/9/2010,4.83108
1/10/2010,4.782312
1/11/2010,4.672584
1/12/2010,4.52628
1/13/2010,4.367784
1/14/2010,4.227576
1/15/2010,4.09956
1/16/2010,4.087368
1/17/2010,3.880104
1/18/2010,3.5814
1/19/2010,3.404616
1/20/2010,3.221736
1/21/2010,3.15468
1/22/2010,3.00228
1/23/2010,2.953512
1/24/2010,2.990088
1/25/2010,2.944368
1/26/2010,2.9718
1/27/2010,3.081528
1/28/2010,3.331464
1/29/2010,3.630168
1/30/2010,3.853688
1/31/2010,4.077208
2/1/2010,4.300728
2/2/2010,4.471416
2/3/2010,4.562856
2/4/2010,4.69392
2/5/2010,4.864608
2/6/2010,4.901184
2/7/2010,4.971288
2/8/2010,5.062728
2/9/2010,5.190744
2/10/2010,5.209032
2/11/2010,5.297424
2/12/2010,5.434584
2/13/2010,5.477256
2/14/2010,5.489448
2/15/2010,5.477256
2/16/2010,5.483352
2/17/2010,5.44068
2/18/2010,5.398008
2/19/2010,5.385816
2/20/2010,5.330952
2/21/2010,5.312664
2/22/2010,5.254752
2/23/2010,5.157216
2/24/2010,5.053584
2/25/2010,4.919472
2/26/2010,4.779264
2/27/2010,4.66344
2/28/2010,4.498848
3/1/2010,4.334256
3/2/2010,4.352544
3/3/2010,4.218432
3/4/2010,4.16052
3/5/2010,4.081272
3/6/2010,4.044696
3/7/2010,3.998976
3/8/2010,3.950208
3/9/2010,3.93192
3/10/2010,3.852672
3/11/2010,3.767328
3/12/2010,3.6576
3/13/2010,3.462528
3/14/2010,3.297936
3/15/2010,3.151632
3/16/2010,3.069336
3/17/2010,3.023616
3/18/2010,2.999232
3/19/2010,3.048
3/20/2010,3.133344
3/21/2010,3.304032
3/22/2010,3.389376
3/23/2010,3.547872
3/24/2010,3.736848
3/25/2010,3.956304
3/26/2010,4.072128
3/27/2010,4.230624
3/28/2010,4.346448
3/29/2010,4.401312
3/30/2010,4.474464
3/31/2010,4.51104
4/1/2010,4.547616
4/2/2010,4.629912
4/3/2010,4.718304
4/4/2010,4.75488
4/5/2010,4.78536
4/6/2010,4.791456
4/7/2010,4.840224
4/8/2010,4.840224
4/9/2010,4.828032
4/10/2010,4.828032
4/11/2010,4.81584
4/12/2010,4.803648
4/13/2010,4.791456
4/14/2010,4.78536
4/15/2010,4.757928
4/16/2010,4.706112
4/17/2010,4.608576
4/18/2010,4.532376
4/19/2010,4.425696
4/20/2010,4.340352
4/21/2010,4.23672
4/22/2010,4.139184
4/23/2010,4.029456
4/24/2010,3.928872
4/25/2010,3.791712
4/26/2010,3.541776
4/27/2010,3.297936
4/28/2010,3.054096
4/29/2010,2.883408
4/30/2010,2.80416
5/1/2010,2.663952
5/2/2010,2.572512
5/3/2010,2.462784
5/4/2010,2.508504
5/5/2010,2.68224
5/6/2010,2.871216
5/7/2010,3.07848
5/8/2010,3.212592
5/9/2010,3.416808
5/10/2010,3.614928
5/11/2010,3.81
5/12/2010,3.968496
5/13/2010,4.136136
5/14/2010,4.262628
5/15/2010,4.38912
5/16/2010,4.559808
5/17/2010,4.584192
5/18/2010,4.672584
5/19/2010,4.736592
5/20/2010,4.803648
5/21/2010,4.873752
5/22/2010,4.943856
5/23/2010,5.007864
5/24/2010,5.041392
5/25/2010,5.062728
5/26/2010,5.084064
5/27/2010,5.096256
5/28/2010,5.104384
5/29/2010,5.112512
5/30/2010,5.12064
5/31/2010,5.126736
6/1/2010,5.114544
6/2/2010,5.102352
6/3/2010,5.102352
6/4/2010,5.093208
6/5/2010,5.071872
6/6/2010,5.0292
6/7/2010,4.931664
6/8/2010,4.834128
6/9/2010,4.706112
6/10/2010,4.547616
6/11/2010,4.392168
6/12/2010,4.203192
6/13/2010,4.012692
6/14/2010,3.822192
6/15/2010,3.663696
6/16/2010,3.532632
6/17/2010,3.401568
6/18/2010,3.328416
6/19/2010,3.304032
6/20/2010,3.30708
6/21/2010,3.364992
6/22/2010,3.422904
6/23/2010,3.44424
6/24/2010,3.462528
6/25/2010,3.517392
6/26/2010,3.572256
6/27/2010,3.651504
6/28/2010,3.706368
6/29/2010,3.74904
6/30/2010,3.724656
7/1/2010,3.767328
7/2/2010,3.736848
7/3/2010,3.74904
7/4/2010,3.858768
7/5/2010,3.898392
7/6/2010,3.895344
7/7/2010,3.90144
7/8/2010,3.877056
7/9/2010,3.877056
7/10/2010,3.834384
7/11/2010,3.816096
7/12/2010,3.773424
7/13/2010,3.730752
7/14/2010,3.669792
7/15/2010,3.6576
7/16/2010,3.630168
7/17/2010,3.621024
7/18/2010,3.608832
7/19/2010,3.584448
7/20/2010,3.560064
7/21/2010,3.526536
7/22/2010,3.511296
7/23/2010,3.529584
7/24/2010,3.480816
7/25/2010,3.511296
7/26/2010,3.392424
7/27/2010,3.212592
7/28/2010,3.13944
7/29/2010,3.054096
7/30/2010,3.023616
7/31/2010,3.029712
8/1/2010,3.054096
8/2/2010,3.090672
8/3/2010,3.090672
8/4/2010,3.090672
8/5/2010,3.06324
8/6/2010,3.023616
8/7/2010,2.95656
8/8/2010,2.889504
8/9/2010,2.798064
8/10/2010,2.749296
8/11/2010,2.761488
8/12/2010,2.855976
8/13/2010,2.752344
8/14/2010,2.663952
8/15/2010,2.566416
8/16/2010,2.456688
8/17/2010,2.429256
8/18/2010,2.414016
8/19/2010,2.40792
8/20/2010,2.380488
8/21/2010,2.2098
8/22/2010,2.060448
8/23/2010,1.944624
8/24/2010,1.932432
8/25/2010,1.9812
8/26/2010,1.999488
8/27/2010,2.054352
8/28/2010,2.16408
8/29/2010,2.200656
8/30/2010,2.267712
8/31/2010,2.298192
9/1/2010,2.340864
9/2/2010,2.310384
9/3/2010,2.16408
9/4/2010,2.063496
9/5/2010,1.956816
9/6/2010,1.868424
9/7/2010,1.773936
9/8/2010,1.725168
9/9/2010,1.719072
9/10/2010,1.709928
9/11/2010,1.700784
9/12/2010,1.694688
9/13/2010,1.688592
9/14/2010,1.688592
9/15/2010,1.682496
9/16/2010,1.682496
9/17/2010,1.682496
9/18/2010,1.682496
9/19/2010,1.682496
9/20/2010,1.682496
9/21/2010,1.682496
9/22/2010,1.6764
9/23/2010,1.6764
9/24/2010,1.6764
9/25/2010,1.6764
9/26/2010,1.6764
9/27/2010,1.6764
9/28/2010,1.6764
9/29/2010,1.6764
9/30/2010,1.6764
10/1/2010,1.673352
10/2/2010,1.673352
10/3/2010,1.670304
10/4/2010,1.670304
10/5/2010,1.612392
10/6/2010,1.55448
10/7/2010,1.496568
10/8/2010,1.438656
10/9/2010,1.475232
10/10/2010,1.55448
10/11/2010,1.524
10/12/2010,1.481328
10/13/2010,1.43256
10/14/2010,1.307592
10/15/2010,1.301496
10/16/2010,1.210056
10/17/2010,1.167384
10/18/2010,1.161288
10/19/2010,1.2192
10/20/2010,1.167384
10/21/2010,1.197864
10/22/2010,1.194816
10/23/2010,1.146048
10/24/2010,1.228344
10/25/2010,1.246632
10/26/2010,1.301496
10/27/2010,1.28016
10/28/2010,1.197864
10/29/2010,1.258824
10/30/2010,1.170432
10/31/2010,1.124712
11/1/2010,1.02108
11/2/2010,0.923544
11/3/2010,0.981456
11/4/2010,0.972312
11/5/2010,0.905256
11/6/2010,0.789432
11/7/2010,0.70104
11/8/2010,0.762
11/9/2010,0.850392
11/10/2010,0.859536
11/11/2010,0.85344
11/12/2010,0.877824
11/13/2010,0.844296
11/14/2010,0.88392
11/15/2010,0.94488
11/16/2010,0.999744
11/17/2010,0.908304
11/18/2010,0.871728
11/19/2010,0.786384
11/20/2010,0.810768
11/21/2010,0.826008
11/22/2010,0.877824
11/23/2010,0.877824
11/24/2010,0.911352
11/25/2010,1.027176
11/26/2010,1.042416
11/27/2010,1.091184
11/28/2010,1.027176
11/29/2010,1.057656
11/30/2010,1.042416
12/1/2010,0.890016
12/2/2010,0.871728
12/3/2010,0.871728
12/4/2010,0.963168
12/5/2010,1.091184
12/6/2010,1.225296
12/7/2010,1.2954
12/8/2010,1.34112
12/9/2010,1.490472
12/10/2010,1.566672
12/11/2010,1.69164
12/12/2010,1.78308
12/13/2010,1.6764
12/14/2010,1.73736
12/15/2010,1.73736
12/16/2010,1.746504
12/17/2010,1.621536
12/18/2010,1.527048
12/19/2010,1.41732
12/20/2010,1.283208
12/21/2010,1.213104
12/22/2010,1.11252
12/23/2010,1.085088
12/24/2010,1.085088
12/25/2010,1.121664
12/26/2010,0.987552
12/27/2010,0.923544
12/28/2010,0.859536
12/29/2010,0.783336
12/30/2010,0.966216
12/31/2010,0.896112
1/1/2011,0.993648
1/2/2011,0.935736
1/3/2011,0.954024
1/4/2011,0.94488
1/5/2011,0.92964
1/6/2011,0.923544
1/7/2011,0.816864
1/8/2011,0.819912
1/9/2011,0.844296
1/10/2011,1.030224
1/11/2011,0.92964
1/12/2011,0.94488
1/13/2011,1.05156
1/14/2011,1.143
1/15/2011,1.286256
1/16/2011,1.362456
1/17/2011,1.414272
1/18/2011,1.435608
1/19/2011,1.383792
1/20/2011,1.344168
1/21/2011,1.20396
1/22/2011,1.161288
1/23/2011,0.999744
1/24/2011,0.94488
1/25/2011,0.932688
1/26/2011,0.804672
1/27/2011,0.71628
1/28/2011,0.725424
1/29/2011,0.719328
1/30/2011,0.734568
1/31/2011,0.765048
2/1/2011,0.810768
2/2/2011,0.847344
2/3/2011,0.890016
2/4/2011,0.987552
2/5/2011,0.865632
2/6/2011,0.880872
2/7/2011,0.94488
2/8/2011,0.841248
2/9/2011,0.862584
2/10/2011,0.905256
2/11/2011,0.89916
2/12/2011,0.932688
2/13/2011,0.978408
2/14/2011,1.109472
2/15/2011,1.228344
2/16/2011,1.274064
2/17/2011,1.267968
2/18/2011,1.274064
2/19/2011,1.179576
2/20/2011,1.133856
2/21/2011,1.103376
2/22/2011,1.027176
2/23/2011,0.896112
2/24/2011,0.810768
2/25/2011,0.813816
2/26/2011,0.79248
2/27/2011,0.9144
2/28/2011,1.231392
3/1/2011,1.392936
3/2/2011,1.789176
3/3/2011,2.106168
3/4/2011,2.447544
3/5/2011,2.77368
3/6/2011,2.974848
3/7/2011,3.136392
3/8/2011,3.3528
3/9/2011,3.56616
3/10/2011,3.828288
3/11/2011,4.005072
3/12/2011,4.093464
3/13/2011,4.178808
3/14/2011,4.28244
3/15/2011,4.398264
3/16/2011,4.492752
3/17/2011,4.535424
3/18/2011,4.651248
3/19/2011,4.67868
3/20/2011,4.73964
3/21/2011,4.788408
3/22/2011,4.803648
3/23/2011,4.83108
3/24/2011,4.83108
3/25/2011,4.895088
3/26/2011,4.959096
3/27/2011,5.026152
3/28/2011,5.053584
3/29/2011,5.13588
3/30/2011,5.254752
3/31/2011,5.276088
4/1/2011,5.352288
4/2/2011,5.321808
4/3/2011,5.324856
4/4/2011,5.355336
4/5/2011,5.31876
4/6/2011,5.251704
4/7/2011,5.199888
4/8/2011,5.138928
4/9/2011,5.062728
4/10/2011,4.971288
4/11/2011,4.864608
4/12/2011,4.696968
4/13/2011,4.572
4/14/2011,4.437888
4/15/2011,4.416552
4/16/2011,4.319016
4/17/2011,4.242816
4/18/2011,4.230624
4/19/2011,4.203192
4/20/2011,4.191
4/21/2011,4.194048
4/22/2011,4.212336
4/23/2011,4.258056
4/24/2011,4.288536
4/25/2011,4.379976
4/26/2011,4.507992
4/27/2011,4.657344
4/28/2011,4.666488
4/29/2011,4.721352
4/30/2011,4.828032
5/1/2011,4.92252
5/2/2011,5.114544
5/3/2011,5.21208
5/4/2011,5.419344
5/5/2011,5.599176
5/6/2011,5.766816
5/7/2011,5.916168
5/8/2011,6.144768
5/9/2011,6.373368
5/10/2011,6.519672
5/11/2011,6.571488
5/12/2011,6.592824
5/13/2011,6.495288
5/14/2011,6.501384
5/15/2011,6.49224
5/16/2011,6.495288
5/17/2011,6.556248
5/18/2011,6.52272
5/19/2011,6.574536
5/20/2011,6.534912
5/21/2011,6.510528
5/22/2011,6.49224
5/23/2011,6.480048
5/24/2011,6.455664
5/25/2011,6.428232
5/26/2011,6.406896
5/27/2011,6.412992
5/28/2011,6.4008
5/29/2011,6.373368
5/30/2011,6.367272
5/31/2011,6.342888
6/1/2011,6.291072
6/2/2011,6.27888
6/3/2011,6.254496
6/4/2011,6.199632
6/5/2011,6.169152
6/6/2011,6.071616
6/7/2011,6.028944
6/8/2011,5.940552
6/9/2011,5.919216
6/10/2011,5.861304
6/11/2011,5.846064
6/12/2011,5.7912
6/13/2011,5.74548
6/14/2011,5.681472
6/15/2011,5.641848
6/16/2011,5.51688
6/17/2011,5.498592
6/18/2011,5.419344
6/19/2011,5.30352
6/20/2011,5.21208
6/21/2011,5.1054
6/22/2011,5.023104
6/23/2011,4.904232
6/24/2011,4.751832
6/25/2011,4.651248
6/26/2011,4.517136
6/27/2011,4.4196
6/28/2011,4.306824
6/29/2011,4.239768
6/30/2011,4.200144
7/1/2011,4.139184
7/2/2011,4.117848
7/3/2011,4.081272
7/4/2011,4.081272
7/5/2011,4.087368
7/6/2011,4.096512
7/7/2011,4.120896
7/8/2011,4.13004
7/9/2011,4.123944
7/10/2011,4.126992
7/11/2011,4.102608
7/12/2011,4.090416
7/13/2011,4.087368
7/14/2011,4.026408
7/15/2011,3.998976
7/16/2011,3.953256
7/17/2011,3.907536
7/18/2011,3.862832
7/19/2011,3.818128
7/20/2011,3.773424
7/21/2011,3.678936
7/22/2011,3.578352
7/23/2011,3.458464
7/24/2011,3.338576
7/25/2011,3.218688
7/26/2011,3.0988
7/27/2011,2.978912
7/28/2011,2.859024
7/29/2011,2.739136
7/30/2011,2.619248
7/31/2011,2.49936
8/1/2011,2.379472
8/2/2011,2.259584
8/3/2011,2.139696
8/4/2011,2.139696
8/5/2011,2.161032
8/6/2011,2.161032
8/7/2011,2.130552
8/8/2011,2.11836
8/9/2011,2.07264
8/10/2011,2.02692
8/11/2011,1.993392
8/12/2011,1.956816
8/13/2011,1.946148
8/14/2011,1.93548
8/15/2011,1.972056
8/16/2011,2.029968
8/17/2011,2.023872
8/18/2011,2.036064
8/19/2011,1.999488
8/20/2011,1.959864
8/21/2011,1.908048
8/22/2011,1.886712
8/23/2011,1.8288
8/24/2011,1.792224
8/25/2011,1.7526
8/26/2011,1.755648
8/27/2011,1.664208
8/28/2011,1.624584
8/29/2011,1.61544
8/30/2011,1.572768
8/31/2011,1.551432
9/1/2011,1.64592
9/2/2011,1.776984
9/3/2011,2.267712
9/4/2011,2.130552
9/5/2011,2.145792
9/6/2011,1.92024
9/7/2011,1.81356
9/8/2011,1.682496
9/9/2011,1.542288
9/10/2011,1.469136
9/11/2011,1.377696
9/12/2011,1.292352
9/13/2011,1.2954
9/14/2011,1.258824
9/15/2011,1.261872
9/16/2011,1.368552
9/17/2011,1.414272
9/18/2011,1.490472
9/19/2011,1.50876
9/20/2011,1.548384
9/21/2011,1.530096
9/22/2011,1.533144
9/23/2011,1.499616
9/24/2011,1.414272
9/25/2011,1.338072
9/26/2011,1.255776
9/27/2011,1.197864
9/28/2011,1.136904
9/29/2011,1.17348
9/30/2011,1.167384
10/1/2011,1.261872
10/2/2011,1.28016
10/3/2011,1.23444
10/4/2011,1.252728
10/5/2011,1.298448
10/6/2011,1.298448
10/7/2011,1.32588
10/8/2011,1.387856
10/9/2011,1.449832
10/10/2011,1.511808
10/11/2011,1.292352
10/12/2011,1.197864
10/13/2011,1.191768
10/14/2011,1.182624
10/15/2011,1.149096
10/16/2011,1.15824
10/17/2011,1.152144
10/18/2011,1.271016
10/19/2011,1.146048
10/20/2011,1.078992
10/21/2011,0.862584
10/22/2011,0.80772
10/23/2011,0.841248
10/24/2011,0.74676
10/25/2011,0.719328
10/26/2011,0.713232
10/27/2011,0.844296
10/28/2011,0.923544
10/29/2011,1.011936
10/30/2011,1.069848
10/31/2011,1.011936
11/1/2011,1.018032
11/2/2011,1.085088
11/3/2011,1.103376
11/4/2011,0.97536
11/5/2011,0.969264
11/6/2011,1.00584
11/7/2011,0.987552
11/8/2011,1.014984
11/9/2011,1.060704
11/10/2011,1.08204
11/11/2011,1.05156
11/12/2011,1.002792
11/13/2011,1.091184
11/14/2011,1.182624
11/15/2011,1.182624
11/16/2011,1.216152
11/17/2011,1.12776
11/18/2011,1.039368
11/19/2011,1.05156
11/20/2011,1.05156
11/21/2011,0.987552
11/22/2011,1.024128
11/23/2011,1.048512
11/24/2011,1.155192
11/25/2011,1.26492
11/26/2011,1.63068
11/27/2011,1.914144
11/28/2011,2.10312
11/29/2011,2.215896
11/30/2011,2.31648
12/1/2011,2.432304
12/2/2011,2.526792
12/3/2011,2.596896
12/4/2011,2.740152
12/5/2011,2.88036
12/6/2011,2.944368
12/7/2011,3.069336
12/8/2011,3.29184
12/9/2011,3.517392
12/10/2011,3.700272
12/11/2011,3.965448
12/12/2011,4.14528
12/13/2011,4.300728
12/14/2011,4.416552
12/15/2011,4.440936
12/16/2011,4.517136
12/17/2011,4.529328
12/18/2011,4.55676
12/19/2011,4.568952
12/20/2011,4.611624
12/21/2011,4.684776
12/22/2011,4.700016
12/23/2011,4.700016
12/24/2011,4.751832
12/25/2011,4.77012
12/26/2011,4.867656
12/27/2011,4.916424
12/28/2011,4.849368
12/29/2011,4.809744
12/30/2011,4.727448
12/31/2011,4.66344
1/1/2012,4.60248
1/2/2012,4.453128
1/3/2012,4.376928
1/4/2012,4.334256
1/5/2012,4.273296
1/6/2012,4.276344
1/7/2012,4.245864
1/8/2012,4.239768
1/9/2012,4.215384
1/10/2012,4.2672
1/11/2012,4.230624
1/12/2012,4.133088
1/13/2012,3.956304
1/14/2012,3.797808
1/15/2012,3.599688
1/16/2012,3.416808
1/17/2012,3.206496
1/18/2012,3.011424
1/19/2012,2.840736
1/20/2012,2.737104
1/21/2012,2.648712
1/22/2012,2.581656
1/23/2012,2.5908
1/24/2012,2.535936
1/25/2012,2.569464
1/26/2012,2.68224
1/27/2012,2.776728
1/28/2012,2.84988
1/29/2012,2.944368
1/30/2012,3.06324
1/31/2012,3.294888
2/1/2012,3.456432
2/2/2012,3.648456
2/3/2012,3.846576
2/4/2012,3.9624
2/5/2012,4.090416
2/6/2012,4.258056
2/7/2012,4.35864
2/8/2012,4.443984
2/9/2012,4.538472
2/10/2012,4.565904
2/11/2012,4.58724
2/12/2012,4.590288
2/13/2012,4.559808
2/14/2012,4.611624
2/15/2012,4.581144
2/16/2012,4.507992
2/17/2012,4.504944
2/18/2012,4.43484
2/19/2012,4.425696
2/20/2012,4.20624
2/21/2012,4.096512
2/22/2012,3.816096
2/23/2012,3.617976
2/24/2012,3.435096
2/25/2012,3.340608
2/26/2012,3.145536
2/27/2012,3.011424
2/28/2012,2.859024
2/29/2012,2.703576
3/1/2012,2.572512
3/2/2012,2.474976
3/3/2012,2.398776
3/4/2012,2.371344
3/5/2012,2.182368
3/6/2012,2.08788
3/7/2012,2.1336
3/8/2012,2.16408
3/9/2012,2.139696
3/10/2012,2.350008
3/11/2012,2.389632
3/12/2012,2.56032
3/13/2012,2.785872
3/14/2012,2.974848
3/15/2012,3.227832
3/16/2012,3.48996
3/17/2012,3.712464
3/18/2012,3.90144
3/19/2012,4.044696
3/20/2012,4.203192
3/21/2012,4.340352
3/22/2012,4.361688
3/23/2012,4.392168
3/24/2012,4.383024
3/25/2012,4.401312
3/26/2012,4.45008
3/27/2012,4.504944
3/28/2012,4.538472
3/29/2012,4.60248
3/30/2012,4.651248
3/31/2012,4.654296
4/1/2012,4.63296
4/2/2012,4.623816
4/3/2012,4.657344
4/4/2012,4.696968
4/5/2012,4.67868
4/6/2012,4.578096
4/7/2012,4.46532
4/8/2012,4.340352
4/9/2012,4.22148
4/10/2012,4.066032
4/11/2012,3.907536
4/12/2012,3.752088
4/13/2012,3.608832
4/14/2012,3.441192
4/15/2012,3.23088
4/16/2012,3.066288
4/17/2012,2.886456
4/18/2012,2.709672
4/19/2012,2.645664
4/20/2012,2.569464
4/21/2012,2.46888
4/22/2012,2.365248
4/23/2012,2.197608
4/24/2012,2.112264
4/25/2012,2.051304
4/26/2012,2.078736
4/27/2012,2.051304
4/28/2012,2.017776
4/29/2012,2.005584
4/30/2012,1.975104
5/1/2012,1.901952
5/2/2012,1.895856
5/3/2012,1.853184
5/4/2012,1.716024
5/5/2012,1.624584
5/6/2012,1.56972
5/7/2012,1.566672
5/8/2012,1.639824
5/9/2012,1.658112
5/10/2012,1.770888
5/11/2012,1.898904
5/12/2012,2.023872
5/13/2012,2.066544
5/14/2012,2.154936
5/15/2012,2.273808
5/16/2012,2.374392
5/17/2012,2.435352
5/18/2012,2.490216
5/19/2012,2.478024
5/20/2012,2.45364
5/21/2012,2.389632
5/22/2012,2.310384
5/23/2012,2.279904
5/24/2012,2.228088
5/25/2012,2.121408
5/26/2012,1.972056
5/27/2012,1.84404
5/28/2012,1.770888
5/29/2012,1.66116
5/30/2012,1.517904
5/31/2012,1.47828
6/1/2012,1.41732
6/2/2012,1.31064
6/3/2012,1.197864
6/4/2012,1.100328
6/5/2012,1.024128
6/6/2012,0.923544
6/7/2012,0.905256
6/8/2012,0.880872
6/9/2012,0.941832
6/10/2012,1.024128
6/11/2012,0.954024
6/12/2012,0.950976
6/13/2012,0.972312
6/14/2012,0.972312
6/15/2012,1.072896
6/16/2012,1.133856
6/17/2012,1.17348
6/18/2012,1.152144
6/19/2012,1.103376
6/20/2012,1.0668
6/21/2012,1.069848
6/22/2012,1.063752
6/23/2012,1.118616
6/24/2012,1.243584
6/25/2012,1.350264
6/26/2012,1.237488
6/27/2012,1.143
6/28/2012,1.11252
6/29/2012,1.039368
6/30/2012,1.008888
7/1/2012,0.999744
7/2/2012,0.862584
7/3/2012,0.804672
7/4/2012,0.762
7/5/2012,0.713232
7/6/2012,0.707136
7/7/2012,0.713232
7/8/2012,0.743712
7/9/2012,0.762
7/10/2012,0.752856
7/11/2012,0.801624
7/12/2012,0.844296
7/13/2012,0.874776
7/14/2012,0.92964
7/15/2012,0.969264
7/16/2012,0.9144
7/17/2012,0.85344
7/18/2012,0.812292
7/19/2012,0.771144
7/20/2012,0.780288
7/21/2012,0.740664
7/22/2012,0.771144
7/23/2012,0.762
7/24/2012,0.82296
7/25/2012,0.801624
7/26/2012,0.917448
7/27/2012,0.969264
7/28/2012,0.897636
7/29/2012,0.826008
7/30/2012,0.810768
7/31/2012,0.688848
8/1/2012,0.64008
8/2/2012,0.576072
8/3/2012,0.630936
8/4/2012,0.67056
8/5/2012,0.713232
8/6/2012,0.73152
8/7/2012,0.826008
8/8/2012,0.874776
8/9/2012,0.85344
8/10/2012,0.84582
8/11/2012,0.8382
8/12/2012,0.843560276
8/13/2012,0.848920552
8/14/2012,0.854280828
8/15/2012,0.859641103
8/16/2012,0.865001379
8/17/2012,0.870361655
8/18/2012,0.875721931
8/19/2012,0.881082207
8/20/2012,0.886442483
8/21/2012,0.891802759
8/22/2012,0.897163034
8/23/2012,0.90252331
8/24/2012,0.907883586
8/25/2012,0.913243862
8/26/2012,0.918604138
8/27/2012,0.923964414
8/28/2012,0.92932469
8/29/2012,0.934684966
8/30/2012,0.940045241
8/31/2012,0.945405517
9/1/2012,0.950765793
9/2/2012,0.956126069
9/3/2012,0.961486345
9/4/2012,0.966846621
9/5/2012,0.972206897
9/6/2012,0.977567172
9/7/2012,0.982927448
9/8/2012,0.988287724
9/9/2012,0.993648
9/10/2012,0.92964
9/11/2012,0.908304
9/12/2012,0.911352
9/13/2012,0.984504
9/14/2012,0.908304
9/15/2012,0.871728
9/16/2012,0.859536
9/17/2012,0.89916
9/18/2012,0.923544
9/19/2012,0.999744
9/20/2012,0.935736
9/21/2012,0.978408
9/22/2012,0.917448
9/23/2012,0.917448
9/24/2012,0.79248
9/25/2012,0.789432
9/26/2012,0.734568
9/27/2012,0.71628
9/28/2012,0.646176
9/29/2012,0.673608
9/30/2012,0.749808
10/1/2012,0.871728
10/2/2012,0.786384
10/3/2012,0.890016
10/4/2012,0.969264
10/5/2012,0.963168
10/6/2012,0.963168
10/7/2012,1.033272
10/8/2012,1.030224
10/9/2012,0.963168
10/10/2012,0.874776
10/11/2012,0.71628
10/12/2012,0.74676
10/13/2012,0.65532
10/14/2012,0.71628
10/15/2012,0.719328
10/16/2012,0.832104
10/17/2012,0.917448
10/18/2012,0.996696
10/19/2012,1.024128
10/20/2012,0.97536
10/21/2012,0.950976
10/22/2012,0.902208
10/23/2012,0.941832
10/24/2012,0.801624
10/25/2012,0.810768
10/26/2012,0.79248
10/27/2012,0.743712
10/28/2012,0.725424
10/29/2012,0.633984
10/30/2012,0.6858
10/31/2012,0.588264
11/1/2012,0.673608
11/2/2012,0.813816
11/3/2012,0.847344
11/4/2012,0.819912
11/5/2012,0.850392
11/6/2012,0.856488
11/7/2012,0.755904
11/8/2012,0.762
11/9/2012,0.652272
11/10/2012,0.725424
11/11/2012,0.810768
11/12/2012,0.950976
11/13/2012,1.02108
11/14/2012,1.072896
11/15/2012,0.987552
11/16/2012,0.984504
11/17/2012,0.996696
11/18/2012,1.008888
11/19/2012,0.911352
11/20/2012,0.841248
11/21/2012,0.740664
11/22/2012,0.697992
11/23/2012,0.719328
11/24/2012,0.676656
11/25/2012,0.71628
11/26/2012,0.789432
11/27/2012,0.871728
11/28/2012,0.810768
11/29/2012,0.826008
11/30/2012,0.798576
12/1/2012,0.813816
12/2/2012,0.789432
12/3/2012,0.798576
12/4/2012,0.791464
12/5/2012,0.784352
12/6/2012,0.77724
12/7/2012,0.688848
12/8/2012,0.630936
12/9/2012,0.6096
12/10/2012,0.527304
12/11/2012,0.54864
12/12/2012,0.62484
12/13/2012,0.59436
12/14/2012,0.673608
12/15/2012,0.707136
12/16/2012,0.740664
12/17/2012,0.774192
12/18/2012,0.80772
12/19/2012,0.841248
12/20/2012,0.874776
12/21/2012,0.908304
12/22/2012,0.954024
12/23/2012,0.996696
12/24/2012,1.09728
12/25/2012,1.139952
12/26/2012,1.207008
12/27/2012,1.231392
12/28/2012,1.319784
12/29/2012,1.456944
12/30/2012,1.438656
12/31/2012,1.453896
1/1/2013,1.533144
1/2/2013,1.648968
1/3/2013,1.78308
1/4/2013,1.862328
1/5/2013,1.84404
1/6/2013,1.895856
1/7/2013,1.840992
1/8/2013,1.883664
1/9/2013,2.051304
1/10/2013,2.066544
1/11/2013,2.197608
1/12/2013,2.328672
1/13/2013,2.459736
1/14/2013,2.395728
1/15/2013,2.261616
1/16/2013,2.380488
1/17/2013,2.420112
1/18/2013,2.48412
1/19/2013,2.62128
1/20/2013,2.822448
1/21/2013,3.029712
1/22/2013,3.273552
1/23/2013,3.502152
1/24/2013,3.639312
1/25/2013,3.800856
1/26/2013,3.93192
1/27/2013,4.014216
1/28/2013,4.120896
1/29/2013,4.187952
1/30/2013,4.346448
1/31/2013,4.191
2/1/2013,4.178808
2/2/2013,4.166616
2/3/2013,4.087368
2/4/2013,3.965448
2/5/2013,3.828288
2/6/2013,3.666744
2/7/2013,3.660648
2/8/2013,3.508248
2/9/2013,3.465576
2/10/2013,3.544824
2/11/2013,3.547872
2/12/2013,3.788664
2/13/2013,3.913632
2/14/2013,4.002024
2/15/2013,4.102608
2/16/2013,4.117848
2/17/2013,4.139184
2/18/2013,4.133088
2/19/2013,4.090416
2/20/2013,3.989832
2/21/2013,3.883152
2/22/2013,3.745992
2/23/2013,3.712464
2/24/2013,3.599688
2/25/2013,3.587496
2/26/2013,3.5052
2/27/2013,3.21564
2/28/2013,3.057144
3/1/2013,2.935224
3/2/2013,2.852928
3/3/2013,2.734056
3/4/2013,2.630424
3/5/2013,2.532888
3/6/2013,2.40792
3/7/2013,2.313432
3/8/2013,2.282952
3/9/2013,2.286
3/10/2013,2.410968
3/11/2013,2.465832
3/12/2013,2.578608
3/13/2013,2.56032
3/14/2013,2.48412
3/15/2013,2.456688
3/16/2013,2.456688
3/17/2013,2.532888
3/18/2013,2.69748
3/19/2013,2.855976
3/20/2013,2.990088
3/21/2013,3.203448
3/22/2013,3.374136
3/23/2013,3.541776
3/24/2013,3.71856
3/25/2013,3.752088
3/26/2013,3.907536
3/27/2013,3.99288
3/28/2013,4.123944
3/29/2013,4.20624
3/30/2013,4.23672
3/31/2013,4.25196
4/1/2013,4.258056
4/2/2013,4.248912
4/3/2013,4.28244
4/4/2013,4.242816
4/5/2013,4.062984
4/6/2013,3.9624
4/7/2013,3.816096
4/8/2013,3.636264
4/9/2013,3.5052
4/10/2013,3.325368
4/11/2013,3.151632
4/12/2013,2.935224
4/13/2013,2.810256
4/14/2013,2.86512
4/15/2013,2.962656
4/16/2013,2.913888
4/17/2013,2.938272
4/18/2013,2.950464
4/19/2013,3.020568
4/20/2013,3.051048
4/21/2013,3.191256
4/22/2013,3.386328
4/23/2013,3.56616
4/24/2013,3.776472
4/25/2013,3.925824
4/26/2013,4.102608
4/27/2013,4.2672
4/28/2013,4.37388
4/29/2013,4.501896
4/30/2013,4.596384
5/1/2013,4.751832
5/2/2013,4.828032
5/3/2013,4.90728
5/4/2013,4.946904
5/5/2013,4.986528
5/6/2013,4.980432
5/7/2013,4.992624
5/8/2013,5.004816
5/9/2013,4.99872
5/10/2013,5.138928
5/11/2013,5.15112
5/12/2013,5.172456
5/13/2013,5.190744
5/14/2013,5.21208
5/15/2013,5.233416
5/16/2013,5.260848
5/17/2013,5.279136
5/18/2013,5.289804
5/19/2013,5.300472
5/20/2013,5.34924
5/21/2013,5.36448
5/22/2013,5.370576
5/23/2013,5.404104
5/24/2013,5.437632
5/25/2013,5.434584
5/26/2013,5.431536
5/27/2013,5.416296
5/28/2013,5.4102
5/29/2013,5.404104
5/30/2013,5.419344
5/31/2013,5.355336
6/1/2013,5.276088
6/2/2013,5.169408
6/3/2013,5.081016
6/4/2013,4.962144
6/5/2013,4.873752
6/6/2013,4.773168
6/7/2013,4.736592
6/8/2013,4.6482
6/9/2013,4.614672
6/10/2013,4.651248
6/11/2013,4.581144
6/12/2013,4.645152
6/13/2013,4.69392
6/14/2013,4.730496
6/15/2013,4.764024
6/16/2013,4.812792
6/17/2013,4.870704
6/18/2013,4.879848
6/19/2013,4.867656
6/20/2013,4.882896
6/21/2013,4.834128
6/22/2013,4.821936
6/23/2013,4.803648
6/24/2013,4.773168
6/25/2013,4.736592
6/26/2013,4.721352
6/27/2013,4.712208
6/28/2013,4.681728
6/29/2013,4.651248
6/30/2013,4.651248
7/1/2013,4.575048
7/2/2013,4.474464
7/3/2013,4.35864
7/4/2013,4.191
7/5/2013,4.081272
7/6/2013,3.9624
7/7/2013,3.761232
7/8/2013,3.599688
7/9/2013,3.41376
7/10/2013,3.313176
7/11/2013,3.21564
7/12/2013,3.224784
7/13/2013,3.279648
7/14/2013,3.377184
7/15/2013,3.517392
7/16/2013,3.614928
7/17/2013,3.709416
7/18/2013,3.782568
7/19/2013,3.858768
7/20/2013,3.919728
7/21/2013,3.94716
7/22/2013,3.989832
7/23/2013,3.983736
7/24/2013,3.974592
7/25/2013,3.959352
7/26/2013,3.93192
7/27/2013,3.861816
7/28/2013,3.770376
7/29/2013,3.584448
7/30/2013,3.288792
7/31/2013,3.008376
8/1/2013,2.703576
8/2/2013,2.505456
8/3/2013,2.313432
8/4/2013,2.097024
8/5/2013,1.987296
8/6/2013,1.8288
8/7/2013,1.716024
8/8/2013,1.627632
8/9/2013,1.566672
8/10/2013,1.520952
8/11/2013,1.46304
8/12/2013,1.441704
8/13/2013,1.380744
8/14/2013,1.408176
8/15/2013,1.435608
8/16/2013,1.505712
8/17/2013,1.639824
8/18/2013,1.749552
8/19/2013,1.877568
8/20/2013,2.020824
8/21/2013,2.136648
8/22/2013,2.215896
8/23/2013,2.27076
8/24/2013,2.343912
8/25/2013,2.298192
8/26/2013,2.185416
8/27/2013,2.11836
8/28/2013,1.990344
8/29/2013,1.84404
8/30/2013,1.694688
8/31/2013,1.572768
9/1/2013,1.475232
9/2/2013,1.38684
9/3/2013,1.316736
9/4/2013,1.258824
9/5/2013,1.170432
9/6/2013,1.15824
9/7/2013,1.100328
9/8/2013,1.118616
9/9/2013,1.185672
9/10/2013,1.17348
9/11/2013,1.237488
9/12/2013,1.231392
9/13/2013,1.222248
9/14/2013,2.139696
9/15/2013,3.057144
9/16/2013,3.189224
9/17/2013,3.321304
9/18/2013,3.453384
9/19/2013,1.045464
9/20/2013,1.008888
9/21/2013,1.136904
9/22/2013,1.08204
9/23/2013,1.182624
9/24/2013,1.133856
9/25/2013,1.118616
9/26/2013,1.09728
9/27/2013,1.075944
9/28/2013,1.069848
9/29/2013,1.008888
9/30/2013,1.02108
10/1/2013,0.999744
10/2/2013,0.969264
10/3/2013,1.03632
10/4/2013,1.048512
10/5/2013,1.08204
10/6/2013,1.155192
10/7/2013,1.02108
10/8/2013,1.12776
10/9/2013,1.014984
10/10/2013,1.060704
10/11/2013,1.02108
10/12/2013,1.048512
10/13/2013,0.957072
10/14/2013,0.920496
10/15/2013,1.042416
10/16/2013,1.121664
10/17/2013,1.100328
10/18/2013,1.17348
10/19/2013,1.2192
10/20/2013,1.213104
10/21/2013,1.167384
10/22/2013,1.2192
10/23/2013,1.09728
10/24/2013,1.0668
10/25/2013,0.911352
10/26/2013,0.947928
10/27/2013,0.847344
10/28/2013,0.880872
10/29/2013,0.813816
10/30/2013,0.880872
10/31/2013,0.94488
11/1/2013,0.92964
11/2/2013,0.94488
11/3/2013,0.92964
11/4/2013,0.969264
11/5/2013,1.191768
11/6/2013,1.319784
11/7/2013,1.20396
11/8/2013,1.283208
11/9/2013,1.124712
11/10/2013,1.088136
11/11/2013,1.02108
11/12/2013,1.063752
11/13/2013,1.143
11/14/2013,1.060704
11/15/2013,1.194816
11/16/2013,1.191768
11/17/2013,1.26492
11/18/2013,1.216152
11/19/2013,1.283208
11/20/2013,1.252728
11/21/2013,1.261872
11/22/2013,1.185672
11/23/2013,1.130808
11/24/2013,1.216152
11/25/2013,1.216152
11/26/2013,1.344168
11/27/2013,1.32588
11/28/2013,1.408176
11/29/2013,1.429512
11/30/2013,1.572768
12/1/2013,1.578864
12/2/2013,1.581912
12/3/2013,1.609344
12/4/2013,1.530096
12/5/2013,1.47828
12/6/2013,1.46304
12/7/2013,1.359408
12/8/2013,1.353312
12/9/2013,1.365504
12/10/2013,1.38684
12/11/2013,1.389888
12/12/2013,1.32588
12/13/2013,1.32588
12/14/2013,1.353312
12/15/2013,1.368552
12/16/2013,1.435608
12/17/2013,1.58496
12/18/2013,1.776984
12/19/2013,2.02692
12/20/2013,2.267712
12/21/2013,2.48412
12/22/2013,2.602992
12/23/2013,2.60604
12/24/2013,2.615184
12/25/2013,2.612136
12/26/2013,2.724912
12/27/2013,2.859024
12/28/2013,3.044952
12/29/2013,3.252216
12/30/2013,3.425952
12/31/2013,3.599688
1/1/2014,3.758184
1/2/2014,3.874008
1/3/2014,3.93192
1/4/2014,4.005072
1/5/2014,4.02336
1/6/2014,4.078224
1/7/2014,4.08432
1/8/2014,4.066032
1/9/2014,4.13004
1/10/2014,4.120896
1/11/2014,4.09956
1/12/2014,3.971544
1/13/2014,3.913632
1/14/2014,3.822192
1/15/2014,3.645408
1/16/2014,3.502152
1/17/2014,3.392424
1/18/2014,3.194304
1/19/2014,3.090672
1/20/2014,3.041904
1/21/2014,3.01752
1/22/2014,2.968752
1/23/2014,2.977896
1/24/2014,3.06324
1/25/2014,3.099816
1/26/2014,3.127248
1/27/2014,3.218688
1/28/2014,3.194304
1/29/2014,3.112008
1/30/2014,2.8956
1/31/2014,2.633472
2/1/2014,2.456688
2/2/2014,2.228088
2/3/2014,2.033016
2/4/2014,1.853184
2/5/2014,1.703832
2/6/2014,1.533144
2/7/2014,1.499616
2/8/2014,1.536192
2/9/2014,1.572768
2/10/2014,1.703832
2/11/2014,1.8288
2/12/2014,2.157984
2/13/2014,2.368296
2/14/2014,2.569464
2/15/2014,2.69748
2/16/2014,2.810256
2/17/2014,2.990088
2/18/2014,3.099816
2/19/2014,3.130296
2/20/2014,3.038856
2/21/2014,2.94132
2/22/2014,2.813304
2/23/2014,2.624328
2/24/2014,2.414016
2/25/2014,2.258568
2/26/2014,2.191512
2/27/2014,2.197608
2/28/2014,2.191512
3/1/2014,2.234184
3/2/2014,2.337816
3/3/2014,2.557272
3/4/2014,2.72796
3/5/2014,2.904744
3/6/2014,3.072384
3/7/2014,3.160776
3/8/2014,3.304032
3/9/2014,3.389376
3/10/2014,3.480816
3/11/2014,3.538728
3/12/2014,3.590544
3/13/2014,3.508248
3/14/2014,3.425952
3/15/2014,3.334512
3/16/2014,3.328416
3/17/2014,3.194304
3/18/2014,3.06324
3/19/2014,2.959608
3/20/2014,2.874264
3/21/2014,2.871216
3/22/2014,2.855976
3/23/2014,2.791968
3/24/2014,2.80416
3/25/2014,2.852928
3/26/2014,2.795016
3/27/2014,2.807208
3/28/2014,2.767584
3/29/2014,3.005328
3/30/2014,2.947416
3/31/2014,2.883408
4/1/2014,2.822448
4/2/2014,2.782824
4/3/2014,2.715768
4/4/2014,2.673096
4/5/2014,2.599944
4/6/2014,2.63652
4/7/2014,2.676144
4/8/2014,2.746248
4/9/2014,2.874264
4/10/2014,2.999232
4/11/2014,3.240024
4/12/2014,3.48996
4/13/2014,3.745992
4/14/2014,4.014216
4/15/2014,4.218432
4/16/2014,4.422648
4/17/2014,4.507992
4/18/2014,4.654296
4/19/2014,4.721352
4/20/2014,4.730496
4/21/2014,4.757928
4/22/2014,4.78536
4/23/2014,4.834128
4/24/2014,4.828032
4/25/2014,4.794504
4/26/2014,4.696968
4/27/2014,4.611624
4/28/2014,4.538472
4/29/2014,4.413504
4/30/2014,4.233672
5/1/2014,3.989832
5/2/2014,3.843528
5/3/2014,3.636264
5/4/2014,3.435096
5/5/2014,3.297936
5/6/2014,3.282696
5/7/2014,3.377184
5/8/2014,3.486912
5/9/2014,3.599688
5/10/2014,3.797808
5/11/2014,3.880104
5/12/2014,3.99288
5/13/2014,4.050792
5/14/2014,4.047744
5/15/2014,4.026408
5/16/2014,4.020312
5/17/2014,3.974592
5/18/2014,3.919728
5/19/2014,3.85572
5/20/2014,3.81
5/21/2014,3.7338
5/22/2014,3.645408
5/23/2014,3.630168
5/24/2014,3.617976
5/25/2014,3.61188
5/26/2014,3.651504
5/27/2014,3.660648
5/28/2014,3.828288
5/29/2014,3.883152
5/30/2014,3.9624
5/31/2014,3.998976
6/1/2014,3.998976
6/2/2014,3.998976
6/3/2014,3.99288
6/4/2014,3.928872
6/5/2014,3.800856
6/6/2014,3.654552
6/7/2014,3.480816
6/8/2014,3.285744
6/9/2014,3.084576
6/10/2014,2.88036
6/11/2014,2.86512
6/12/2014,2.779776
6/13/2014,2.8194
6/14/2014,2.974848
6/15/2014,3.115056
6/16/2014,3.279648
6/17/2014,3.407664
6/18/2014,3.529584
6/19/2014,3.608832
6/20/2014,3.71856
6/21/2014,3.776472
6/22/2014,3.77952
6/23/2014,3.791712
6/24/2014,3.715512
6/25/2014,3.593592
6/26/2014,3.435096
6/27/2014,3.294888
6/28/2014,3.166872
6/29/2014,2.980944
6/30/2014,2.822448
7/1/2014,2.648712
7/2/2014,2.593848
7/3/2014,2.551176
7/4/2014,2.587752
7/5/2014,2.624328
7/6/2014,2.737104
7/7/2014,2.77368
7/8/2014,2.840736
7/9/2014,2.852928
7/10/2014,2.822448
7/11/2014,2.795016
7/12/2014,2.740152
7/13/2014,2.718816
7/14/2014,2.685288
7/15/2014,2.599944
7/16/2014,2.65176
7/17/2014,2.648712
7/18/2014,2.660904
7/19/2014,2.746248
7/20/2014,2.7432
7/21/2014,2.798064
7/22/2014,2.8194
7/23/2014,2.828544
7/24/2014,2.828544
7/25/2014,2.78892
7/26/2014,2.718816
7/27/2014,2.639568
7/28/2014,2.49936
7/29/2014,2.404872
7/30/2014,2.304288
7/31/2014,2.197608
8/1/2014,2.054352
8/2/2014,1.92024
8/3/2014,1.837944
8/4/2014,1.792224
8/5/2014,1.728216
8/6/2014,1.618488
8/7/2014,1.575816
8/8/2014,1.55448
8/9/2014,1.444752
8/10/2014,1.380744
8/11/2014,1.32588
8/12/2014,1.255776
8/13/2014,1.216152
8/14/2014,1.179576
8/15/2014,1.213104
8/16/2014,1.237488
8/17/2014,1.176528
8/18/2014,1.197864
8/19/2014,1.164336
8/20/2014,1.109472
8/21/2014,1.045464
8/22/2014,0.932688
8/23/2014,0.996696
8/24/2014,1.00584
8/25/2014,1.054608
8/26/2014,1.258824
8/27/2014,1.225296
8/28/2014,1.225296
8/29/2014,1.228344
8/30/2014,1.26492
8/31/2014,1.335024
9/1/2014,1.392936
9/2/2014,1.392936
9/3/2014,1.414272
9/4/2014,1.414272
9/5/2014,1.408176
9/6/2014,1.298448
9/7/2014,1.231392
9/8/2014,1.231392
9/9/2014,1.194816
9/10/2014,1.182624
9/11/2014,1.237488
9/12/2014,1.289304
9/13/2014,1.274064
9/14/2014,1.4478
9/15/2014,1.420368
9/16/2014,1.484376
9/17/2014,1.426464
9/18/2014,1.438656
9/19/2014,1.4478
9/20/2014,1.557528
9/21/2014,1.551432
9/22/2014,1.618488
9/23/2014,1.746504
9/24/2014,1.853184
9/25/2014,1.932432
9/26/2014,1.911096
9/27/2014,1.865376
9/28/2014,1.865376
9/29/2014,1.776984
9/30/2014,1.64592
10/1/2014,1.58496
10/2/2014,1.511808
10/3/2014,1.420368
10/4/2014,1.289304
10/5/2014,1.200912
10/6/2014,1.130808
10/7/2014,1.072896
10/8/2014,1.030224
10/9/2014,1.030224
10/10/2014,1.045464
10/11/2014,1.118616
10/12/2014,1.124712
10/13/2014,1.286256
10/14/2014,1.322832
10/15/2014,1.438656
10/16/2014,1.545336
10/17/2014,1.618488
10/18/2014,1.603248
10/19/2014,1.73736
10/20/2014,1.801368
10/21/2014,1.853184
10/22/2014,1.944624
10/23/2014,2.112264
10/24/2014,2.228088
10/25/2014,2.282952
10/26/2014,2.404872
10/27/2014,2.481072
10/28/2014,2.481072
10/29/2014,2.426208
10/30/2014,2.313432
10/31/2014,2.127504
11/1/2014,1.9812
11/2/2014,1.746504
11/3/2014,1.572768
11/4/2014,1.505712
11/5/2014,1.47828
11/6/2014,1.411224
11/7/2014,1.411224
11/8/2014,1.399032
11/9/2014,1.32588
11/10/2014,1.267968
11/11/2014,1.258824
11/12/2014,1.24968
11/13/2014,1.216152
11/14/2014,1.18872
11/15/2014,1.100328
11/16/2014,1.088136
11/17/2014,1.20396
11/18/2014,1.121664
11/19/2014,1.106424
11/20/2014,1.124712
11/21/2014,1.155192
11/22/2014,1.252728
11/23/2014,1.3716
11/24/2014,1.38684
11/25/2014,1.331976
11/26/2014,1.243584
11/27/2014,1.149096
11/28/2014,1.045464
11/29/2014,1.100328
11/30/2014,1.08204
12/1/2014,1.09728
12/2/2014,1.103376
12/3/2014,1.121664
12/4/2014,1.152144
12/5/2014,1.210056
12/6/2014,1.26492
12/7/2014,1.298448
12/8/2014,1.353312
12/9/2014,1.368552
12/10/2014,1.328928
12/11/2014,1.365504
12/12/2014,1.395984
12/13/2014,1.38684
12/14/2014,1.411224
12/15/2014,1.61544
12/16/2014,1.840992
12/17/2014,1.923288
12/18/2014,2.08788
12/19/2014,2.212848
12/20/2014,2.374392
12/21/2014,2.353056
12/22/2014,2.215896
12/23/2014,2.093976
12/24/2014,1.993392
12/25/2014,1.749552
12/26/2014,1.597152
12/27/2014,1.502664
12/28/2014,1.392936
12/29/2014,1.32588
12/30/2014,1.2954
12/31/2014,1.261872
1/1/2015,1.331976
1/2/2015,1.444752
1/3/2015,1.444752
1/4/2015,1.69164
1/5/2015,1.819656
1/6/2015,2.036064
1/7/2015,2.228088
1/8/2015,2.441448
1/9/2015,2.487168
1/10/2015,2.572512
1/11/2015,2.599944
1/12/2015,2.71272
1/13/2015,2.703576
1/14/2015,2.721864
1/15/2015,2.782824
1/16/2015,2.752344
1/17/2015,2.673096
1/18/2015,2.566416
1/19/2015,2.474976
1/20/2015,2.365248
1/21/2015,2.261616
1/22/2015,2.154936
1/23/2015,2.261616
1/24/2015,1.993392
1/25/2015,1.88976
1/26/2015,1.78308
1/27/2015,1.72212
1/28/2015,1.591056
1/29/2015,1.524
1/30/2015,1.429512
1/31/2015,1.389888
2/1/2015,1.392936
2/2/2015,1.328928
2/3/2015,1.31064
2/4/2015,1.26492
2/5/2015,1.316736
2/6/2015,1.240536
2/7/2015,1.15824
2/8/2015,1.210056
2/9/2015,1.191768
2/10/2015,1.136904
2/11/2015,1.164336
2/12/2015,1.118616
2/13/2015,1.143
2/14/2015,1.12776
2/15/2015,1.155192
2/16/2015,1.304544
2/17/2015,1.405128
2/18/2015,1.395984
2/19/2015,1.289304
2/20/2015,1.243584
2/21/2015,1.411224
2/22/2015,1.307592
2/23/2015,1.228344
2/24/2015,1.197864
2/25/2015,1.283208
2/26/2015,1.441704
2/27/2015,1.517904
2/28/2015,1.685544
3/1/2015,1.807464
3/2/2015,2.020824
3/3/2015,2.282952
3/4/2015,2.462784
3/5/2015,2.523744
3/6/2015,2.602992
3/7/2015,2.657856
3/8/2015,2.737104
3/9/2015,2.810256
3/10/2015,2.935224
3/11/2015,3.099816
3/12/2015,3.334512
3/13/2015,3.59664
3/14/2015,3.877056
3/15/2015,4.047744
3/16/2015,4.194048
3/17/2015,4.340352
3/18/2015,4.453128
3/19/2015,4.562856
3/20/2015,4.672584
3/21/2015,4.751832
3/22/2015,4.83108
3/23/2015,4.92252
3/24/2015,4.96824
3/25/2015,5.1054
3/26/2015,5.160264
3/27/2015,5.269992
3/28/2015,5.327904
3/29/2015,5.358384
3/30/2015,5.398008
3/31/2015,5.42544
4/1/2015,5.50164
4/2/2015,5.535168
4/3/2015,5.529072
4/4/2015,5.538216
4/5/2015,5.522976
4/6/2015,5.513832
4/7/2015,5.446776
4/8/2015,5.312664
4/9/2015,5.163312
4/10/2015,5.068824
4/11/2015,4.971288
4/12/2015,4.867656
4/13/2015,4.806696
4/14/2015,4.742688
4/15/2015,4.745736
4/16/2015,4.712208
4/17/2015,4.7244
4/18/2015,4.733544
4/19/2015,4.751832
4/20/2015,4.77012
4/21/2015,4.803648
4/22/2015,4.888992
4/23/2015,4.953
4/24/2015,5.026152
4/25/2015,5.071872
4/26/2015,5.13588
4/27/2015,5.160264
4/28/2015,5.31876
4/29/2015,5.263896
4/30/2015,5.306568
5/1/2015,5.297424
5/2/2015,5.294376
5/3/2015,5.300472
5/4/2015,5.321808
5/5/2015,5.352288
5/6/2015,5.315712
5/7/2015,5.245608
5/8/2015,5.129784
5/9/2015,5.01396
5/10/2015,4.84632
5/11/2015,4.703064
5/12/2015,4.501896
5/13/2015,4.309872
5/14/2015,4.13004
5/15/2015,4.029456
5/16/2015,3.959352
5/17/2015,3.895344
5/18/2015,3.849624
5/19/2015,3.8862
5/20/2015,3.91668
5/21/2015,3.950208
5/22/2015,3.995928
5/23/2015,4.0386
5/24/2015,4.047744
5/25/2015,4.120896
5/26/2015,4.191
5/27/2015,4.291584
5/28/2015,4.352544
5/29/2015,4.392168
5/30/2015,4.440936
5/31/2015,4.483608
6/1/2015,4.51104
6/2/2015,4.501896
6/3/2015,4.544568
6/4/2015,4.590288
6/5/2015,4.626864
6/6/2015,4.681728
6/7/2015,4.718304
6/8/2015,4.78536
6/9/2015,4.828032
6/10/2015,4.895088
6/11/2015,4.931664
6/12/2015,4.953
6/13/2015,4.898136
6/14/2015,4.834128
6/15/2015,4.806696
6/16/2015,4.797552
6/17/2015,4.736592
6/18/2015,4.69392
6/19/2015,4.654296
6/20/2015,4.629912
6/21/2015,4.63296
6/22/2015,4.58724
6/23/2015,4.578096
6/24/2015,4.581144
6/25/2015,4.605528
6/26/2015,4.611624
6/27/2015,4.639056
6/28/2015,4.703064
6/29/2015,4.736592
6/30/2015,4.797552
7/1/2015,4.873752
7/2/2015,4.93776
7/3/2015,4.992624
7/4/2015,5.077968
7/5/2015,5.13588
7/6/2015,5.21208
7/7/2015,5.297424
7/8/2015,5.385816
7/9/2015,5.44068
7/10/2015,5.492496
7/11/2015,5.510784
7/12/2015,5.550408
7/13/2015,5.590032
7/14/2015,5.644896
7/15/2015,5.672328
7/16/2015,5.681472
7/17/2015,5.742432
7/18/2015,5.772912
7/19/2015,5.82168
7/20/2015,5.879592
7/21/2015,5.907024
7/22/2015,5.937504
7/23/2015,5.937504
7/24/2015,5.925312
7/25/2015,5.894832
7/26/2015,5.916168
7/27/2015,5.9436
7/28/2015,5.922264
7/29/2015,5.92836
7/30/2015,5.922264
7/31/2015,5.910072
8/1/2015,5.888736
8/2/2015,5.83692
8/3/2015,5.83692
8/4/2015,5.797296
8/5/2015,5.708904
8/6/2015,5.629656
8/7/2015,5.538216
8/8/2015,5.413248
8/9/2015,5.269992
8/10/2015,5.132832
8/11/2015,5.001768
8/12/2015,4.852416
8/13/2015,4.684776
8/14/2015,4.507992
8/15/2015,4.32816
8/16/2015,4.151376
8/17/2015,3.898392
8/18/2015,3.5814
8/19/2015,3.294888
8/20/2015,3.020568
8/21/2015,2.749296
8/22/2015,2.520696
8/23/2015,2.374392
8/24/2015,2.206752
8/25/2015,2.078736
8/26/2015,2.017776
8/27/2015,1.865376
8/28/2015,1.780032
8/29/2015,1.682496
8/30/2015,1.58496
8/31/2015,1.557528
9/1/2015,1.536192
9/2/2015,1.530096
9/3/2015,1.530096
9/4/2015,1.502664
9/5/2015,1.4478
9/6/2015,1.3716
9/7/2015,1.35636
9/8/2015,1.301496
9/9/2015,1.243584
9/10/2015,1.136904
9/11/2015,1.072896
9/12/2015,1.054608
9/13/2015,1.133856
9/14/2015,1.103376
9/15/2015,1.143
9/16/2015,1.136904
9/17/2015,1.182624
9/18/2015,1.210056
9/19/2015,1.191768
9/20/2015,1.197864
9/21/2015,1.179576
9/22/2015,1.258824
9/23/2015,1.255776
9/24/2015,1.26492
9/25/2015,1.240536
9/26/2015,1.176528
9/27/2015,1.237488
9/28/2015,1.331976
9/29/2015,1.298448
9/30/2015,1.225296
10/1/2015,1.261872
10/2/2015,1.246632
10/3/2015,1.210056
10/4/2015,1.078992
10/5/2015,1.045464
10/6/2015,1.00584
10/7/2015,0.993648
10/8/2015,1.002792
10/9/2015,1.03632
10/10/2015,1.09728
10/11/2015,1.185672
10/12/2015,1.185672
10/13/2015,1.17348
10/14/2015,1.185672
10/15/2015,1.143
10/16/2015,1.15824
10/17/2015,1.152144
10/18/2015,1.292352
10/19/2015,1.18872
10/20/2015,1.228344
10/21/2015,1.20396
10/22/2015,1.152144
10/23/2015,1.088136
10/24/2015,1.039368
10/25/2015,1.197864
10/26/2015,1.472184
10/27/2015,1.435608
10/28/2015,1.426464
10/29/2015,1.328928
10/30/2015,1.231392
10/31/2015,1.316736
11/1/2015,1.344168
11/2/2015,1.368552
11/3/2015,1.274064
11/4/2015,1.274064
11/5/2015,1.24968
11/6/2015,1.261872
11/7/2015,1.240536
11/8/2015,1.55448
11/9/2015,1.517904
11/10/2015,1.502664
11/11/2015,1.502664
11/12/2015,1.499616
11/13/2015,1.524
11/14/2015,1.56972
11/15/2015,1.551432
11/16/2015,1.548384
11/17/2015,1.612392
11/18/2015,1.79832
11/19/2015,1.731264
11/20/2015,1.804416
11/21/2015,1.810512
11/22/2015,1.941576
11/23/2015,2.023872
11/24/2015,2.002536
11/25/2015,2.142744
11/26/2015,2.39268
11/27/2015,2.502408
11/28/2015,2.624328
11/29/2015,2.715768
11/30/2015,2.795016
12/1/2015,2.822448
12/2/2015,2.868168
12/3/2015,3.005328
12/4/2015,3.203448
12/5/2015,3.355848
12/6/2015,3.584448
12/7/2015,3.742944
12/8/2015,3.9624
12/9/2015,4.111752
12/10/2015,4.279392
12/11/2015,4.413504
12/12/2015,4.520184
12/13/2015,4.629912
12/14/2015,4.760976
12/15/2015,4.764024
12/16/2015,4.791456
12/17/2015,4.77012
12/18/2015,4.742688
12/19/2015,4.672584
12/20/2015,4.614672
12/21/2015,4.626864
12/22/2015,4.6482
12/23/2015,4.706112
12/24/2015,4.626864
12/25/2015,4.593336
12/26/2015,4.608576
12/27/2015,4.687824
12/28/2015,4.745736
12/29/2015,4.706112
12/30/2015,4.760976
12/31/2015,4.757928
1/1/2016,4.852416
1/2/2016,4.96824
1/3/2016,5.056632
1/4/2016,5.205984
1/5/2016,5.388864
1/6/2016,5.586984
1/7/2016,5.763768
1/8/2016,5.934456
1/9/2016,6.123432
1/10/2016,6.242304
1/11/2016,6.318504
1/12/2016,6.419088
1/13/2016,6.489192
1/14/2016,6.455664
1/15/2016,6.580632
1/16/2016,6.559296
1/17/2016,6.49224
1/18/2016,6.434328
1/19/2016,6.452616
1/20/2016,6.470904
1/21/2016,6.458712
1/22/2016,6.467856
1/23/2016,6.406896
1/24/2016,6.388608
1/25/2016,6.364224
1/26/2016,6.342888
1/27/2016,6.284976
1/28/2016,6.20268
1/29/2016,6.117336
1/30/2016,5.949696
1/31/2016,5.797296
2/1/2016,5.647944
2/2/2016,5.483352
2/3/2016,5.373624
2/4/2016,5.221224
2/5/2016,5.077968
2/6/2016,4.888992
2/7/2016,4.70916
2/8/2016,4.58724
2/9/2016,4.410456
2/10/2016,4.331208
2/11/2016,4.285488
2/12/2016,4.273296
2/13/2016,4.279392
2/14/2016,4.294632
2/15/2016,4.37388
2/16/2016,4.474464
2/17/2016,4.489704
2/18/2016,4.468368
2/19/2016,4.520184
2/20/2016,4.486656
2/21/2016,4.459224
2/22/2016,4.334256
2/23/2016,4.258056
2/24/2016,4.14528
2/25/2016,3.922776
2/26/2016,3.87096
2/27/2016,3.881628
2/28/2016,3.892296
2/29/2016,3.980688
3/1/2016,4.035552
3/2/2016,4.108704
3/3/2016,4.178808
3/4/2016,4.224528
3/5/2016,4.303776
3/6/2016,4.367784
3/7/2016,4.443984
3/8/2016,4.575048
3/9/2016,4.706112
3/10/2016,4.767072
3/11/2016,4.931664
3/12/2016,5.0292
3/13/2016,5.077968
3/14/2016,5.22732
3/15/2016,5.330952
3/16/2016,5.407152
3/17/2016,5.50164
3/18/2016,5.657088
3/19/2016,5.772912
3/20/2016,5.80644
3/21/2016,5.861304
3/22/2016,5.85216
3/23/2016,5.833872
3/24/2016,5.849112
3/25/2016,5.809488
3/26/2016,5.809488
3/27/2016,5.830824
3/28/2016,5.748528
3/29/2016,5.681472
3/30/2016,5.641848
3/31/2016,5.602224
4/1/2016,5.510784
4/2/2016,5.42544
4/3/2016,5.285232
4/4/2016,5.138928
4/5/2016,4.989576
4/6/2016,4.888992
4/7/2016,4.803648
4/8/2016,4.742688
4/9/2016,4.687824
4/10/2016,4.623816
4/11/2016,4.614672
4/12/2016,4.596384
4/13/2016,4.626864
4/14/2016,4.620768
4/15/2016,4.642104
4/16/2016,4.61772
4/17/2016,4.642104
4/18/2016,4.565904
4/19/2016,4.447032
4/20/2016,4.355592
4/21/2016,4.32816
4/22/2016,4.352544
4/23/2016,4.349496
4/24/2016,4.315968
4/25/2016,4.279392
4/26/2016,4.29768
4/27/2016,4.325112
4/28/2016,4.31292
4/29/2016,4.230624
4/30/2016,4.172712
5/1/2016,4.111752
5/2/2016,4.081272
5/3/2016,3.965448
5/4/2016,3.895344
5/5/2016,3.90144
5/6/2016,3.91668
5/7/2016,3.971544
5/8/2016,4.044696
5/9/2016,4.14528
5/10/2016,4.248912
5/11/2016,4.346448
5/12/2016,4.416552
5/13/2016,4.4958
5/14/2016,4.54152
5/15/2016,4.553712
5/16/2016,4.581144
5/17/2016,4.67868
5/18/2016,4.642104
5/19/2016,4.620768
5/20/2016,4.651248
5/21/2016,4.58724
5/22/2016,4.523232
5/23/2016,4.517136
5/24/2016,4.507992
5/25/2016,4.492752
5/26/2016,4.428744
5/27/2016,4.413504
5/28/2016,4.392168
5/29/2016,4.334256
5/30/2016,4.258056
5/31/2016,4.258056
6/1/2016,4.215384
6/2/2016,4.178808
6/3/2016,4.163568
6/4/2016,4.194048
6/5/2016,4.194048
6/6/2016,4.178808
6/7/2016,4.169664
6/8/2016,4.16052
6/9/2016,4.13004
6/10/2016,4.105656
6/11/2016,4.078224
6/12/2016,4.00812
6/13/2016,3.94716
6/14/2016,3.831336
6/15/2016,3.70332
6/16/2016,3.532632
6/17/2016,3.429
6/18/2016,3.2766
6/19/2016,3.112008
6/20/2016,3.005328
6/21/2016,2.874264
6/22/2016,2.755392
6/23/2016,2.642616
6/24/2016,2.48412
6/25/2016,2.374392
6/26/2016,2.325624
6/27/2016,2.286
6/28/2016,2.212848
6/29/2016,2.167128
6/30/2016,2.157984
7/1/2016,2.124456
7/2/2016,2.036064
7/3/2016,1.999488
7/4/2016,2.017776
7/5/2016,2.02692
7/6/2016,2.051304
7/7/2016,2.097024
7/8/2016,2.08788
7/9/2016,2.084832
7/10/2016,2.01168
7/11/2016,1.96596
7/12/2016,1.944624
7/13/2016,1.978152
7/14/2016,2.145792
7/15/2016,2.325624
7/16/2016,2.508504
7/17/2016,2.624328
7/18/2016,2.657856
7/19/2016,2.679192
7/20/2016,2.578608
7/21/2016,2.450592
7/22/2016,2.365248
7/23/2016,2.273808
7/24/2016,2.170176
7/25/2016,2.093976
7/26/2016,2.081784
7/27/2016,1.987296
7/28/2016,1.88976
7/29/2016,1.822704
7/30/2016,1.725168
7/31/2016,1.700784
8/1/2016,1.70688
8/2/2016,1.73736
8/3/2016,1.734312
8/4/2016,1.853184
8/5/2016,1.956816
8/6/2016,1.944624
8/7/2016,2.002536
8/8/2016,2.005584
8/9/2016,2.069592
8/10/2016,2.10312
8/11/2016,2.139696
8/12/2016,2.191512
8/13/2016,2.731008
8/14/2016,3.099816
8/15/2016,2.685288
8/16/2016,2.246376
8/17/2016,2.04216
8/18/2016,2.020824
8/19/2016,2.020824
8/20/2016,2.033016
8/21/2016,2.10312
8/22/2016,2.106168
8/23/2016,2.136648
8/24/2016,2.258568
8/25/2016,2.356104
8/26/2016,2.511552
8/27/2016,2.56032
8/28/2016,2.57556
8/29/2016,2.52984
8/30/2016,2.502408
8/31/2016,2.48412
9/1/2016,2.508504
9/2/2016,2.426208
9/3/2016,2.334768
9/4/2016,2.206752
9/5/2016,2.090928
9/6/2016,2.048256
9/7/2016,2.014728
9/8/2016,1.999488
9/9/2016,2.014728
9/10/2016,2.01168
9/11/2016,1.99644
9/12/2016,1.990344
9/13/2016,2.005584
9/14/2016,1.969008
9/15/2016,1.883664
9/16/2016,1.816608
9/17/2016,1.780032
9/18/2016,1.743456
9/19/2016,1.804416
9/20/2016,1.862328
9/21/2016,1.926336
9/22/2016,1.969008
9/23/2016,1.944624
9/24/2016,1.92024
9/25/2016,1.917192
9/26/2016,1.911096
9/27/2016,1.941576
9/28/2016,1.990344
9/29/2016,1.990344
9/30/2016,1.932432
10/1/2016,1.914144
10/2/2016,1.877568
10/3/2016,1.84404
10/4/2016,1.847088
10/5/2016,1.825752
10/6/2016,1.837944
10/7/2016,1.819656
10/8/2016,1.740408
10/9/2016,1.734312
10/10/2016,1.694688
10/11/2016,1.667256
10/12/2016,1.716024
10/13/2016,1.764792
10/14/2016,1.743456
10/15/2016,1.76784
10/16/2016,1.825752
10/17/2016,1.88976
10/18/2016,1.975104
10/19/2016,1.962912
10/20/2016,2.029968
10/21/2016,2.008632
10/22/2016,1.99644
10/23/2016,1.898904
10/24/2016,1.743456
10/25/2016,1.72212
10/26/2016,1.685544
10/27/2016,1.63068
10/28/2016,1.61544
10/29/2016,1.609344
10/30/2016,1.597152
10/31/2016,1.612392
11/1/2016,1.679448
11/2/2016,1.731264
11/3/2016,1.758696
11/4/2016,1.731264
11/5/2016,1.734312
11/6/2016,1.670304
11/7/2016,1.627632
11/8/2016,1.53924
11/9/2016,1.734312
11/10/2016,1.533144
11/11/2016,1.31064
11/12/2016,1.267968
11/13/2016,1.255776
11/14/2016,1.24968
11/15/2016,1.319784
11/16/2016,1.304544
11/17/2016,1.34112
11/18/2016,1.3716
11/19/2016,1.277112
11/20/2016,1.322832
11/21/2016,1.17348
11/22/2016,1.072896
11/23/2016,1.048512
11/24/2016,1.02108
11/25/2016,0.938784
11/26/2016,0.957072
11/27/2016,0.86868
11/28/2016,0.966216
11/29/2016,1.039368
11/30/2016,1.0668
12/1/2016,1.027176
12/2/2016,0.996696
12/3/2016,1.0668
12/4/2016,1.207008
12/5/2016,1.191768
12/6/2016,1.261872
12/7/2016,1.17348
12/8/2016,1.216152
12/9/2016,1.292352
12/10/2016,1.210056
12/11/2016,1.115568
12/12/2016,1.213104
12/13/2016,1.335024
12/14/2016,1.472184
12/15/2016,1.511808
12/16/2016,1.548384
12/17/2016,1.603248
12/18/2016,1.530096
12/19/2016,1.536192
12/20/2016,1.374648
12/21/2016,1.283208
12/22/2016,1.274064
12/23/2016,1.271016
12/24/2016,1.271016
12/25/2016,1.304544
12/26/2016,1.338072
12/27/2016,1.399032
12/28/2016,1.456944
12/29/2016,1.603248
12/30/2016,1.78308
12/31/2016,1.972056
1/1/2017,2.170176
1/2/2017,2.304288
1/3/2017,2.319528
1/4/2017,2.328672
1/5/2017,2.298192
1/6/2017,2.27076
1/7/2017,2.368296
1/8/2017,2.264664
1/9/2017,2.30124
1/10/2017,2.334768
1/11/2017,2.447544
1/12/2017,2.523744
1/13/2017,2.46888
1/14/2017,2.395728
1/15/2017,2.374392
1/16/2017,2.365248
1/17/2017,2.295144
1/18/2017,2.267712
1/19/2017,2.157984
1/20/2017,2.30124
1/21/2017,2.49936
1/22/2017,2.670048
1/23/2017,2.673096
1/24/2017,2.694432
1/25/2017,2.837688
1/26/2017,3.00228
1/27/2017,3.221736
1/28/2017,3.389376
1/29/2017,3.563112
1/30/2017,3.675888
1/31/2017,3.837432
2/1/2017,3.904488
2/2/2017,3.953256
2/3/2017,3.974592
2/4/2017,3.971544
2/5/2017,3.965448
2/6/2017,3.965448
2/7/2017,3.986784
2/8/2017,3.986784
2/9/2017,3.861816
2/10/2017,3.709416
2/11/2017,3.52044
2/12/2017,3.26136
2/13/2017,3.00228
2/14/2017,2.767584
2/15/2017,2.551176
2/16/2017,2.31648
2/17/2017,2.2098
2/18/2017,2.203704
2/19/2017,2.22504
2/20/2017,2.249424
2/21/2017,2.30124
2/22/2017,2.325624
2/23/2017,2.371344
2/24/2017,2.371344
2/25/2017,2.298192
2/26/2017,2.276856
2/27/2017,2.282952
2/28/2017,2.218944
3/1/2017,2.14884
3/2/2017,2.054352
3/3/2017,2.02692
3/4/2017,1.956816
3/5/2017,1.831848
3/6/2017,1.801368
3/7/2017,1.892808
3/8/2017,1.856232
3/9/2017,1.898904
3/10/2017,2.036064
3/11/2017,2.234184
3/12/2017,2.511552
3/13/2017,2.767584
3/14/2017,2.913888
3/15/2017,3.008376
3/16/2017,3.136392
3/17/2017,3.243072
3/18/2017,3.313176
3/19/2017,3.392424
3/20/2017,3.44424
3/21/2017,3.432048
3/22/2017,3.361944
3/23/2017,3.264408
3/24/2017,3.136392
3/25/2017,3.051048
3/26/2017,2.8956
3/27/2017,2.767584
3/28/2017,2.642616
3/29/2017,2.54508
3/30/2017,2.49936
3/31/2017,2.532888
4/1/2017,2.496312
4/2/2017,2.46888
4/3/2017,2.65176
4/4/2017,2.734056
4/5/2017,2.950464
4/6/2017,3.014472
4/7/2017,3.054096
4/8/2017,3.099816
4/9/2017,3.191256
4/10/2017,3.386328
4/11/2017,3.508248
4/12/2017,3.654552
4/13/2017,3.81
4/14/2017,3.94716
4/15/2017,4.13004
4/16/2017,4.215384
4/17/2017,4.331208
4/18/2017,4.40436
4/19/2017,4.447032
4/20/2017,4.474464
4/21/2017,4.462272
4/22/2017,4.45008
4/23/2017,4.383024
4/24/2017,4.322064
4/25/2017,4.223004
4/26/2017,4.123944
4/27/2017,4.026408
4/28/2017,3.904488
4/29/2017,3.85572
4/30/2017,3.968496
5/1/2017,4.024884
5/2/2017,4.081272
5/3/2017,4.233672
5/4/2017,4.584192
5/5/2017,4.504944
5/6/2017,4.645152
5/7/2017,4.742688
5/8/2017,4.8006
5/9/2017,4.879848
5/10/2017,4.928616
5/11/2017,4.99872
5/12/2017,5.09016
5/13/2017,5.205984
5/14/2017,5.266944
5/15/2017,5.358384
5/16/2017,5.449824
5/17/2017,5.565648
5/18/2017,5.67436
5/19/2017,5.783072
5/20/2017,5.891784
5/21/2017,5.998464
5/22/2017,6.123432
5/23/2017,6.211824
5/24/2017,6.20268
5/25/2017,6.272784
5/26/2017,6.297168
5/27/2017,6.288024
5/28/2017,6.288024
5/29/2017,6.306312
5/30/2017,6.303264
5/31/2017,6.303264
6/1/2017,6.260592
6/2/2017,6.254496
6/3/2017,6.272784
6/4/2017,6.236208
6/5/2017,6.227064
6/6/2017,6.175248
6/7/2017,6.184392
6/8/2017,6.14172
6/9/2017,6.068568
6/10/2017,6.001512
6/11/2017,5.934456
6/12/2017,5.873496
6/13/2017,5.782056
6/14/2017,5.696712
6/15/2017,5.583936
6/16/2017,5.4864
6/17/2017,5.382768
6/18/2017,5.248656
6/19/2017,5.102352
6/20/2017,5.01396
6/21/2017,5.123688
6/22/2017,4.934712
6/23/2017,4.651248
6/24/2017,4.407408
6/25/2017,4.25196
6/26/2017,4.108704
6/27/2017,3.99288
6/28/2017,3.880104
6/29/2017,3.79476
6/30/2017,3.758184
7/1/2017,3.694176
7/2/2017,3.617976
7/3/2017,3.5814
7/4/2017,3.553968
7/5/2017,3.526536
7/6/2017,3.52044
7/7/2017,3.477768
7/8/2017,3.438144
7/9/2017,3.392424
7/10/2017,3.33756
7/11/2017,3.288792
7/12/2017,3.270504
7/13/2017,3.30708
7/14/2017,3.346704
7/15/2017,3.404616
7/16/2017,3.422904
7/17/2017,3.41376
7/18/2017,3.33756
7/19/2017,3.209544
7/20/2017,2.999232
7/21/2017,2.80416
7/22/2017,2.630424
7/23/2017,2.474976
7/24/2017,2.37744
7/25/2017,2.286
7/26/2017,2.228088
7/27/2017,2.258568
7/28/2017,2.215896
7/29/2017,2.1336
7/30/2017,2.023872
7/31/2017,2.01168
8/1/2017,2.014728
8/2/2017,1.978152
8/3/2017,1.975104
8/4/2017,1.972056
8/5/2017,1.953768
8/6/2017,1.99644
8/7/2017,2.033016
8/8/2017,2.078736
8/9/2017,2.157984
8/10/2017,2.237232
8/11/2017,2.267712
8/12/2017,2.310384
8/13/2017,2.282952
8/14/2017,2.17932
8/15/2017,2.078736
8/16/2017,1.96596
8/17/2017,1.886712
8/18/2017,1.840992
8/19/2017,1.81356
8/20/2017,1.862328
8/21/2017,1.911096
8/22/2017,1.96596
8/23/2017,1.929384
8/24/2017,1.895856
8/25/2017,1.880616
8/26/2017,1.801368
8/27/2017,1.755648
8/28/2017,1.73736
8/29/2017,1.853184
8/30/2017,1.822704
8/31/2017,1.679448
9/1/2017,1.56972
9/2/2017,1.670304
9/3/2017,1.731264
9/4/2017,1.819656
9/5/2017,1.898904
9/6/2017,1.938528
9/7/2017,2.014728
9/8/2017,2.090928
9/9/2017,2.1336
9/10/2017,2.282952
9/11/2017,2.337816
9/12/2017,2.090928
9/13/2017,1.947672
9/14/2017,1.905
9/15/2017,1.810512
9/16/2017,1.734312
9/17/2017,1.642872
9/18/2017,1.624584
9/19/2017,1.551432
9/20/2017,1.414272
9/21/2017,1.335024
9/22/2017,1.347216
9/23/2017,1.328928
9/24/2017,1.344168
9/25/2017,1.359408
9/26/2017,1.313688
9/27/2017,1.210056
9/28/2017,1.20396
9/29/2017,1.164336
9/30/2017,1.179576
10/1/2017,1.124712
10/2/2017,1.429512
10/3/2017,1.435608
10/4/2017,1.301496
10/5/2017,1.255776
10/6/2017,1.170432
10/7/2017,1.338072
10/8/2017,1.38684
10/9/2017,1.338072
10/10/2017,1.255776
10/11/2017,1.222248
10/12/2017,1.225296
10/13/2017,1.222248
10/14/2017,1.11252
10/15/2017,1.170432
10/16/2017,1.091184
10/17/2017,1.20396
10/18/2017,1.182624
10/19/2017,1.179576
10/20/2017,1.2192
10/21/2017,1.408176
10/22/2017,1.575816
10/23/2017,1.697736
10/24/2017,1.566672
10/25/2017,1.469136
10/26/2017,1.35636
10/27/2017,1.377696
10/28/2017,1.380744
10/29/2017,1.335024
10/30/2017,1.240536
10/31/2017,1.213104
11/1/2017,1.18872
11/2/2017,1.338072
11/3/2017,1.289304
11/4/2017,1.35636
11/5/2017,1.438656
11/6/2017,1.50876
11/7/2017,1.517904
11/8/2017,1.578864
11/9/2017,1.612392
11/10/2017,1.642872
11/11/2017,1.6002
11/12/2017,1.6764
11/13/2017,1.69164
11/14/2017,1.633728
11/15/2017,1.621536
11/16/2017,1.694688
11/17/2017,1.776984
11/18/2017,1.926336
11/19/2017,2.023872
11/20/2017,2.093976
11/21/2017,2.124456
11/22/2017,2.093976
11/23/2017,2.023872
11/24/2017,1.856232
11/25/2017,1.70688
11/26/2017,1.527048
11/27/2017,1.453896
11/28/2017,1.377696
11/29/2017,1.347216
11/30/2017,1.298448
12/1/2017,1.292352
12/2/2017,1.34112
12/3/2017,1.389888
12/4/2017,1.469136
12/5/2017,1.566672
12/6/2017,1.612392
12/7/2017,1.73736
12/8/2017,1.764792
12/9/2017,1.41732
12/10/2017,1.17348
12/11/2017,1.057656
12/12/2017,1.033272
12/13/2017,0.94488
12/14/2017,0.941832
12/15/2017,0.923544
12/16/2017,0.911352
12/17/2017,1.045464
12/18/2017,0.911352
12/19/2017,0.890016
12/20/2017,0.94488
12/21/2017,0.893064
12/22/2017,0.972312
12/23/2017,0.9906
12/24/2017,0.987552
12/25/2017,1.011936
12/26/2017,1.054608
12/27/2017,1.0668
12/28/2017,1.194816
12/29/2017,1.210056
12/30/2017,1.255776
12/31/2017,1.368552
1/1/2018,1.594104
1/2/2018,1.81356
1/3/2018,1.901952
1/4/2018,1.908048
1/5/2018,1.908048
1/6/2018,1.853184
1/7/2018,1.810512
1/8/2018,1.908048
1/9/2018,1.70688
1/10/2018,1.603248
1/11/2018,1.47828
1/12/2018,1.307592
1/13/2018,1.063752
1/14/2018,0.987552
1/15/2018,0.89916
1/16/2018,0.92964
1/17/2018,0.917448
1/18/2018,0.92964
1/19/2018,0.896112
1/20/2018,0.935736
1/21/2018,1.05156
1/22/2018,1.152144
1/23/2018,1.17348
1/24/2018,1.298448
1/25/2018,1.380744
1/26/2018,1.53924
1/27/2018,1.694688
1/28/2018,1.947672
1/29/2018,1.914144
1/30/2018,1.822704
1/31/2018,1.725168
2/1/2018,1.633728
2/2/2018,1.609344
2/3/2018,1.591056
2/4/2018,1.731264
2/5/2018,1.697736
2/6/2018,1.786128
2/7/2018,1.850136
2/8/2018,1.908048
2/9/2018,2.039112
2/10/2018,2.170176
2/11/2018,2.231136
2/12/2018,2.295144
2/13/2018,2.307336
2/14/2018,2.33172
2/15/2018,2.356104
2/16/2018,2.447544
2/17/2018,2.581656
2/18/2018,2.801112
2/19/2018,3.020568
2/20/2018,3.236976
2/21/2018,3.410712
2/22/2018,3.511296
2/23/2018,3.645408
2/24/2018,3.861816
2/25/2018,4.108704
2/26/2018,4.352544
2/27/2018,4.590288
2/28/2018,4.760976
3/1/2018,4.895088
3/2/2018,5.038344
3/3/2018,5.16636
3/4/2018,5.276088
3/5/2018,5.4102
3/6/2018,5.6388
3/7/2018,5.797296
3/8/2018,5.995416
3/9/2018,6.15696
3/10/2018,6.272784
3/11/2018,6.403848
3/12/2018,6.501384
3/13/2018,6.525768
3/14/2018,6.464808
3/15/2018,6.483096
3/16/2018,6.44652
3/17/2018,6.473952
3/18/2018,6.531864
3/19/2018,6.544056
3/20/2018,6.49224
3/21/2018,6.483096
3/22/2018,6.467856
3/23/2018,6.458712
3/24/2018,6.443472
3/25/2018,6.43128
3/26/2018,6.379464
3/27/2018,6.38556
3/28/2018,6.315456
3/29/2018,6.193536
3/30/2018,6.044184
3/31/2018,5.891784
4/1/2018,5.721096
4/2/2018,5.620512
4/3/2018,5.522976
4/4/2018,5.44068
4/5/2018,5.413248
4/6/2018,5.398008
4/7/2018,5.4102
4/8/2018,5.465064
4/9/2018,5.526024
4/10/2018,5.522976
4/11/2018,5.590032
4/12/2018,5.596128
4/13/2018,5.571744
4/14/2018,5.647944
4/15/2018,5.66928
4/16/2018,5.602224
4/17/2018,5.586984
4/18/2018,5.5626
4/19/2018,5.590032
4/20/2018,5.559552
4/21/2018,5.617464
4/22/2018,5.599176
4/23/2018,5.65404
4/24/2018,5.6388
4/25/2018,5.635752
4/26/2018,5.632704
4/27/2018,5.626608
4/28/2018,5.559552
4/29/2018,5.50164
4/30/2018,5.42544
5/1/2018,5.39496
5/2/2018,5.355336
5/3/2018,5.321808
5/4/2018,5.27304
5/5/2018,5.263896
5/6/2018,5.248656
5/7/2018,5.224272
5/8/2018,5.175504
5/9/2018,5.132832
5/10/2018,5.096256
5/11/2018,5.041392
5/12/2018,4.971288
5/13/2018,4.840224
5/14/2018,4.742688
5/15/2018,4.620768
5/16/2018,4.498848
5/17/2018,4.407408
5/18/2018,4.294632
5/19/2018,4.215384
5/20/2018,4.1148
5/21/2018,4.041648
5/22/2018,3.980688
5/23/2018,3.90144
5/24/2018,3.800856
5/25/2018,3.678936
5/26/2018,3.608832
5/27/2018,3.590544
5/28/2018,3.61188
5/29/2018,3.61188
5/30/2018,3.575304
5/31/2018,3.560064
6/1/2018,3.53568
6/2/2018,3.5052
6/3/2018,3.483864
6/4/2018,3.447288
6/5/2018,3.422904
6/6/2018,3.425952
6/7/2018,3.392424
6/8/2018,3.319272
6/9/2018,3.258312
6/10/2018,3.194304
6/11/2018,3.145536
6/12/2018,3.09372
6/13/2018,3.011424
6/14/2018,2.859024
6/15/2018,2.663952
6/16/2018,2.49936
6/17/2018,2.37744
6/18/2018,2.246376
6/19/2018,2.127504
6/20/2018,2.07264
6/21/2018,2.033016
6/22/2018,2.045208
6/23/2018,2.07264
6/24/2018,2.109216
6/25/2018,2.176272
6/26/2018,2.246376
6/27/2018,2.249424
6/28/2018,2.206752
6/29/2018,2.139696
6/30/2018,2.084832
7/1/2018,2.054352
7/2/2018,2.075688
7/3/2018,2.191512
7/4/2018,2.350008
7/5/2018,2.520696
7/6/2018,2.71272
7/7/2018,2.862072
7/8/2018,2.974848
7/9/2018,3.06324
7/10/2018,3.09372
7/11/2018,3.090672
7/12/2018,3.066288
7/13/2018,3.01752
7/14/2018,2.916936
7/15/2018,2.862072
7/16/2018,2.78892
7/17/2018,2.737104
7/18/2018,2.618232
7/19/2018,2.481072
7/20/2018,2.343912
7/21/2018,2.22504
7/22/2018,2.090928
7/23/2018,1.993392
7/24/2018,1.905
7/25/2018,1.825752
7/26/2018,1.725168
7/27/2018,1.66116
7/28/2018,1.597152
7/29/2018,1.603248
7/30/2018,1.603248
7/31/2018,1.597152
8/1/2018,1.609344
8/2/2018,1.588008
8/3/2018,1.63068
8/4/2018,1.603248
8/5/2018,1.560576
8/6/2018,1.505712
8/7/2018,1.484376
8/8/2018,1.444752
8/9/2018,1.429512
8/10/2018,1.374648
8/11/2018,1.331976
8/12/2018,1.301496
8/13/2018,1.298448
8/14/2018,1.335024
8/15/2018,1.35636
8/16/2018,1.374648
8/17/2018,1.380744
8/18/2018,1.35636
8/19/2018,1.38684
8/20/2018,1.435608
8/21/2018,1.438656
8/22/2018,1.408176
8/23/2018,1.484376
8/24/2018,1.511808
8/25/2018,1.609344
8/26/2018,1.560576
8/27/2018,1.588008
8/28/2018,1.548384
8/29/2018,1.548384
8/30/2018,1.536192
8/31/2018,1.566672
9/1/2018,1.609344
9/2/2018,1.575816
9/3/2018,1.594104
9/4/2018,1.648968
9/5/2018,1.725168
9/6/2018,1.56972
9/7/2018,1.441704
9/8/2018,1.420368
9/9/2018,1.383792
9/10/2018,1.426464
9/11/2018,1.405128
9/12/2018,1.481328
9/13/2018,1.55448
9/14/2018,1.55448
9/15/2018,1.621536
9/16/2018,1.731264
9/17/2018,1.975104
9/18/2018,2.191512
9/19/2018,2.401824
9/20/2018,2.599944
9/21/2018,2.676144
9/22/2018,2.795016
9/23/2018,2.923032
9/24/2018,3.060192
9/25/2018,3.163824
9/26/2018,3.294888
9/27/2018,3.395472
9/28/2018,3.45948
9/29/2018,3.523488
9/30/2018,3.575304
10/1/2018,3.624072
10/2/2018,3.633216
10/3/2018,3.648456
10/4/2018,3.633216
10/5/2018,3.633216
10/6/2018,3.67284
10/7/2018,3.681984
10/8/2018,3.755136
10/9/2018,3.87096
10/10/2018,4.032504
10/11/2018,3.93192
10/12/2018,3.837432
10/13/2018,3.81
10/14/2018,3.79476
10/15/2018,3.730752
10/16/2018,3.675888
10/17/2018,3.5814
10/18/2018,3.590544
10/19/2018,3.572256
10/20/2018,3.62712
10/21/2018,3.742944
10/22/2018,3.895344
10/23/2018,4.020312
10/24/2018,4.215384
10/25/2018,4.386072
10/26/2018,4.40436
10/27/2018,4.416552
10/28/2018,4.4196
10/29/2018,4.413504
10/30/2018,4.401312
10/31/2018,4.334256
11/1/2018,4.4196
11/2/2018,4.169664
11/3/2018,4.02336
11/4/2018,3.956304
11/5/2018,3.941064
11/6/2018,3.959352
11/7/2018,3.989832
11/8/2018,4.09956
11/9/2018,4.157472
11/10/2018,4.29768
11/11/2018,4.401312
11/12/2018,4.520184
11/13/2018,4.58724
11/14/2018,4.660392
11/15/2018,4.690872
11/16/2018,4.7244
11/17/2018,4.782312
11/18/2018,4.788408
11/19/2018,4.809744
11/20/2018,4.821936
11/21/2018,4.821936
11/22/2018,4.779264
11/23/2018,4.767072
11/24/2018,4.779264
11/25/2018,4.75488
11/26/2018,4.669536
11/27/2018,4.572
11/28/2018,4.489704
11/29/2018,4.425696
11/30/2018,4.37388
12/1/2018,4.392168
12/2/2018,4.322064
12/3/2018,4.191
12/4/2018,4.087368
12/5/2018,4.002024
12/6/2018,3.941064
12/7/2018,3.922776
12/8/2018,3.94716
12/9/2018,3.99288
12/10/2018,4.062984
12/11/2018,4.154424
12/12/2018,4.279392
12/13/2018,4.459224
12/14/2018,4.654296
12/15/2018,4.660392
12/16/2018,4.700016
12/17/2018,4.69392
12/18/2018,4.788408
12/19/2018,4.824984
12/20/2018,4.864608
12/21/2018,4.782312
12/22/2018,4.727448
12/23/2018,4.675632
12/24/2018,4.690872
12/25/2018,4.690872
12/26/2018,4.70916
12/27/2018,4.779264
12/28/2018,4.849368
12/29/2018,4.8006
12/30/2018,4.788408
12/31/2018,4.8006
1/1/2019,4.821936
1/2/2019,4.855464
1/3/2019,4.946904
1/4/2019,5.09016
1/5/2019,5.163312
1/6/2019,5.224272
1/7/2019,5.285232
1/8/2019,5.324856
1/9/2019,5.404104
1/10/2019,5.474208
1/11/2019,5.544312
1/12/2019,5.602224
1/13/2019,5.678424
1/14/2019,5.757672
1/15/2019,5.824728
1/16/2019,5.888736
1/17/2019,5.903976
1/18/2019,5.952744
1/19/2019,5.992368
1/20/2019,5.97408
1/21/2019,6.038088
1/22/2019,6.047232
1/23/2019,6.056376
1/24/2019,5.961888
1/25/2019,5.91312
1/26/2019,5.797296
1/27/2019,5.739384
1/28/2019,5.724144
1/29/2019,5.687568
1/30/2019,5.678424
1/31/2019,5.65404
2/1/2019,5.650992
2/2/2019,5.650992
2/3/2019,5.641848
2/4/2019,5.644896
2/5/2019,5.629656
2/6/2019,5.614416
2/7/2019,5.574792
2/8/2019,5.538216
2/9/2019,5.4864
2/10/2019,5.434584
2/11/2019,5.404104
2/12/2019,5.382768
2/13/2019,5.312664
2/14/2019,5.282184
2/15/2019,5.282184
2/16/2019,5.28828
2/17/2019,5.358384
2/18/2019,5.428488
2/19/2019,5.59308
2/20/2019,5.65404
2/21/2019,5.690616
2/22/2019,5.748528
2/23/2019,5.830824
2/24/2019,5.88264
2/25/2019,5.977128
2/26/2019,6.105144
2/27/2019,6.236208
2/28/2019,6.2484
3/1/2019,6.312408
3/2/2019,6.327648
3/3/2019,6.364224
3/4/2019,6.443472
3/5/2019,6.422136
3/6/2019,6.489192
3/7/2019,6.513576
3/8/2019,6.504432
3/9/2019,6.49224
3/10/2019,6.498336
3/11/2019,6.498336
3/12/2019,6.498336
3/13/2019,6.50748
3/14/2019,6.486144
3/15/2019,6.489192
3/16/2019,6.498336
3/17/2019,6.501384
3/18/2019,6.528816
3/19/2019,6.52272
3/20/2019,6.501384
3/21/2019,6.483096
3/22/2019,6.477
3/23/2019,6.46176
3/24/2019,6.43128
3/25/2019,6.41604
3/26/2019,6.388608
3/27/2019,6.406896
3/28/2019,6.4008
3/29/2019,6.473952
3/30/2019,6.480048
3/31/2019,6.443472
4/1/2019,6.452616
4/2/2019,6.4008
4/3/2019,6.330696
4/4/2019,6.333744
4/5/2019,6.275832
4/6/2019,6.227064
4/7/2019,6.12648
4/8/2019,6.120384
4/9/2019,6.114288
4/10/2019,6.108192
4/11/2019,6.166104
4/12/2019,6.12648
4/13/2019,6.135624
4/14/2019,6.123432
4/15/2019,6.092952
4/16/2019,6.074664
4/17/2019,6.053328
4/18/2019,6.062472
4/19/2019,6.138672
4/20/2019,6.135624
4/21/2019,6.120384
4/22/2019,6.147816
4/23/2019,6.196584
4/24/2019,6.205728
4/25/2019,6.242304
4/26/2019,6.291072
4/27/2019,6.330696
4/28/2019,6.312408
4/29/2019,6.318504
4/30/2019,6.348984
5/1/2019,6.336792
5/2/2019,6.352032
5/3/2019,6.35508
5/4/2019,6.336792
5/5/2019,6.373368
5/6/2019,6.373368
5/7/2019,6.406896
5/8/2019,6.43128
5/9/2019,6.458712
5/10/2019,6.580632
5/11/2019,6.480048
5/12/2019,6.550152
5/13/2019,6.556248
5/14/2019,6.467856
5/15/2019,6.452616
5/16/2019,6.443472
5/17/2019,6.452616
5/18/2019,6.473952
5/19/2019,6.501384
5/20/2019,6.495288
5/21/2019,6.501384
5/22/2019,6.480048
5/23/2019,6.464808
5/24/2019,6.483096
5/25/2019,6.495288
5/26/2019,6.498336
5/27/2019,6.483096
5/28/2019,6.46176
5/29/2019,6.452616
5/30/2019,6.440424
5/31/2019,6.422136
6/1/2019,6.403848
6/2/2019,6.391656
6/3/2019,6.409944
6/4/2019,6.373368
6/5/2019,6.35508
6/6/2019,6.379464
6/7/2019,6.43128
6/8/2019,6.38556
6/9/2019,6.406896
6/10/2019,6.397752
6/11/2019,6.394704
6/12/2019,6.43128
6/13/2019,6.434328
6/14/2019,6.434328
6/15/2019,6.440424
6/16/2019,6.437376
6/17/2019,6.428232
6/18/2019,6.434328
6/19/2019,6.361176
6/20/2019,6.358128
6/21/2019,6.3246
6/22/2019,6.300216
6/23/2019,6.242304
6/24/2019,6.245352
6/25/2019,6.208776
6/26/2019,6.18744
6/27/2019,6.175248
6/28/2019,6.169152
6/29/2019,6.1722
6/30/2019,6.153912
7/1/2019,6.153912
7/2/2019,6.15696
7/3/2019,6.175248
7/4/2019,6.166104
7/5/2019,6.163056
7/6/2019,6.181344
7/7/2019,6.181344
7/8/2019,6.214872
7/9/2019,6.199632
7/10/2019,6.205728
7/11/2019,6.205728
7/12/2019,6.321552
7/13/2019,6.345936
7/14/2019,6.242304
7/15/2019,6.208776
7/16/2019,6.205728
7/17/2019,6.190488
7/18/2019,6.166104
7/19/2019,6.12648
7/20/2019,6.077712
7/21/2019,6.010656
7/22/2019,5.97408
7/23/2019,5.946648
7/24/2019,5.900928
7/25/2019,5.879592
7/26/2019,5.864352
7/27/2019,5.83692
7/28/2019,5.74548
7/29/2019,5.641848
7/30/2019,5.559552
7/31/2019,5.474208
8/1/2019,5.36448
8/2/2019,5.28828
8/3/2019,5.224272
8/4/2019,5.169408
8/5/2019,5.114544
8/6/2019,5.0292
8/7/2019,4.928616
8/8/2019,4.824984
8/9/2019,4.675632
8/10/2019,4.55676
8/11/2019,4.401312
8/12/2019,4.258056
8/13/2019,4.136136
8/14/2019,4.002024
8/15/2019,3.849624
8/16/2019,3.675888
8/17/2019,3.502152
8/18/2019,3.282696
8/19/2019,3.075432
8/20/2019,2.874264
8/21/2019,2.709672
8/22/2019,2.612136
8/23/2019,2.551176
8/24/2019,2.48412
8/25/2019,2.429256
8/26/2019,2.380488
8/27/2019,2.343912
8/28/2019,2.267712
8/29/2019,2.24028
8/30/2019,2.322576
8/31/2019,2.398776
9/1/2019,2.456688
9/2/2019,2.511552
9/3/2019,2.542032
9/4/2019,2.548128
9/5/2019,2.493264
9/6/2019,2.420112
9/7/2019,2.429256
9/8/2019,2.386584
9/9/2019,2.383536
9/10/2019,2.356104
9/11/2019,2.261616
9/12/2019,2.200656
9/13/2019,2.161032
9/14/2019,2.157984
9/15/2019,2.093976
9/16/2019,2.07264
9/17/2019,1.962912
9/18/2019,1.853184
9/19/2019,1.78308
9/20/2019,1.816608
9/21/2019,1.926336
9/22/2019,1.959864
9/23/2019,1.892808
9/24/2019,1.898904
9/25/2019,1.877568
9/26/2019,1.850136
9/27/2019,1.862328
9/28/2019,1.850136
9/29/2019,1.895856
9/30/2019,1.962912
10/1/2019,2.039112
10/2/2019,2.157984
10/3/2019,2.234184
10/4/2019,2.252472
10/5/2019,2.295144
10/6/2019,2.356104
10/7/2019,2.40792
10/8/2019,2.40792
10/9/2019,2.368296
10/10/2019,2.401824
10/11/2019,2.584704
10/12/2019,2.587752
10/13/2019,2.627376
10/14/2019,2.654808
10/15/2019,2.749296
10/16/2019,2.84988
10/17/2019,3.008376
10/18/2019,3.133344
10/19/2019,3.288792
10/20/2019,3.099816
10/21/2019,2.999232
10/22/2019,2.938272
10/23/2019,2.898648
10/24/2019,2.84988
10/25/2019,2.898648
10/26/2019,3.090672
10/27/2019,2.947416
10/28/2019,2.993136
10/29/2019,3.069336
10/30/2019,3.255264
10/31/2019,3.36804
11/1/2019,3.53568
11/2/2019,3.61188
11/3/2019,3.727704
11/4/2019,3.806952
11/5/2019,3.907536
11/6/2019,3.980688
11/7/2019,4.026408
11/8/2019,4.002024
11/9/2019,4.0386
11/10/2019,4.00812
11/11/2019,4.02336
11/12/2019,4.072128
11/13/2019,4.17576
11/14/2019,4.172712
11/15/2019,4.22148
11/16/2019,4.194048
11/17/2019,4.151376
11/18/2019,4.075176
11/19/2019,3.968496
11/20/2019,3.828288
11/21/2019,3.686048
11/22/2019,3.543808
11/23/2019,3.401568
11/24/2019,3.273552
11/25/2019,3.148584
11/26/2019,3.087624
11/27/2019,3.057144
11/28/2019,3.011424
11/29/2019,2.962656
11/30/2019,2.968752
12/1/2019,2.974848
12/2/2019,2.913888
12/3/2019,2.953512
12/4/2019,3.041904
12/5/2019,3.118104
12/6/2019,3.249168
12/7/2019,3.374136
12/8/2019,3.547872
12/9/2019,3.70332
12/10/2019,3.907536
12/11/2019,4.14528
12/12/2019,4.258056
12/13/2019,4.349496
12/14/2019,4.40436
12/15/2019,4.410456
12/16/2019,4.325112
12/17/2019,4.276344
12/18/2019,4.142232
12/19/2019,4.026408
12/20/2019,3.8862
12/21/2019,3.873137143
12/22/2019,3.860074286
12/23/2019,3.847011429
12/24/2019,3.833948571
12/25/2019,3.820885714
12/26/2019,3.807822857
12/27/2019,3.79476
12/28/2019,3.834384
12/29/2019,3.852672
12/30/2019,3.84048
12/31/2019,3.816096
1/1/2020,3.837432
1/2/2020,3.910584
1/3/2020,3.974592
1/4/2020,4.026408
1/5/2020,4.005072
1/6/2020,4.050792
1/7/2020,4.078224
1/8/2020,4.16052
1/9/2020,4.306824
1/10/2020,4.425696
1/11/2020,4.611624
1/12/2020,4.584192
1/13/2020,4.690872
1/14/2020,4.764024
1/15/2020,4.84632
1/16/2020,4.934712
1/17/2020,5.071872
1/18/2020,5.190744
1/19/2020,5.285232
1/20/2020,5.413248
1/21/2020,5.492496
1/22/2020,5.629656
1/23/2020,5.727192
1/24/2020,5.794248
1/25/2020,5.891784
1/26/2020,5.949696
1/27/2020,6.028944
1/28/2020,6.071616
1/29/2020,6.153912
1/30/2020,6.166104
1/31/2020,6.169152
2/1/2020,6.12648
2/2/2020,6.086856
2/3/2020,6.041136
2/4/2020,5.964936
2/5/2020,5.934456
2/6/2020,5.946648
2/7/2020,5.846064
2/8/2020,5.73024
2/9/2020,5.660136
2/10/2020,5.663184
2/11/2020,5.550408
2/12/2020,5.504688
2/13/2020,5.492496
2/14/2020,5.492496
2/15/2020,5.574792
2/16/2020,5.586984
2/17/2020,5.60832
2/18/2020,5.660136
2/19/2020,5.739384
2/20/2020,5.8674
2/21/2020,5.971032
2/22/2020,6.092952
2/23/2020,6.175248
2/24/2020,6.251448
2/25/2020,6.336792
2/26/2020,6.43128
2/27/2020,6.409944
2/28/2020,6.437376
2/29/2020,6.44652
3/1/2020,6.495288
3/2/2020,6.513576
3/3/2020,6.504432
3/4/2020,6.486144
3/5/2020,6.586728
3/6/2020,6.550152
3/7/2020,6.608064
3/8/2020,6.580632
3/9/2020,6.49224
3/10/2020,6.443472
3/11/2020,6.373368
3/12/2020,6.29412
3/13/2020,6.181344
3/14/2020,6.074664
3/15/2020,5.995416
3/16/2020,5.937504
3/17/2020,5.855208
3/18/2020,5.812536
3/19/2020,5.751576
3/20/2020,5.702808
3/21/2020,5.690616
3/22/2020,5.705856
3/23/2020,5.751576
3/24/2020,5.788152
3/25/2020,5.827776
3/26/2020,5.864352
3/27/2020,5.910072
3/28/2020,5.977128
3/29/2020,6.028944
3/30/2020,6.083808
3/31/2020,6.144768
4/1/2020,6.205728
4/2/2020,6.254496
4/3/2020,6.300216
4/4/2020,6.352032
4/5/2020,6.41604
4/6/2020,6.486144
4/7/2020,6.504432
4/8/2020,6.489192
4/9/2020,6.528816
4/10/2020,6.519672
4/11/2020,6.52272
4/12/2020,6.56844
4/13/2020,6.617208
4/14/2020,6.632448
4/15/2020,6.665976
4/16/2020,6.745224
4/17/2020,6.69036
4/18/2020,6.7056
4/19/2020,6.632448
4/20/2020,6.635496
4/21/2020,6.59892
4/22/2020,6.571488
4/23/2020,6.565392
4/24/2020,6.519672
4/25/2020,6.519672
4/26/2020,6.495288
4/27/2020,6.473952
4/28/2020,6.403848
4/29/2020,6.440424
4/30/2020,6.4008
5/1/2020,6.388608
5/2/2020,6.379464
5/3/2020,6.30936
5/4/2020,6.239256
5/5/2020,6.18744
5/6/2020,6.15696
5/7/2020,6.083808
5/8/2020,6.013704
5/9/2020,5.998464
5/10/2020,5.964936
5/11/2020,5.89788
5/12/2020,5.855208
5/13/2020,5.82168
5/14/2020,5.785104
5/15/2020,5.85216
5/16/2020,5.736336
5/17/2020,5.715
5/18/2020,5.632704
5/19/2020,5.568696
5/20/2020,5.519928
5/21/2020,5.449824
5/22/2020,5.413248
5/23/2020,5.355336
5/24/2020,5.324856
5/25/2020,5.297424
5/26/2020,5.306568
5/27/2020,5.279136
5/28/2020,5.215128
5/29/2020,5.193792
5/30/2020,5.187696
5/31/2020,5.184648
6/1/2020,5.245608
6/2/2020,5.285232
6/3/2020,5.340096
6/4/2020,5.376672
6/5/2020,5.385816
6/6/2020,5.468112
6/7/2020,5.65404
6/8/2020,5.742432
6/9/2020,5.611368
6/10/2020,5.62356
6/11/2020,5.66928
6/12/2020,5.702808
6/13/2020,5.702808
6/14/2020,5.68452
6/15/2020,5.626608
6/16/2020,5.565648
6/17/2020,5.480304
6/18/2020,5.388864
6/19/2020,5.300472
6/20/2020,5.157216
6/21/2020,5.050536
6/22/2020,4.919472
6/23/2020,4.803648
6/24/2020,4.700016
6/25/2020,4.58724
6/26/2020,4.468368
6/27/2020,4.325112
6/28/2020,4.194048
6/29/2020,4.047744
6/30/2020,3.867912
7/1/2020,3.678936
7/2/2020,3.486912
7/3/2020,3.328416
7/4/2020,3.172968
7/5/2020,3.084576
7/6/2020,3.057144
7/7/2020,3.026664
7/8/2020,3.090672
7/9/2020,3.182112
7/10/2020,3.319272
7/11/2020,3.389376
7/12/2020,3.450336
7/13/2020,3.493008
7/14/2020,3.483864
7/15/2020,3.39852
7/16/2020,3.151632
7/17/2020,2.923032
7/18/2020,2.676144
7/19/2020,2.459736
7/20/2020,2.282952
7/21/2020,2.185416
7/22/2020,2.121408
7/23/2020,2.185416
7/24/2020,2.170176
7/25/2020,2.090928
7/26/2020,2.029968
7/27/2020,1.975104
7/28/2020,1.92024
7/29/2020,1.905
7/30/2020,1.865376
7/31/2020,1.847088
8/1/2020,1.816608
8/2/2020,1.795272
8/3/2020,1.801368
8/4/2020,1.72212
8/5/2020,1.703832
8/6/2020,1.636776
8/7/2020,1.664208
8/8/2020,1.758696
8/9/2020,1.85928
8/10/2020,1.956816
8/11/2020,2.066544
8/12/2020,2.170176
8/13/2020,2.22504
8/14/2020,2.197608
8/15/2020,2.10312
8/16/2020,2.069592
8/17/2020,2.04216
8/18/2020,2.008632
8/19/2020,2.045208
8/20/2020,1.9812
8/21/2020,1.895856
8/22/2020,1.825752
8/23/2020,1.850136
8/24/2020,2.005584
8/25/2020,2.045208
8/26/2020,2.106168
8/27/2020,2.10312
8/28/2020,1.810512
8/29/2020,1.627632
8/30/2020,1.524
8/31/2020,1.450848
9/1/2020,1.453896
9/2/2020,1.46304
9/3/2020,1.450848
9/4/2020,1.499616
9/5/2020,1.588008
9/6/2020,1.719072
9/7/2020,1.8288
9/8/2020,1.905
9/9/2020,1.917192
9/10/2020,1.929384
9/11/2020,1.87452
9/12/2020,1.901952
9/13/2020,1.993392
9/14/2020,2.185416
9/15/2020,2.807208
9/16/2020,2.31648
9/17/2020,1.898904
9/18/2020,1.761744
9/19/2020,1.837944
9/20/2020,2.24028
9/21/2020,2.34696
9/22/2020,2.176272
9/23/2020,1.911096
9/24/2020,1.917192
9/25/2020,1.999488
9/26/2020,2.069592
9/27/2020,2.020824
9/28/2020,1.990344
9/29/2020,1.990344
9/30/2020,1.850136
10/1/2020,1.682496
10/2/2020,1.694688
10/3/2020,1.679448
10/4/2020,1.636776
10/5/2020,1.667256
10/6/2020,1.612392
10/7/2020,1.575816
10/8/2020,1.55448
10/9/2020,1.64592
10/10/2020,1.862328
10/11/2020,1.682496
10/12/2020,1.594104
10/13/2020,1.475232
10/14/2020,1.505712
10/15/2020,1.481328
10/16/2020,1.514856
10/17/2020,1.746504
10/18/2020,1.688592
10/19/2020,1.648968
10/20/2020,1.685544
10/21/2020,1.728216
10/22/2020,1.72212
10/23/2020,1.652016
10/24/2020,1.578864
10/25/2020,1.4478
10/26/2020,1.408176
10/27/2020,1.392936
10/28/2020,1.374648
10/29/2020,1.453896
10/30/2020,1.28016
10/31/2020,1.286256
11/1/2020,1.286256
11/2/2020,1.496568
11/3/2020,1.557528
11/4/2020,1.636776
11/5/2020,1.816608
11/6/2020,2.097024
11/7/2020,2.279904
11/8/2020,2.462784
11/9/2020,2.502408
11/10/2020,2.435352
11/11/2020,2.353056
11/12/2020,2.246376
11/13/2020,2.048256
11/14/2020,1.871472
11/15/2020,1.834896
11/16/2020,1.78308
11/17/2020,1.688592
11/18/2020,1.734312
11/19/2020,1.639824
11/20/2020,1.572768
11/21/2020,1.517904
11/22/2020,1.524
11/23/2020,1.502664
11/24/2020,1.499616
11/25/2020,1.572768
11/26/2020,1.533144
11/27/2020,1.527048
11/28/2020,1.572768
11/29/2020,1.740408
11/30/2020,1.725168
12/1/2020,1.73736
12/2/2020,1.700784
12/3/2020,1.883664
12/4/2020,1.990344
12/5/2020,2.063496
12/6/2020,2.029968
12/7/2020,2.045208
12/8/2020,2.029968
12/9/2020,1.993392
12/10/2020,1.962912
12/11/2020,1.895856
12/12/2020,1.926336
12/13/2020,1.883664
12/14/2020,1.947672
12/15/2020,1.914144
12/16/2020,2.048256
12/17/2020,2.020824
12/18/2020,1.99644
12/19/2020,1.987296
12/20/2020,2.066544
12/21/2020,2.017776
12/22/2020,1.926336
12/23/2020,1.895856
12/24/2020,1.944624
12/25/2020,1.892808
12/26/2020,1.911096
12/27/2020,1.917192
12/28/2020,1.953768
12/29/2020,1.901952
12/30/2020,1.95072
12/31/2020,2.005584
1/1/2021,2.115312
1/2/2021,2.014728
1/3/2021,2.060448
1/4/2021,2.191512
1/5/2021,2.37744
1/6/2021,2.602992
1/7/2021,2.947416
1/8/2021,3.03276
1/9/2021,3.252216
1/10/2021,3.450336
1/11/2021,3.739896
1/12/2021,3.803904
1/13/2021,3.922776
1/14/2021,4.00812
1/15/2021,4.06908
1/16/2021,4.002024
1/17/2021,3.907536
1/18/2021,3.797808
1/19/2021,3.651504
1/20/2021,3.392424
1/21/2021,3.148584
1/22/2021,2.929128
1/23/2021,2.83464
1/24/2021,2.709672
1/25/2021,2.46888
1/26/2021,2.289048
1/27/2021,2.151888
1/28/2021,2.005584
1/29/2021,1.923288
1/30/2021,1.862328
1/31/2021,1.96596
2/1/2021,1.886712
2/2/2021,1.953768
2/3/2021,2.063496
2/4/2021,2.249424
2/5/2021,2.435352
2/6/2021,2.761488
2/7/2021,2.919984
2/8/2021,3.023616
2/9/2021,3.182112
2/10/2021,3.224784
2/11/2021,3.319272
2/12/2021,3.517392
2/13/2021,3.547872
2/14/2021,3.499104
2/15/2021,3.38328
2/16/2021,3.176016
2/17/2021,2.977896
2/18/2021,2.947416
2/19/2021,2.855976
2/20/2021,2.715768
2/21/2021,2.581656
2/22/2021,2.496312
2/23/2021,2.429256
2/24/2021,2.420112
2/25/2021,2.410968
2/26/2021,2.48412
2/27/2021,2.557272
2/28/2021,2.60604
3/1/2021,2.657856
3/2/2021,2.80416
3/3/2021,2.950464
3/4/2021,3.069336
3/5/2021,3.288792
3/6/2021,3.544824
3/7/2021,3.819144
3/8/2021,4.011168
3/9/2021,4.200144
3/10/2021,4.376928
3/11/2021,4.486656
3/12/2021,4.578096
3/13/2021,4.60248
3/14/2021,4.70916
3/15/2021,4.73964
3/16/2021,4.767072
3/17/2021,4.788408
3/18/2021,4.852416
3/19/2021,4.809744
3/20/2021,4.873752
3/21/2021,4.925568
3/22/2021,4.977384
3/23/2021,5.117592
3/24/2021,5.352288
3/25/2021,5.361432
3/26/2021,5.324856
3/27/2021,5.31876
3/28/2021,5.324856
3/29/2021,5.337048
3/30/2021,5.36448
3/31/2021,5.358384
4/1/2021,5.434584
4/2/2021,5.50164
4/3/2021,5.504688
4/4/2021,5.571744
4/5/2021,5.60832
4/6/2021,5.614416
4/7/2021,5.629656
4/8/2021,5.675376
4/9/2021,5.721096
4/10/2021,5.83692
4/11/2021,5.800344
4/12/2021,5.794248
4/13/2021,5.77596
4/14/2021,5.864352
4/15/2021,5.858256
4/16/2021,5.888736
4/17/2021,5.894832
4/18/2021,5.827776
4/19/2021,5.74548
4/20/2021,5.650992
4/21/2021,5.538216
4/22/2021,5.477256
4/23/2021,5.407152
4/24/2021,5.346192
4/25/2021,5.276088
4/26/2021,5.209032
4/27/2021,5.07492
4/28/2021,4.873752
4/29/2021,4.684776
4/30/2021,4.459224
5/1/2021,4.319016
5/2/2021,4.25196
5/3/2021,4.157472
5/4/2021,4.142232
5/5/2021,4.163568
5/6/2021,4.178808
5/7/2021,4.197096
5/8/2021,4.22148
5/9/2021,4.270248
5/10/2021,4.331208
5/11/2021,4.364736
5/12/2021,4.428744
5/13/2021,4.48056
5/14/2021,4.462272
5/15/2021,4.474464
5/16/2021,4.52628
5/17/2021,4.590288
5/18/2021,4.748784
5/19/2021,4.7244
5/20/2021,4.751832
5/21/2021,4.86156
5/22/2021,4.782312
5/23/2021,4.623816
5/24/2021,4.486656
5/25/2021,4.37388
5/26/2021,4.306824
5/27/2021,4.23672
5/28/2021,4.194048
5/29/2021,4.178808
5/30/2021,4.166616
5/31/2021,4.120896
6/1/2021,4.06908
6/2/2021,4.00812
6/3/2021,3.989832
6/4/2021,3.965448
6/5/2021,3.94716
6/6/2021,3.928872
6/7/2021,3.950208
6/8/2021,3.874008
6/9/2021,3.813048
6/10/2021,3.791712
6/11/2021,3.797808
6/12/2021,3.816096
6/13/2021,3.861816
6/14/2021,3.941064
6/15/2021,4.014216
6/16/2021,4.05384
6/17/2021,4.08432
6/18/2021,4.117848
6/19/2021,4.288536
6/20/2021,4.072128
6/21/2021,4.017264
6/22/2021,3.934968
6/23/2021,3.864864
6/24/2021,3.739896
6/25/2021,3.621024
6/26/2021,3.508248
6/27/2021,3.39852
6/28/2021,3.258312
6/29/2021,3.10896
6/30/2021,2.932176
7/1/2021,2.831592
7/2/2021,2.734056
7/3/2021,2.609088
7/4/2021,2.57556
7/5/2021,2.642616
7/6/2021,2.75844
7/7/2021,2.932176
7/8/2021,3.096768
7/9/2021,3.240024
7/10/2021,3.377184
7/11/2021,3.514344
7/12/2021,3.660648
7/13/2021,3.721608
7/14/2021,3.758184
7/15/2021,3.715512
7/16/2021,3.563112
7/17/2021,3.416808
7/18/2021,3.243072
7/19/2021,3.118104
7/20/2021,3.041904
7/21/2021,3.054096
7/22/2021,3.066288
7/23/2021,3.151632
7/24/2021,3.233928
7/25/2021,3.36804
7/26/2021,3.477768
7/27/2021,3.575304
7/28/2021,3.639312
7/29/2021,3.669792
7/30/2021,3.584448
7/31/2021,3.471672
8/1/2021,3.32232
8/2/2021,3.112008
8/3/2021,2.846832
8/4/2021,2.602992
8/5/2021,2.337816
8/6/2021,2.14884
8/7/2021,1.978152
8/8/2021,1.847088
8/9/2021,1.685544
8/10/2021,1.603248
8/11/2021,1.557528
8/12/2021,1.533144
8/13/2021,1.530096
8/14/2021,1.490472
8/15/2021,1.499616
8/16/2021,1.639824
8/17/2021,1.648968
8/18/2021,1.557528
8/19/2021,1.456944
8/20/2021,1.383792
8/21/2021,1.32588
8/22/2021,1.292352
8/23/2021,1.28016
8/24/2021,1.328928
8/25/2021,1.420368
8/26/2021,1.490472
8/27/2021,1.7526
8/28/2021,1.78308
8/29/2021,2.4384
8/30/2021,2.630424
8/31/2021,2.005584
9/1/2021,1.789176
9/2/2021,1.697736
9/3/2021,1.609344
9/4/2021,1.524
9/5/2021,1.47828
9/6/2021,1.368552
9/7/2021,1.286256
9/8/2021,1.328928
9/9/2021,1.377696
9/10/2021,1.475232
9/11/2021,1.594104
9/12/2021,1.703832
9/13/2021,1.840992
9/14/2021,1.944624
9/15/2021,2.16408
9/16/2021,2.090928
9/17/2021,1.969008
9/18/2021,1.746504
9/19/2021,1.612392
9/20/2021,1.481328
9/21/2021,1.380744
9/22/2021,1.338072
9/23/2021,1.481328
9/24/2021,1.344168
9/25/2021,1.292352
9/26/2021,1.28016
9/27/2021,1.316736
9/28/2021,1.35636
9/29/2021,1.469136
9/30/2021,1.453896
10/1/2021,1.472184
10/2/2021,1.551432
10/3/2021,1.560576
10/4/2021,1.591056
10/5/2021,1.575816
10/6/2021,1.551432
10/7/2021,1.502664
10/8/2021,1.429512
10/9/2021,1.408176
10/10/2021,1.368552
10/11/2021,1.40208
10/12/2021,1.3716
10/13/2021,1.338072
10/14/2021,1.377696
10/15/2021,1.292352
10/16/2021,1.246632
10/17/2021,1.414272
10/18/2021,1.347216
10/19/2021,1.362456
10/20/2021,1.490472
10/21/2021,1.481328
10/22/2021,1.43256
10/23/2021,1.41732
10/24/2021,1.466088
10/25/2021,1.472184
10/26/2021,1.441704
10/27/2021,1.4478
10/28/2021,1.472184
10/29/2021,1.2192
10/30/2021,1.088136
10/31/2021,1.094232
11/1/2021,1.030224
11/2/2021,1.054608
11/3/2021,1.17348
11/4/2021,1.185672
11/5/2021,1.40208
11/6/2021,1.499616
11/7/2021,1.475232
11/8/2021,1.56972
11/9/2021,1.679448
11/10/2021,1.795272
11/11/2021,1.99644
11/12/2021,2.054352
11/13/2021,1.99644
11/14/2021,1.895856
11/15/2021,1.786128
11/16/2021,1.6764
11/17/2021,1.61544
11/18/2021,1.572768
11/19/2021,1.636776
11/20/2021,1.533144
11/21/2021,1.47828
11/22/2021,1.414272
11/23/2021,1.517904
11/24/2021,1.423416
11/25/2021,1.444752
11/26/2021,1.469136
11/27/2021,1.414272
11/28/2021,1.368552
11/29/2021,1.307592
11/30/2021,1.292352
12/1/2021,1.231392
12/2/2021,1.2192
12/3/2021,1.191768
12/4/2021,1.240536
12/5/2021,1.28016
12/6/2021,1.335024
12/7/2021,1.365504
12/8/2021,1.322832
12/9/2021,1.307592
12/10/2021,1.179576
12/11/2021,1.130808
12/12/2021,1.0668
12/13/2021,0.978408
12/14/2021,0.94488
12/15/2021,1.018032
12/16/2021,1.179576
12/17/2021,1.28016
12/18/2021,1.426464
12/19/2021,1.548384
12/20/2021,1.6002
12/21/2021,1.685544
12/22/2021,1.749552
12/23/2021,1.776984
12/24/2021,1.816608
12/25/2021,1.883664
12/26/2021,1.886712
12/27/2021,1.883664
12/28/2021,1.883664
12/29/2021,1.917192
12/30/2021,1.853184
12/31/2021,1.749552
1/1/2022,1.7526
1/2/2022,1.76784
1/3/2022,1.636776
1/4/2022,1.682496
1/5/2022,1.716024
1/6/2022,1.807464
1/7/2022,1.914144
1/8/2022,2.060448
1/9/2022,2.261616
1/10/2022,2.520696
1/11/2022,2.83464
1/12/2022,2.980944
1/13/2022,3.176016
1/14/2022,3.349752
1/15/2022,3.541776
1/16/2022,3.645408
1/17/2022,3.74904
1/18/2022,3.87096
1/19/2022,4.002024
1/20/2022,4.111752
1/21/2022,4.261104
1/22/2022,4.245864
1/23/2022,4.194048
1/24/2022,4.178808
1/25/2022,4.187952
1/26/2022,4.105656
1/27/2022,3.925824
1/28/2022,3.67284
1/29/2022,3.450336
1/30/2022,3.29184
1/31/2022,3.145536
2/1/2022,3.151632
2/2/2022,3.090672
2/3/2022,2.874264
2/4/2022,2.71272
2/5/2022,2.502408
2/6/2022,2.27076
2/7/2022,2.112264
2/8/2022,1.92024
2/9/2022,1.850136
2/10/2022,1.743456
2/11/2022,1.731264
2/12/2022,1.825752
2/13/2022,1.99644
2/14/2022,2.14884
2/15/2022,2.368296
2/16/2022,2.630424
2/17/2022,2.919984
2/18/2022,2.965704
2/19/2022,3.07848
2/20/2022,3.01752
2/21/2022,3.01752
2/22/2022,3.008376
2/23/2022,2.904744
2/24/2022,2.871216
2/25/2022,2.947416
2/26/2022,3.133344
2/27/2022,3.355848
2/28/2022,3.587496
3/1/2022,3.904488
3/2/2022,4.06908
3/3/2022,4.218432
3/4/2022,4.349496
3/5/2022,4.443984
3/6/2022,4.544568
3/7/2022,4.575048
3/8/2022,4.614672
3/9/2022,4.696968
3/10/2022,4.751832
3/11/2022,4.837176
3/12/2022,4.901184
3/13/2022,4.904232
3/14/2022,4.962144
3/15/2022,5.071872
3/16/2022,5.108448
3/17/2022,5.111496
3/18/2022,5.178552
3/19/2022,5.178552
3/20/2022,5.175504
3/21/2022,5.169408
3/22/2022,5.24256
3/23/2022,5.199888
3/24/2022,5.202936
3/25/2022,5.21208
3/26/2022,5.154168
3/27/2022,5.145024
3/28/2022,5.1054
3/29/2022,5.1054
3/30/2022,5.117592
3/31/2022,5.114544
4/1/2022,5.05968
4/2/2022,4.989576
4/3/2022,4.934712
4/4/2022,4.864608
4/5/2022,4.849368
4/6/2022,4.812792
4/7/2022,4.782312
4/8/2022,4.7244
4/9/2022,4.626864
4/10/2022,4.559808
4/11/2022,4.559808
4/12/2022,4.538472
4/13/2022,4.578096
4/14/2022,4.538472
4/15/2022,4.456176
4/16/2022,4.428744
4/17/2022,4.370832
4/18/2022,4.340352
4/19/2022,4.37388
4/20/2022,4.410456
4/21/2022,4.437888
4/22/2022,4.486656
4/23/2022,4.54152
4/24/2022,4.620768
4/25/2022,4.684776
4/26/2022,4.736592
4/27/2022,4.788408
4/28/2022,4.788408
4/29/2022,4.794504
4/30/2022,4.821936
5/1/2022,4.782312
5/2/2022,4.760976
5/3/2022,4.7244
5/4/2022,4.660392
5/5/2022,4.581144
5/6/2022,4.547616
5/7/2022,4.443984
5/8/2022,4.398264
5/9/2022,4.367784
5/10/2022,4.370832
5/11/2022,4.35864
5/12/2022,4.361688
5/13/2022,4.395216
5/14/2022,4.431792
5/15/2022,4.459224
5/16/2022,4.489704
5/17/2022,4.517136
5/18/2022,4.483608
5/19/2022,4.523232
5/20/2022,4.559808
5/21/2022,4.608576
5/22/2022,4.642104
5/23/2022,4.742688
5/24/2022,4.718304
5/25/2022,4.727448
5/26/2022,4.730496
5/27/2022,4.61772
5/28/2022,4.52628
5/29/2022,4.431792
5/30/2022,4.331208
5/31/2022,4.291584
6/1/2022,4.227576
6/2/2022,4.17576
6/3/2022,4.142232
6/4/2022,4.111752
6/5/2022,4.06908
6/6/2022,4.0386
6/7/2022,4.011168
6/8/2022,3.986784
6/9/2022,3.989832
6/10/2022,3.998976
6/11/2022,4.002024
6/12/2022,3.986784
6/13/2022,3.953256
6/14/2022,3.898392
6/15/2022,3.889248
6/16/2022,3.880104
6/17/2022,3.852672
6/18/2022,3.828288
6/19/2022,3.816096
6/20/2022,3.782568
6/21/2022,3.712464
6/22/2022,3.608832
6/23/2022,3.462528
6/24/2022,3.304032
6/25/2022,3.087624
6/26/2022,2.92608
6/27/2022,2.715768
6/28/2022,2.538984
6/29/2022,2.386584
6/30/2022,2.215896
7/1/2022,2.109216
7/2/2022,1.959864
7/3/2022,1.871472
7/4/2022,1.755648
7/5/2022,1.664208
7/6/2022,1.58496
7/7/2022,1.499616
7/8/2022,1.50876
7/9/2022,1.450848
7/10/2022,1.408176
7/11/2022,1.365504
7/12/2022,1.335024
7/13/2022,1.24968
7/14/2022,1.088136
7/15/2022,1.027176
7/16/2022,0.996696
7/17/2022,1.08204
7/18/2022,1.155192
7/19/2022,1.210056
7/20/2022,1.261872
7/21/2022,1.304544
7/22/2022,1.304544
7/23/2022,1.31064
7/24/2022,1.307592
7/25/2022,1.322832
7/26/2022,1.304544
7/27/2022,1.271016
7/28/2022,1.252728
7/29/2022,1.216152
7/30/2022,1.164336
7/31/2022,1.200912
8/1/2022,1.182624
8/2/2022,1.20396
8/3/2022,1.252728
8/4/2022,1.374648
8/5/2022,1.49352
8/6/2022,1.6002
8/7/2022,1.679448
8/8/2022,1.697736
8/9/2022,1.734312
8/10/2022,1.734312
8/11/2022,1.697736
8/12/2022,1.658112
8/13/2022,1.606296
8/14/2022,1.581912
8/15/2022,1.566672
8/16/2022,1.514856
8/17/2022,1.50876
8/18/2022,1.453896
8/19/2022,1.505712
8/20/2022,1.557528
8/21/2022,1.551432
8/22/2022,1.505712
8/23/2022,1.46304
8/24/2022,1.542288
8/25/2022,1.612392
8/26/2022,1.673352
8/27/2022,1.667256
8/28/2022,1.652016
8/29/2022,1.588008
8/30/2022,1.563624
8/31/2022,1.563624
9/1/2022,1.560576
9/2/2022,1.566672
9/3/2022,1.533144
9/4/2022,1.49352
9/5/2022,1.453896
9/6/2022,1.377696
9/7/2022,1.252728
9/8/2022,1.179576
9/9/2022,1.161288
9/10/2022,1.15824
9/11/2022,1.133856
9/12/2022,1.139952
9/13/2022,1.243584
9/14/2022,1.283208
9/15/2022,1.331976
9/16/2022,1.35636
9/17/2022,1.43256
9/18/2022,1.328928
9/19/2022,1.267968
9/20/2022,1.210056
9/21/2022,1.146048
9/22/2022,1.08204
9/23/2022,0.999744
9/24/2022,0.97536
9/25/2022,1.002792
9/26/2022,1.008888
9/27/2022,1.170432
9/28/2022,1.374648
9/29/2022,1.271016
9/30/2022,0.984504
10/1/2022,0.987552
10/2/2022,0.993648
10/3/2022,1.008888
10/4/2022,0.957072
10/5/2022,0.97536
10/6/2022,0.893064
10/7/2022,0.8382
10/8/2022,0.780288
10/9/2022,0.871728
10/10/2022,0.871728
10/11/2022,0.96012
10/12/2022,0.954024
10/13/2022,1.00584
10/14/2022,1.094232
10/15/2022,1.042416
10/16/2022,1.008888
10/17/2022,1.045464
10/18/2022,1.106424
10/19/2022,0.999744
10/20/2022,0.755904
10/21/2022,0.728472
10/22/2022,0.679704
10/23/2022,0.707136
10/24/2022,0.774192
10/25/2022,0.89916
10/26/2022,0.850392
10/27/2022,0.963168
10/28/2022,0.941832
10/29/2022,1.109472
10/30/2022,1.05156
10/31/2022,1.11252
11/1/2022,1.063752
11/2/2022,0.94488
11/3/2022,0.88392
11/4/2022,0.856488
11/5/2022,0.923544
11/6/2022,0.88392
11/7/2022,0.789432
11/8/2022,0.786384
11/9/2022,0.877824
11/10/2022,1.060704
11/11/2022,0.935736
11/12/2022,0.941832
11/13/2022,1.011936
11/14/2022,1.048512
11/15/2022,1.20396
11/16/2022,0.966216
11/17/2022,0.9144
11/18/2022,0.80772
11/19/2022,0.810768
11/20/2022,0.874776
11/21/2022,0.841248
11/22/2022,0.789432
11/23/2022,0.902208
11/24/2022,0.981456
11/25/2022,1.15824
11/26/2022,1.20396
11/27/2022,1.255776
11/28/2022,1.246632
11/29/2022,1.271016
11/30/2022,1.261872
12/1/2022,1.392936
12/2/2022,1.12776
12/3/2022,1.063752
12/4/2022,0.954024
12/5/2022,0.963168
12/6/2022,0.978408
12/7/2022,0.938784
12/8/2022,0.92964
12/9/2022,0.987552
12/10/2022,1.011936
12/11/2022,1.136904
12/12/2022,1.23444
12/13/2022,1.380744
12/14/2022,1.536192
12/15/2022,1.658112
12/16/2022,1.81356
12/17/2022,1.801368
12/18/2022,1.853184
12/19/2022,1.92024
12/20/2022,2.249424
12/21/2022,2.237232
12/22/2022,2.2098
12/23/2022,2.221992
12/24/2022,2.14884
12/25/2022,2.14884
12/26/2022,2.121408
12/27/2022,2.127504
12/28/2022,2.054352
12/29/2022,1.959864
12/30/2022,1.850136
12/31/2022,1.8288
1/1/2023,1.658112
1/2/2023,1.667256
1/3/2023,1.703832
1/4/2023,1.731264
1/5/2023,1.670304
1/6/2023,1.636776
1/7/2023,1.7526
1/8/2023,1.840992
1/9/2023,1.911096
1/10/2023,1.978152
1/11/2023,2.08788
1/12/2023,2.267712
1/13/2023,2.444496
1/14/2023,2.60604
1/15/2023,2.761488
1/16/2023,2.935224
1/17/2023,3.008376
1/18/2023,2.98704
1/19/2023,2.86512
1/20/2023,2.709672
1/21/2023,2.633472
1/22/2023,2.615184
1/23/2023,2.508504
1/24/2023,2.45364
1/25/2023,2.532888
1/26/2023,2.54508
1/27/2023,2.56032
1/28/2023,2.657856
1/29/2023,2.822448
1/30/2023,3.014472
1/31/2023,3.13944
2/1/2023,3.23088
2/2/2023,3.358896
2/3/2023,3.502152
2/4/2023,3.639312
2/5/2023,3.666744
2/6/2023,3.721608
2/7/2023,3.770376
2/8/2023,3.776472
2/9/2023,3.788664
2/10/2023,3.755136
2/11/2023,3.71856
2/12/2023,3.560064
2/13/2023,3.569208
2/14/2023,3.605784
2/15/2023,3.724656
2/16/2023,3.785616
2/17/2023,3.834384
2/18/2023,3.8862
2/19/2023,3.761232
2/20/2023,3.709416
2/21/2023,3.660648
2/22/2023,3.608832
2/23/2023,3.593592
2/24/2023,3.541776
2/25/2023,3.538728
2/26/2023,3.575304
2/27/2023,3.663696
2/28/2023,3.803904
3/1/2023,3.904488
3/2/2023,3.971544
3/3/2023,4.14528
3/4/2023,4.123944
3/5/2023,4.154424
3/6/2023,4.194048
3/7/2023,4.212336
3/8/2023,4.245864
3/9/2023,4.306824
3/10/2023,4.379976
3/11/2023,4.428744
3/12/2023,4.498848
3/13/2023,4.581144
3/14/2023,4.700016
3/15/2023,4.760976
3/16/2023,4.81584
3/17/2023,4.93776
3/18/2023,5.141976
3/19/2023,5.19684
3/20/2023,5.190744
3/21/2023,5.160264
3/22/2023,5.123688
3/23/2023,5.041392
3/24/2023,4.943856
3/25/2023,4.812792
3/26/2023,4.660392
3/27/2023,4.492752
3/28/2023,4.334256
3/29/2023,4.2672
3/30/2023,4.28244
3/31/2023,4.309872
4/1/2023,4.3434
4/2/2023,4.37388
4/3/2023,4.456176
4/4/2023,4.538472
4/5/2023,4.636008
4/6/2023,4.654296
4/7/2023,4.712208
4/8/2023,4.821936
4/9/2023,4.90728
4/10/2023,4.934712
4/11/2023,5.032248
4/12/2023,5.041392
4/13/2023,5.190744
4/14/2023,5.050536
4/15/2023,5.035296
4/16/2023,5.04444
4/17/2023,4.93776
4/18/2023,4.864608
4/19/2023,4.764024
4/20/2023,4.642104
4/21/2023,4.4958
4/22/2023,4.340352
4/23/2023,4.218432
4/24/2023,4.105656
4/25/2023,3.974592
4/26/2023,3.81
4/27/2023,3.685032
4/28/2023,3.53568
4/29/2023,3.416808
4/30/2023,3.304032
5/1/2023,3.18516
5/2/2023,3.06324
5/3/2023,2.990088
5/4/2023,2.938272
5/5/2023,2.831592
5/6/2023,2.752344
5/7/2023,2.715768
5/8/2023,2.667
5/9/2023,2.62128
5/10/2023,2.612136
5/11/2023,2.648712
5/12/2023,2.718816
5/13/2023,2.822448
5/14/2023,2.898648
5/15/2023,2.999232
5/16/2023,3.115056
5/17/2023,3.221736
5/18/2023,3.288792
5/19/2023,3.304032
5/20/2023,3.319272
5/21/2023,3.310128
5/22/2023,3.313176
5/23/2023,3.33756
5/24/2023,3.334512
5/25/2023,3.39852
5/26/2023,3.380232
5/27/2023,3.304032
5/28/2023,3.252216
5/29/2023,3.10896
5/30/2023,2.996184
5/31/2023,2.862072
6/1/2023,2.721864
6/2/2023,2.602992
6/3/2023,2.389632
6/4/2023,2.151888
6/5/2023,1.972056
6/6/2023,1.807464
6/7/2023,1.70688
6/8/2023,1.652016
6/9/2023,1.58496
6/10/2023,1.530096
6/11/2023,1.490472
6/12/2023,1.441704
6/13/2023,1.41732
6/14/2023,1.383792
6/15/2023,1.347216
6/16/2023,1.283208
6/17/2023,1.200912
6/18/2023,1.12776
6/19/2023,1.139952
6/20/2023,1.100328
6/21/2023,1.060704
6/22/2023,1.02108
6/23/2023,0.996696
6/24/2023,0.941832
6/25/2023,0.966216
6/26/2023,0.984504
6/27/2023,0.987552
6/28/2023,1.002792
6/29/2023,1.00584
6/30/2023,1.03632
7/1/2023,0.978408
7/2/2023,0.92964
7/3/2023,0.886968
7/4/2023,0.810768
7/5/2023,0.740664
7/6/2023,0.762
7/7/2023,0.774192
7/8/2023,0.856488
7/9/2023,0.9144
7/10/2023,1.011936
7/11/2023,1.060704
7/12/2023,1.12776
7/13/2023,1.182624
7/14/2023,1.17348
7/15/2023,1.167384
7/16/2023,1.124712
7/17/2023,1.146048
7/18/2023,1.130808
7/19/2023,1.11252
7/20/2023,1.094232
7/21/2023,1.11252
7/22/2023,1.088136
7/23/2023,1.106424
7/24/2023,1.103376
7/25/2023,1.094232
7/26/2023,1.133856
7/27/2023,1.237488
7/28/2023,1.258824
7/29/2023,1.289304
7/30/2023,1.23444
7/31/2023,1.216152
8/1/2023,1.085088
8/2/2023,1.00584
8/3/2023,0.94488
8/4/2023,0.88392
8/5/2023,0.9144
8/6/2023,0.908304
8/7/2023,0.94488
8/8/2023,0.9906
8/9/2023,1.008888
8/10/2023,0.999744
8/11/2023,0.996696
8/12/2023,0.993648
8/13/2023,1.018032
8/14/2023,1.063752
8/15/2023,1.091184
8/16/2023,1.136904
8/17/2023,1.191768
8/18/2023,1.170432
8/19/2023,1.17348
8/20/2023,1.197864
8/21/2023,1.292352
8/22/2023,1.4478
8/23/2023,1.365504
8/24/2023,1.405128
8/25/2023,1.469136
8/26/2023,1.450848
8/27/2023,1.423416
8/28/2023,1.38684
8/29/2023,1.319784
8/30/2023,1.338072
8/31/2023,1.182624
9/1/2023,1.133856
9/2/2023,1.027176
9/3/2023,1.024128
9/4/2023,1.091184
9/5/2023,1.200912
9/6/2023,1.207008
9/7/2023,1.18872
9/8/2023,1.170432
9/9/2023,1.063752
9/10/2023,0.996696
9/11/2023,0.92964
9/12/2023,0.896112
9/13/2023,0.810768
9/14/2023,0.813816
9/15/2023,0.77724
9/16/2023,0.768096
9/17/2023,0.783336
9/18/2023,0.816864
9/19/2023,0.8382
9/20/2023,0.923544
9/21/2023,1.103376
9/22/2023,1.045464
9/23/2023,1.057656
9/24/2023,1.024128
9/25/2023,0.932688
9/26/2023,0.923544
9/27/2023,0.9144
9/28/2023,1.05156
9/29/2023,1.042416
9/30/2023,0.981456
10/1/2023,1.060704
10/2/2023,1.161288
10/3/2023,1.197864
10/4/2023,1.115568
10/5/2023,1.130808
10/6/2023,1.149096
10/7/2023,1.197864
10/8/2023,1.12776
10/9/2023,0.966216
10/10/2023,0.890016
10/11/2023,0.932688
10/12/2023,1.466088
10/13/2023,1.072896
10/14/2023,0.89916
10/15/2023,0.847344
10/16/2023,0.85344
10/17/2023,0.789432
10/18/2023,0.77724
10/19/2023,0.905256
10/20/2023,1.00584
10/21/2023,0.978408
10/22/2023,0.969264
10/23/2023,0.941832
10/24/2023,0.963168
10/25/2023,0.917448
10/26/2023,0.874776
10/27/2023,0.819912
10/28/2023,0.829056
10/29/2023,0.844296
10/30/2023,0.94488
10/31/2023,1.03632
11/1/2023,1.191768
11/2/2023,1.069848
11/3/2023,0.993648
11/4/2023,1.069848
11/5/2023,0.969264
11/6/2023,0.97536
11/7/2023,0.947928
11/8/2023,0.917448
11/9/2023,0.911352
11/10/2023,0.94488
11/11/2023,0.97536
11/12/2023,0.926592
11/13/2023,1.00584
11/14/2023,1.143
11/15/2023,1.481328
11/16/2023,1.563624
11/17/2023,1.191768
11/18/2023,1.05156
11/19/2023,1.085088
11/20/2023,0.9906
11/21/2023,1.054608
11/22/2023,0.801624
11/23/2023,0.765048
11/24/2023,0.704088
11/25/2023,0.676656
11/26/2023,0.856488
11/27/2023,0.804672
11/28/2023,0.804672
11/29/2023,0.737616
11/30/2023,0.865632
12/1/2023,1.17348
12/2/2023,1.164336
12/3/2023,1.0668
12/4/2023,0.954024
12/5/2023,0.911352
12/6/2023,0.829056
12/7/2023,0.728472
12/8/2023,0.719328
12/9/2023,0.786384
12/10/2023,0.798576
12/11/2023,0.725424
12/12/2023,0.673608
12/13/2023,0.82296
12/14/2023,0.999744
12/15/2023,1.213104
12/16/2023,1.243584
12/17/2023,1.274064
12/18/2023,0.941832
12/19/2023,0.871728
12/20/2023,0.810768
12/21/2023,0.725424
12/22/2023,0.728472
12/23/2023,0.682752
12/24/2023,0.79248
12/25/2023,1.057656
12/26/2023,0.88392
12/27/2023,0.877824
12/28/2023,0.841248
12/29/2023,0.740664
12/30/2023,0.697992
12/31/2023,0.710184
1/1/2024,0.749808
1/2/2024,0.865632
1/3/2024,0.774192
1/4/2024,0.816864
1/5/2024,0.643128
1/6/2024,0.728472
1/7/2024,0.728472
1/8/2024,0.79248
1/9/2024,1.210056
1/10/2024,0.97536
1/11/2024,1.0668
1/12/2024,1.258824
1/13/2024,1.060704
1/14/2024,1.12776
1/15/2024,1.106424
1/16/2024,1.17348
1/17/2024,1.100328
1/18/2024,1.121664
1/19/2024,1.359408
1/20/2024,1.627632
1/21/2024,1.865376
1/22/2024,2.0574
1/23/2024,2.267712
1/24/2024,2.359152
1/25/2024,2.563368
1/26/2024,2.749296
1/27/2024,2.862072
1/28/2024,2.807208
1/29/2024,2.785872
1/30/2024,2.721864
1/31/2024,2.721864
2/1/2024,2.855976
2/2/2024,2.996184
2/3/2024,3.151632
2/4/2024,3.502152
2/5/2024,3.614928
2/6/2024,3.76428
2/7/2024,3.852672
2/8/2024,3.998976
2/9/2024,4.126992
2/10/2024,4.230624
2/11/2024,4.288536
2/12/2024,4.334256
2/13/2024,4.248912
2/14/2024,4.215384
2/15/2024,4.163568
2/16/2024,4.126992
2/17/2024,4.102608
2/18/2024,4.13004
2/19/2024,3.97764
2/20/2024,3.84048
2/21/2024,3.727704
2/22/2024,3.697224
2/23/2024,3.706368
2/24/2024,3.6576
2/25/2024,3.608832
2/26/2024,3.569208
2/27/2024,3.511296
2/28/2024,3.392424
2/29/2024,3.361944
3/1/2024,3.188208
3/2/2024,2.935224
3/3/2024,2.77368
3/4/2024,2.645664
3/5/2024,2.706624
3/6/2024,2.490216
3/7/2024,2.37744
3/8/2024,2.334768
3/9/2024,2.334768
3/10/2024,2.398776
3/11/2024,2.459736
3/12/2024,2.429256
3/13/2024,2.39268
3/14/2024,2.3622
3/15/2024,2.359152
3/16/2024,2.3622
3/17/2024,2.383536
3/18/2024,2.57556
3/19/2024,2.807208
3/20/2024,2.913888
3/21/2024,2.980944
3/22/2024,3.133344
3/23/2024,3.2004
3/24/2024,3.26136
3/25/2024,3.364992
3/26/2024,3.441192
3/27/2024,3.429
3/28/2024,3.380232
3/29/2024,3.304032
3/30/2024,3.264408
3/31/2024,3.227832
4/1/2024,3.160776
4/2/2024,3.041904
4/3/2024,2.874264
4/4/2024,2.734056
4/5/2024,2.538984
4/6/2024,2.37744
4/7/2024,2.337816
4/8/2024,2.231136
4/9/2024,2.206752
4/10/2024,2.31648
4/11/2024,2.37744
4/12/2024,2.566416
4/13/2024,2.868168
4/14/2024,3.172968
4/15/2024,3.456432
4/16/2024,3.776472
4/17/2024,3.989832
4/18/2024,4.166616
4/19/2024,4.29768
4/20/2024,4.355592
4/21/2024,4.413504
4/22/2024,4.489704
4/23/2024,4.4958
4/24/2024,4.453128
4/25/2024,4.38912
4/26/2024,4.361688
4/27/2024,4.40436
4/28/2024,4.386072
4/29/2024,4.398264
4/30/2024,4.370832
5/1/2024,4.334256
5/2/2024,4.300728
5/3/2024,4.261104
5/4/2024,4.197096
5/5/2024,4.126992
5/6/2024,4.075176
5/7/2024,4.014216
5/8/2024,3.99288
5/9/2024,3.989832
5/10/2024,3.989832
5/11/2024,4.05384
5/12/2024,4.136136
5/13/2024,4.248912
5/14/2024,4.459224
5/15/2024,4.471416
5/16/2024,4.520184
5/17/2024,4.666488
5/18/2024,4.712208
5/19/2024,4.748784
5/20/2024,4.776216
5/21/2024,4.818888
5/22/2024,4.849368
5/23/2024,4.824984
5/24/2024,4.834128
5/25/2024,4.818888
5/26/2024,4.8006
5/27/2024,4.75488
5/28/2024,4.712208
5/29/2024,4.681728
5/30/2024,4.67868
5/31/2024,4.651248
6/1/2024,4.642104
6/2/2024,4.605528
6/3/2024,4.572
6/4/2024,4.523232
6/5/2024,4.492752
6/6/2024,4.483608
6/7/2024,4.501896
6/8/2024,4.514088
6/9/2024,4.523232
6/10/2024,4.562856
6/11/2024,4.565904
6/12/2024,4.605528
6/13/2024,4.584192
6/14/2024,4.547616
6/15/2024,4.498848
6/16/2024,4.477512
6/17/2024,4.428744
6/18/2024,4.398264
6/19/2024,4.468368
6/20/2024,4.334256
6/21/2024,4.072128
6/22/2024,3.788664
6/23/2024,3.438144
6/24/2024,3.112008
6/25/2024,2.776728
6/26/2024,2.474976
6/27/2024,2.249424
6/28/2024,2.07264
6/29/2024,1.969008
6/30/2024,1.850136
7/1/2024,1.789176
7/2/2024,1.807464
7/3/2024,1.755648
7/4/2024,1.69164
7/5/2024,1.648968
7/6/2024,1.627632
7/7/2024,1.6002
7/8/2024,1.63068
7/9/2024,1.648968
7/10/2024,1.618488
7/11/2024,1.682496
7/12/2024,1.8288
7/13/2024,1.95072
7/14/2024,2.084832
7/15/2024,2.25552
7/16/2024,2.401824
7/17/2024,2.4384
7/18/2024,2.459736
7/19/2024,2.462784
7/20/2024,2.481072
7/21/2024,2.490216
7/22/2024,2.481072
7/23/2024,2.456688
7/24/2024,2.39268
7/25/2024,2.383536
7/26/2024,2.459736
7/27/2024,2.563368
7/28/2024,2.584704
7/29/2024,2.569464
7/30/2024,2.481072
7/31/2024,2.39268
8/1/2024,2.279904
8/2/2024,2.154936
8/3/2024,2.036064
8/4/2024,1.953768
8/5/2024,1.969008
8/6/2024,1.877568
8/7/2024,1.728216
8/8/2024,1.682496
8/9/2024,1.694688
8/10/2024,1.639824
8/11/2024,1.597152
8/12/2024,1.578864
8/13/2024,1.527048
8/14/2024,1.475232
8/15/2024,1.466088
8/16/2024,1.414272
8/17/2024,1.3716
8/18/2024,1.28016
8/19/2024,1.179576
8/20/2024,1.11252
8/21/2024,1.072896
8/22/2024,1.088136
8/23/2024,1.121664
8/24/2024,1.289304
8/25/2024,1.222248
8/26/2024,1.15824
8/27/2024,1.17348
8/28/2024,1.155192
8/29/2024,1.143
8/30/2024,1.094232
8/31/2024,1.149096
9/1/2024,1.069848
9/2/2024,0.984504
9/3/2024,0.966216
9/4/2024,1.139952
9/5/2024,1.124712
9/6/2024,1.130808
9/7/2024,1.124712
9/8/2024,1.191768
9/9/2024,1.17348
9/10/2024,1.194816
9/11/2024,1.328928
9/12/2024,1.395984
9/13/2024,1.18872
9/14/2024,1.139952
9/15/2024,1.08204
9/16/2024,1.002792
9/17/2024,0.926592
9/18/2024,0.950976
9/19/2024,0.947928
9/20/2024,1.054608
9/21/2024,1.124712
9/22/2024,1.194816
9/23/2024,1.2192
9/24/2024,1.240536
9/25/2024,1.240536
9/26/2024,1.408176
9/27/2024,1.286256
9/28/2024,1.024128
9/29/2024,0.844296
9/30/2024,0.893064
10/1/2024,0.856488
10/2/2024,0.893064
10/3/2024,0.97536
10/4/2024,1.072896
10/5/2024,1.286256
10/6/2024,1.377696
10/7/2024,1.603248
10/8/2024,1.66116
10/9/2024,1.679448
10/10/2024,1.603248
10/11/2024,1.395984
10/12/2024,1.274064
10/13/2024,1.271016
10/14/2024,1.136904
10/15/2024,1.106424
10/16/2024,1.368552
10/17/2024,1.222248
10/18/2024,1.039368
10/19/2024,1.118616
10/20/2024,1.149096
10/21/2024,1.143
10/22/2024,1.109472
10/23/2024,1.03632
10/24/2024,0.966216
10/25/2024,1.00584
10/26/2024,0.835152
10/27/2024,0.832104
10/28/2024,0.819912
10/29/2024,0.832104
10/30/2024,0.917448
10/31/2024,0.841248
11/1/2024,0.911352
11/2/2024,0.902208
11/3/2024,0.8382
11/4/2024,1.057656
11/5/2024,1.18872
11/6/2024,1.0668
11/7/2024,1.11252
11/8/2024,1.286256
11/9/2024,1.350264
11/10/2024,1.383792
11/11/2024,1.405128
11/12/2024,1.58496
11/13/2024,1.271016
11/14/2024,1.304544
11/15/2024,1.484376
11/16/2024,1.597152
11/17/2024,1.655064
11/18/2024,1.776984
11/19/2024,2.005584
11/20/2024,1.926336
11/21/2024,1.865376
11/22/2024,1.679448
11/23/2024,1.639824
11/24/2024,1.58496
11/25/2024,1.572768
11/26/2024,1.520952
11/27/2024,1.453896
11/28/2024,1.38684
11/29/2024,1.511808
11/30/2024,1.46304
12/1/2024,1.197864
12/2/2024,1.124712
12/3/2024,1.057656
12/4/2024,1.085088
12/5/2024,1.225296
12/6/2024,1.365504
12/7/2024,1.304544
12/8/2024,1.237488
12/9/2024,1.194816
12/10/2024,1.18872
12/11/2024,1.118616
12/12/2024,0.94488
12/13/2024,0.911352
12/14/2024,0.97536
12/15/2024,0.987552
12/16/2024,1.060704
12/17/2024,1.054608
12/18/2024,1.039368
12/19/2024,1.118616
12/20/2024,1.030224
12/21/2024,1.057656
12/22/2024,1.100328
12/23/2024,1.164336
12/24/2024,1.24968
12/25/2024,1.450848
12/26/2024,1.682496
12/27/2024,1.917192
12/28/2024,2.1336
12/29/2024,2.414016
12/30/2024,2.584704
12/31/2024,2.72796
1/1/2025,2.725442087
