date,y_true,y_pred
2020-01-01T00:00:00.000,3.8374319076538086,3.8720052242279053
2020-01-02T00:00:00.000,3.910583972930908,3.871243953704834
2020-01-03T00:00:00.000,3.9745919704437256,3.881645679473877
2020-01-04T00:00:00.000,4.0264081954956055,3.908113956451416
2020-01-05T00:00:00.000,4.005072116851807,3.95499587059021
2020-01-06T00:00:00.000,4.050792217254639,4.018691062927246
2020-01-07T00:00:00.000,4.078224182128906,4.092024803161621
2020-01-08T00:00:00.000,4.160520076751709,4.177244663238525
2020-01-09T00:00:00.000,4.306824207305908,4.268904209136963
2020-01-10T00:00:00.000,4.425695896148682,4.354118347167969
2020-01-11T00:00:00.000,4.611623764038086,4.427674770355225
2020-01-12T00:00:00.000,4.584191799163818,4.47915506362915
2020-01-13T00:00:00.000,4.6908721923828125,4.533401012420654
2020-01-14T00:00:00.000,4.764023780822754,4.606346607208252
2020-01-15T00:00:00.000,4.846320152282715,4.707708358764648
2020-01-16T00:00:00.000,4.934711933135986,4.827320098876953
2020-01-17T00:00:00.000,5.071872234344482,4.955799102783203
2020-01-18T00:00:00.000,5.190743923187256,5.084815979003906
2020-01-19T00:00:00.000,5.285232067108154,5.210984706878662
2020-01-20T00:00:00.000,5.413248062133789,5.335001468658447
2020-01-21T00:00:00.000,5.492496013641357,5.454667568206787
2020-01-22T00:00:00.000,5.629655838012695,5.576993942260742
2020-01-23T00:00:00.000,5.727191925048828,5.698118209838867
2020-01-24T00:00:00.000,5.794248104095459,5.806859970092773
2020-01-25T00:00:00.000,5.891784191131592,5.899172782897949
2020-01-26T00:00:00.000,5.949696063995361,5.974947929382324
2020-01-27T00:00:00.000,6.02894401550293,6.034338474273682
2020-01-28T00:00:00.000,6.071616172790527,6.077087879180908
2020-01-29T00:00:00.000,6.15391206741333,6.108604431152344
2020-01-30T00:00:00.000,6.166103839874268,6.128978252410889
2020-01-31T00:00:00.000,6.169151782989502,6.136138916015625
2020-02-01T00:00:00.000,6.1264801025390625,6.130684852600098
2020-02-02T00:00:00.000,6.086855888366699,6.114446640014648
2020-02-03T00:00:00.000,6.041135787963867,6.08871603012085
2020-02-04T00:00:00.000,5.964935779571533,6.055666923522949
2020-02-05T00:00:00.000,5.934455871582031,6.0242533683776855
2020-02-06T00:00:00.000,5.946648120880127,5.9944682121276855
2020-02-07T00:00:00.000,5.84606409072876,5.964621067047119
2020-02-08T00:00:00.000,5.7302398681640625,5.936593055725098
2020-02-09T00:00:00.000,5.6601362228393555,5.910795211791992
2020-02-10T00:00:00.000,5.66318416595459,5.886851787567139
2020-02-11T00:00:00.000,5.550407886505127,5.869381904602051
2020-02-12T00:00:00.000,5.504687786102295,5.856575965881348
2020-02-13T00:00:00.000,5.492496013641357,5.84575080871582
2020-02-14T00:00:00.000,5.492496013641357,5.840846538543701
2020-02-15T00:00:00.000,5.57479190826416,5.845677375793457
2020-02-16T00:00:00.000,5.586984157562256,5.860029697418213
2020-02-17T00:00:00.000,5.608320236206055,5.887351989746094
2020-02-18T00:00:00.000,5.6601362228393555,5.923709392547607
2020-02-19T00:00:00.000,5.739384174346924,5.964428424835205
2020-02-20T00:00:00.000,5.867400169372559,6.0055623054504395
2020-02-21T00:00:00.000,5.97103214263916,6.048031806945801
2020-02-22T00:00:00.000,6.092951774597168,6.093995571136475
2020-02-23T00:00:00.000,6.175248146057129,6.142460346221924
2020-02-24T00:00:00.000,6.251448154449463,6.189453601837158
2020-02-25T00:00:00.000,6.3367919921875,6.230422496795654
2020-02-26T00:00:00.000,6.431280136108398,6.261142253875732
2020-02-27T00:00:00.000,6.409943580627441,6.280198574066162
2020-02-28T00:00:00.000,6.437376022338867,6.288671016693115
2020-02-29T00:00:00.000,6.44651985168457,6.287505626678467
2020-03-01T00:00:00.000,6.495287895202637,6.276735305786133
2020-03-02T00:00:00.000,6.513576030731201,6.255251884460449
2020-03-03T00:00:00.000,6.504432201385498,6.222862243652344
2020-03-04T00:00:00.000,6.486144065856934,6.181814670562744
2020-03-05T00:00:00.000,6.586728096008301,6.13308048248291
2020-03-06T00:00:00.000,6.550151824951172,6.079558372497559
2020-03-07T00:00:00.000,6.6080641746521,6.027246475219727
2020-03-08T00:00:00.000,6.580632209777832,5.977815628051758
2020-03-09T00:00:00.000,6.492239475250244,5.926759243011475
2020-03-10T00:00:00.000,6.443471908569336,5.874549865722656
2020-03-11T00:00:00.000,6.3733673095703125,5.823943138122559
2020-03-12T00:00:00.000,6.294119834899902,5.7793049812316895
2020-03-13T00:00:00.000,6.181344032287598,5.745067119598389
2020-03-14T00:00:00.000,6.074664115905762,5.725205898284912
2020-03-15T00:00:00.000,5.995416164398193,5.719644546508789
2020-03-16T00:00:00.000,5.937503814697266,5.728402614593506
2020-03-17T00:00:00.000,5.855207920074463,5.743765354156494
2020-03-18T00:00:00.000,5.812535762786865,5.760898113250732
2020-03-19T00:00:00.000,5.751575946807861,5.771528244018555
2020-03-20T00:00:00.000,5.702807903289795,5.782195568084717
2020-03-21T00:00:00.000,5.690616130828857,5.793951988220215
2020-03-22T00:00:00.000,5.705855846405029,5.811959743499756
2020-03-23T00:00:00.000,5.751575946807861,5.842412948608398
2020-03-24T00:00:00.000,5.78815221786499,5.8961181640625
2020-03-25T00:00:00.000,5.827775955200195,5.960811614990234
2020-03-26T00:00:00.000,5.864352226257324,6.032629489898682
2020-03-27T00:00:00.000,5.910071849822998,6.102686405181885
2020-03-28T00:00:00.000,5.977128028869629,6.1675848960876465
2020-03-29T00:00:00.000,6.02894401550293,6.228674411773682
2020-03-30T00:00:00.000,6.083807945251465,6.285324573516846
2020-03-31T00:00:00.000,6.144768238067627,6.330774307250977
2020-04-01T00:00:00.000,6.205728054046631,6.373971462249756
2020-04-02T00:00:00.000,6.254496097564697,6.415051460266113
2020-04-03T00:00:00.000,6.300216197967529,6.449602127075195
2020-04-04T00:00:00.000,6.352031707763672,6.474586009979248
2020-04-05T00:00:00.000,6.416039943695068,6.489797115325928
2020-04-06T00:00:00.000,6.486144065856934,6.496491432189941
2020-04-07T00:00:00.000,6.504432201385498,6.496182441711426
2020-04-08T00:00:00.000,6.489192008972168,6.491090297698975
2020-04-09T00:00:00.000,6.528815746307373,6.483473300933838
2020-04-10T00:00:00.000,6.51967191696167,6.474009037017822
2020-04-11T00:00:00.000,6.522719860076904,6.462118148803711
2020-04-12T00:00:00.000,6.568439960479736,6.447841167449951
2020-04-13T00:00:00.000,6.617208003997803,6.430382251739502
2020-04-14T00:00:00.000,6.632448196411133,6.410118103027344
2020-04-15T00:00:00.000,6.665976047515869,6.387936592102051
2020-04-16T00:00:00.000,6.7452239990234375,6.366255283355713
2020-04-17T00:00:00.000,6.690360069274902,6.344568252563477
2020-04-18T00:00:00.000,6.705599308013916,6.324219226837158
2020-04-19T00:00:00.000,6.632448196411133,6.3056206703186035
2020-04-20T00:00:00.000,6.635495662689209,6.288638591766357
2020-04-21T00:00:00.000,6.59891939163208,6.272601127624512
2020-04-22T00:00:00.000,6.571487903594971,6.259011268615723
2020-04-23T00:00:00.000,6.565391540527344,6.2461066246032715
2020-04-24T00:00:00.000,6.51967191696167,6.233245849609375
2020-04-25T00:00:00.000,6.51967191696167,6.219903945922852
2020-04-26T00:00:00.000,6.495287895202637,6.203645706176758
2020-04-27T00:00:00.000,6.473951816558838,6.183578968048096
2020-04-28T00:00:00.000,6.403848171234131,6.15778923034668
2020-04-29T00:00:00.000,6.440423965454102,6.124582290649414
2020-04-30T00:00:00.000,6.4008002281188965,6.086431503295898
2020-05-01T00:00:00.000,6.388607978820801,6.046328544616699
2020-05-02T00:00:00.000,6.379464149475098,6.004983901977539
2020-05-03T00:00:00.000,6.309360027313232,5.966065406799316
2020-05-04T00:00:00.000,6.239255905151367,5.935459136962891
2020-05-05T00:00:00.000,6.187439918518066,5.913824558258057
2020-05-06T00:00:00.000,6.1569600105285645,5.89844274520874
2020-05-07T00:00:00.000,6.083807945251465,5.88748836517334
2020-05-08T00:00:00.000,6.0137038230896,5.880278587341309
2020-05-09T00:00:00.000,5.998464107513428,5.874893665313721
2020-05-10T00:00:00.000,5.964935779571533,5.867727279663086
2020-05-11T00:00:00.000,5.8978800773620605,5.855894565582275
2020-05-12T00:00:00.000,5.855207920074463,5.836451053619385
2020-05-13T00:00:00.000,5.821680068969727,5.808302402496338
2020-05-14T00:00:00.000,5.785103797912598,5.768401622772217
2020-05-15T00:00:00.000,5.8521599769592285,5.719797611236572
2020-05-16T00:00:00.000,5.7363362312316895,5.655812740325928
2020-05-17T00:00:00.000,5.715000152587891,5.582924842834473
2020-05-18T00:00:00.000,5.63270378112793,5.5050530433654785
2020-05-19T00:00:00.000,5.568696022033691,5.435299396514893
2020-05-20T00:00:00.000,5.519927978515625,5.3824782371521
2020-05-21T00:00:00.000,5.44982385635376,5.361190319061279
2020-05-22T00:00:00.000,5.413248062133789,5.364500045776367
2020-05-23T00:00:00.000,5.3553361892700195,5.390552997589111
2020-05-24T00:00:00.000,5.324855804443359,5.432371139526367
2020-05-25T00:00:00.000,5.297423839569092,5.480533599853516
2020-05-26T00:00:00.000,5.306568145751953,5.529616832733154
2020-05-27T00:00:00.000,5.2791361808776855,5.589029312133789
2020-05-28T00:00:00.000,5.215127944946289,5.655249118804932
2020-05-29T00:00:00.000,5.19379186630249,5.725363731384277
2020-05-30T00:00:00.000,5.1876959800720215,5.801466941833496
2020-05-31T00:00:00.000,5.184648036956787,5.887638568878174
2020-06-01T00:00:00.000,5.245607852935791,5.971092700958252
2020-06-02T00:00:00.000,5.285232067108154,6.047922611236572
2020-06-03T00:00:00.000,5.3400959968566895,6.113198757171631
2020-06-04T00:00:00.000,5.37667179107666,6.161958694458008
2020-06-05T00:00:00.000,5.3858160972595215,6.193325996398926
2020-06-06T00:00:00.000,5.468111991882324,6.209141254425049
2020-06-07T00:00:00.000,5.6540398597717285,6.209957599639893
2020-06-08T00:00:00.000,5.742432117462158,6.1966986656188965
2020-06-09T00:00:00.000,5.611368179321289,6.174537658691406
2020-06-10T00:00:00.000,5.623559951782227,6.143640518188477
2020-06-11T00:00:00.000,5.669280052185059,6.102782249450684
2020-06-12T00:00:00.000,5.702807903289795,6.052819728851318
2020-06-13T00:00:00.000,5.702807903289795,5.994617938995361
2020-06-14T00:00:00.000,5.6845197677612305,5.922455787658691
2020-06-15T00:00:00.000,5.626607894897461,5.835310459136963
2020-06-16T00:00:00.000,5.565648078918457,5.733273506164551
2020-06-17T00:00:00.000,5.480303764343262,5.617152214050293
2020-06-18T00:00:00.000,5.388864040374756,5.489634037017822
2020-06-19T00:00:00.000,5.300471782684326,5.352278232574463
2020-06-20T00:00:00.000,5.1572160720825195,5.2071638107299805
2020-06-21T00:00:00.000,5.050536155700684,5.061690330505371
2020-06-22T00:00:00.000,4.9194722175598145,4.921620845794678
2020-06-23T00:00:00.000,4.803647994995117,4.786535263061523
2020-06-24T00:00:00.000,4.700016021728516,4.660571575164795
2020-06-25T00:00:00.000,4.587240219116211,4.544910907745361
2020-06-26T00:00:00.000,4.468368053436279,4.432719707489014
2020-06-27T00:00:00.000,4.3251118659973145,4.320776462554932
2020-06-28T00:00:00.000,4.194047927856445,4.210113048553467
2020-06-29T00:00:00.000,4.047743797302246,4.098518371582031
2020-06-30T00:00:00.000,3.8679120540618896,3.987511157989502
2020-07-01T00:00:00.000,3.678936004638672,3.8715403079986572
2020-07-02T00:00:00.000,3.4869120121002197,3.749027729034424
2020-07-03T00:00:00.000,3.328416109085083,3.6205687522888184
2020-07-04T00:00:00.000,3.1729679107666016,3.4978489875793457
2020-07-05T00:00:00.000,3.084575891494751,3.377898931503296
2020-07-06T00:00:00.000,3.0571439266204834,3.2885334491729736
2020-07-07T00:00:00.000,3.0266640186309814,3.2351150512695312
2020-07-08T00:00:00.000,3.090672016143799,3.2204720973968506
2020-07-09T00:00:00.000,3.182111978530884,3.2327535152435303
2020-07-10T00:00:00.000,3.319272041320801,3.261608123779297
2020-07-11T00:00:00.000,3.389375925064087,3.295060396194458
2020-07-12T00:00:00.000,3.45033597946167,3.3184757232666016
2020-07-13T00:00:00.000,3.4930078983306885,3.3174595832824707
2020-07-14T00:00:00.000,3.4838640689849854,3.2833001613616943
2020-07-15T00:00:00.000,3.398519992828369,3.1999292373657227
2020-07-16T00:00:00.000,3.151632070541382,3.0729057788848877
2020-07-17T00:00:00.000,2.92303204536438,2.9126391410827637
2020-07-18T00:00:00.000,2.6761438846588135,2.7384250164031982
2020-07-19T00:00:00.000,2.4597361087799072,2.5717368125915527
2020-07-20T00:00:00.000,2.282952070236206,2.4395337104797363
2020-07-21T00:00:00.000,2.1854159832000732,2.330698251724243
2020-07-22T00:00:00.000,2.121407985687256,2.257683277130127
2020-07-23T00:00:00.000,2.1854159832000732,2.2107977867126465
2020-07-24T00:00:00.000,2.1701760292053223,2.1772615909576416
2020-07-25T00:00:00.000,2.090928077697754,2.1473324298858643
2020-07-26T00:00:00.000,2.029968023300171,2.124011993408203
2020-07-27T00:00:00.000,1.9751039743423462,2.0884506702423096
2020-07-28T00:00:00.000,1.920240044593811,2.0432486534118652
2020-07-29T00:00:00.000,1.9049999713897705,2.0162100791931152
2020-07-30T00:00:00.000,1.8653759956359863,2.0051772594451904
2020-07-31T00:00:00.000,1.8470879793167114,2.0008044242858887
2020-08-01T00:00:00.000,1.81660795211792,2.0126302242279053
2020-08-02T00:00:00.000,1.7952719926834106,2.0359914302825928
2020-08-03T00:00:00.000,1.801367998123169,2.047563314437866
2020-08-04T00:00:00.000,1.7221200466156006,2.045609712600708
2020-08-05T00:00:00.000,1.7038320302963257,2.029923677444458
2020-08-06T00:00:00.000,1.6367759704589844,2.0048985481262207
2020-08-07T00:00:00.000,1.6642080545425415,1.9846948385238647
2020-08-08T00:00:00.000,1.7586959600448608,2.0102930068969727
2020-08-09T00:00:00.000,1.859279990196228,2.077314615249634
2020-08-10T00:00:00.000,1.9568160772323608,2.1878323554992676
2020-08-11T00:00:00.000,2.0665440559387207,2.3188445568084717
2020-08-12T00:00:00.000,2.1701760292053223,2.4289302825927734
2020-08-13T00:00:00.000,2.2250399589538574,2.5002219676971436
2020-08-14T00:00:00.000,2.19760799407959,2.5162782669067383
2020-08-15T00:00:00.000,2.1031200885772705,2.4672415256500244
2020-08-16T00:00:00.000,2.069591999053955,2.366030216217041
2020-08-17T00:00:00.000,2.0421600341796875,2.2443180084228516
2020-08-18T00:00:00.000,2.008631944656372,2.1366231441497803
2020-08-19T00:00:00.000,2.045207977294922,2.0515410900115967
2020-08-20T00:00:00.000,1.9811999797821045,1.9833096265792847
2020-08-21T00:00:00.000,1.8958560228347778,1.9149905443191528
2020-08-22T00:00:00.000,1.8257520198822021,1.8403210639953613
2020-08-23T00:00:00.000,1.8501360416412354,1.7612860202789307
2020-08-24T00:00:00.000,2.0055840015411377,1.684537410736084
2020-08-25T00:00:00.000,2.045207977294922,1.621493935585022
2020-08-26T00:00:00.000,2.106168031692505,1.5759180784225464
2020-08-27T00:00:00.000,2.1031200885772705,1.530064344406128
2020-08-28T00:00:00.000,1.8105119466781616,1.474590539932251
2020-08-29T00:00:00.000,1.6276320219039917,1.416454792022705
2020-08-30T00:00:00.000,1.5240000486373901,1.3601504564285278
2020-08-31T00:00:00.000,1.4508479833602905,1.3170546293258667
2020-09-01T00:00:00.000,1.4538960456848145,1.2979118824005127
2020-09-02T00:00:00.000,1.4630399942398071,1.304734230041504
2020-09-03T00:00:00.000,1.4508479833602905,1.3267450332641602
2020-09-04T00:00:00.000,1.499616026878357,1.3615660667419434
2020-09-05T00:00:00.000,1.5880080461502075,1.4016228914260864
2020-09-06T00:00:00.000,1.7190719842910767,1.447588562965393
2020-09-07T00:00:00.000,1.8287999629974365,1.498234510421753
2020-09-08T00:00:00.000,1.9049999713897705,1.5573523044586182
2020-09-09T00:00:00.000,1.917191982269287,1.6209672689437866
2020-09-10T00:00:00.000,1.9293839931488037,1.6797213554382324
2020-09-11T00:00:00.000,1.874519944190979,1.7353001832962036
2020-09-12T00:00:00.000,1.9019520282745361,1.7890589237213135
2020-09-13T00:00:00.000,1.993391990661621,1.8426604270935059
2020-09-14T00:00:00.000,2.1854159832000732,1.913623571395874
2020-09-15T00:00:00.000,2.8072080612182617,1.9553840160369873
2020-09-16T00:00:00.000,2.3164799213409424,1.9575203657150269
2020-09-17T00:00:00.000,1.8989039659500122,1.9228845834732056
2020-09-18T00:00:00.000,1.7617440223693848,1.867876648902893
2020-09-19T00:00:00.000,1.8379440307617188,1.8003356456756592
2020-09-20T00:00:00.000,2.2402799129486084,1.7679312229156494
2020-09-21T00:00:00.000,2.3469600677490234,1.7642043828964233
2020-09-22T00:00:00.000,2.176271915435791,1.774583101272583
2020-09-23T00:00:00.000,1.9110959768295288,1.8274892568588257
2020-09-24T00:00:00.000,1.917191982269287,1.8733969926834106
2020-09-25T00:00:00.000,1.9994879961013794,1.9082071781158447
2020-09-26T00:00:00.000,2.069591999053955,1.9365047216415405
2020-09-27T00:00:00.000,2.0208239555358887,1.9652104377746582
2020-09-28T00:00:00.000,1.9903440475463867,1.9496153593063354
2020-09-29T00:00:00.000,1.9903440475463867,1.9080783128738403
2020-09-30T00:00:00.000,1.8501360416412354,1.8410732746124268
2020-10-01T00:00:00.000,1.6824959516525269,1.7689481973648071
2020-10-02T00:00:00.000,1.6946879625320435,1.6943933963775635
2020-10-03T00:00:00.000,1.6794480085372925,1.6197071075439453
2020-10-04T00:00:00.000,1.6367759704589844,1.5580308437347412
2020-10-05T00:00:00.000,1.6672559976577759,1.5092601776123047
2020-10-06T00:00:00.000,1.6123919486999512,1.4662549495697021
2020-10-07T00:00:00.000,1.575816035270691,1.4280247688293457
2020-10-08T00:00:00.000,1.554479956626892,1.406760811805725
2020-10-09T00:00:00.000,1.6459200382232666,1.441667079925537
2020-10-10T00:00:00.000,1.862328052520752,1.4923276901245117
2020-10-11T00:00:00.000,1.6824959516525269,1.54581880569458
2020-10-12T00:00:00.000,1.5941040515899658,1.5908052921295166
2020-10-13T00:00:00.000,1.4752320051193237,1.6221414804458618
2020-10-14T00:00:00.000,1.5057120323181152,1.5976516008377075
2020-10-15T00:00:00.000,1.481328010559082,1.570243239402771
2020-10-16T00:00:00.000,1.514855980873108,1.5569229125976562
2020-10-17T00:00:00.000,1.7465039491653442,1.552789568901062
2020-10-18T00:00:00.000,1.6885919570922852,1.5482032299041748
2020-10-19T00:00:00.000,1.648967981338501,1.54019033908844
2020-10-20T00:00:00.000,1.6855440139770508,1.525760293006897
2020-10-21T00:00:00.000,1.7282160520553589,1.494924783706665
2020-10-22T00:00:00.000,1.7221200466156006,1.4659308195114136
2020-10-23T00:00:00.000,1.652016043663025,1.4408596754074097
2020-10-24T00:00:00.000,1.5788639783859253,1.4133094549179077
2020-10-25T00:00:00.000,1.4478000402450562,1.3829443454742432
2020-10-26T00:00:00.000,1.4081759452819824,1.356863260269165
2020-10-27T00:00:00.000,1.3929359912872314,1.3384805917739868
2020-10-28T00:00:00.000,1.3746479749679565,1.344024896621704
2020-10-29T00:00:00.000,1.4538960456848145,1.3494796752929688
2020-10-30T00:00:00.000,1.2801599502563477,1.360554575920105
2020-10-31T00:00:00.000,1.286255955696106,1.3861007690429688
2020-11-01T00:00:00.000,1.286255955696106,1.4337677955627441
2020-11-02T00:00:00.000,1.496567964553833,1.480818748474121
2020-11-03T00:00:00.000,1.557528018951416,1.5518618822097778
2020-11-04T00:00:00.000,1.6367759704589844,1.6434547901153564
2020-11-05T00:00:00.000,1.81660795211792,1.75275719165802
2020-11-06T00:00:00.000,2.0970239639282227,1.8635040521621704
2020-11-07T00:00:00.000,2.2799038887023926,1.9848711490631104
2020-11-08T00:00:00.000,2.4627840518951416,2.112961530685425
2020-11-09T00:00:00.000,2.502408027648926,2.2367148399353027
2020-11-10T00:00:00.000,2.435352087020874,2.341089963912964
2020-11-11T00:00:00.000,2.353055953979492,2.4049150943756104
2020-11-12T00:00:00.000,2.2463760375976562,2.3967905044555664
2020-11-13T00:00:00.000,2.0482559204101562,2.332507848739624
2020-11-14T00:00:00.000,1.8714720010757446,2.244364023208618
2020-11-15T00:00:00.000,1.8348959684371948,2.1354029178619385
2020-11-16T00:00:00.000,1.783079981803894,2.011554002761841
2020-11-17T00:00:00.000,1.6885919570922852,1.8942129611968994
2020-11-18T00:00:00.000,1.7343120574951172,1.7767915725708008
2020-11-19T00:00:00.000,1.6398240327835083,1.6597034931182861
2020-11-20T00:00:00.000,1.572767972946167,1.5594147443771362
2020-11-21T00:00:00.000,1.5179040431976318,1.495561957359314
2020-11-22T00:00:00.000,1.5240000486373901,1.463380217552185
2020-11-23T00:00:00.000,1.5026639699935913,1.4635266065597534
2020-11-24T00:00:00.000,1.499616026878357,1.4943814277648926
2020-11-25T00:00:00.000,1.572767972946167,1.5318238735198975
2020-11-26T00:00:00.000,1.5331439971923828,1.5589287281036377
2020-11-27T00:00:00.000,1.5270479917526245,1.5773899555206299
2020-11-28T00:00:00.000,1.572767972946167,1.6031012535095215
2020-11-29T00:00:00.000,1.740407943725586,1.625322699546814
2020-11-30T00:00:00.000,1.725167989730835,1.64938485622406
2020-12-01T00:00:00.000,1.7373600006103516,1.6734975576400757
2020-12-02T00:00:00.000,1.7007839679718018,1.7077338695526123
2020-12-03T00:00:00.000,1.8836640119552612,1.742034912109375
2020-12-04T00:00:00.000,1.9903440475463867,1.7788701057434082
2020-12-05T00:00:00.000,2.0634961128234863,1.817075252532959
2020-12-06T00:00:00.000,2.029968023300171,1.862886905670166
2020-12-07T00:00:00.000,2.045207977294922,1.899269461631775
2020-12-08T00:00:00.000,2.029968023300171,1.9176090955734253
2020-12-09T00:00:00.000,1.993391990661621,1.9167989492416382
2020-12-10T00:00:00.000,1.9629120826721191,1.8979403972625732
2020-12-11T00:00:00.000,1.8958560228347778,1.8670369386672974
2020-12-12T00:00:00.000,1.9263360500335693,1.8249739408493042
2020-12-13T00:00:00.000,1.8836640119552612,1.8025134801864624
2020-12-14T00:00:00.000,1.9476720094680786,1.7955485582351685
2020-12-15T00:00:00.000,1.9141440391540527,1.814807653427124
2020-12-16T00:00:00.000,2.0482559204101562,1.8498923778533936
2020-12-17T00:00:00.000,2.0208239555358887,1.8986577987670898
2020-12-18T00:00:00.000,1.996440052986145,1.930095911026001
2020-12-19T00:00:00.000,1.9872959852218628,1.9544209241867065
2020-12-20T00:00:00.000,2.0665440559387207,1.949517846107483
2020-12-21T00:00:00.000,2.0177760124206543,1.9181952476501465
2020-12-22T00:00:00.000,1.9263360500335693,1.8750663995742798
2020-12-23T00:00:00.000,1.8958560228347778,1.8506896495819092
2020-12-24T00:00:00.000,1.9446240663528442,1.8274649381637573
2020-12-25T00:00:00.000,1.892807960510254,1.8184043169021606
2020-12-26T00:00:00.000,1.9110959768295288,1.8285733461380005
2020-12-27T00:00:00.000,1.917191982269287,1.8539901971817017
2020-12-28T00:00:00.000,1.953768014907837,1.868795394897461
2020-12-29T00:00:00.000,1.9019520282745361,1.8837717771530151
2020-12-30T00:00:00.000,1.9507200717926025,1.8930619955062866
2020-12-31T00:00:00.000,2.0055840015411377,1.9244921207427979
2021-01-01T00:00:00.000,2.115312099456787,1.9624043703079224
2021-01-02T00:00:00.000,2.01472806930542,2.029758930206299
2021-01-03T00:00:00.000,2.060447931289673,2.1345877647399902
2021-01-04T00:00:00.000,2.191512107849121,2.2693769931793213
2021-01-05T00:00:00.000,2.3774399757385254,2.419083595275879
2021-01-06T00:00:00.000,2.602992057800293,2.6057610511779785
2021-01-07T00:00:00.000,2.947416067123413,2.8092384338378906
2021-01-08T00:00:00.000,3.03275990486145,3.0109410285949707
2021-01-09T00:00:00.000,3.252216100692749,3.2033777236938477
2021-01-10T00:00:00.000,3.45033597946167,3.3799796104431152
2021-01-11T00:00:00.000,3.739896059036255,3.5402309894561768
2021-01-12T00:00:00.000,3.8039040565490723,3.6917548179626465
2021-01-13T00:00:00.000,3.922775983810425,3.8359460830688477
2021-01-14T00:00:00.000,4.008120059967041,3.970707416534424
2021-01-15T00:00:00.000,4.069079875946045,4.0794358253479
2021-01-16T00:00:00.000,4.002024173736572,4.150928974151611
2021-01-17T00:00:00.000,3.907536029815674,4.1771135330200195
2021-01-18T00:00:00.000,3.7978079319000244,4.15437126159668
2021-01-19T00:00:00.000,3.6515040397644043,4.08018159866333
2021-01-20T00:00:00.000,3.3924241065979004,3.95167875289917
2021-01-21T00:00:00.000,3.1485838890075684,3.7755491733551025
2021-01-22T00:00:00.000,2.9291279315948486,3.5680315494537354
2021-01-23T00:00:00.000,2.8346400260925293,3.3390414714813232
2021-01-24T00:00:00.000,2.709671974182129,3.116276264190674
2021-01-25T00:00:00.000,2.4688799381256104,2.934091329574585
2021-01-26T00:00:00.000,2.289047956466675,2.7518811225891113
2021-01-27T00:00:00.000,2.151887893676758,2.5785703659057617
2021-01-28T00:00:00.000,2.0055840015411377,2.4434056282043457
2021-01-29T00:00:00.000,1.9232879877090454,2.359078884124756
2021-01-30T00:00:00.000,1.862328052520752,2.3240890502929688
2021-01-31T00:00:00.000,1.965960144996643,2.336460828781128
2021-02-01T00:00:00.000,1.8867119550704956,2.399177074432373
2021-02-02T00:00:00.000,1.953768014907837,2.509345769882202
2021-02-03T00:00:00.000,2.0634961128234863,2.655965805053711
2021-02-04T00:00:00.000,2.2494239807128906,2.8244194984436035
2021-02-05T00:00:00.000,2.435352087020874,3.009462594985962
2021-02-06T00:00:00.000,2.7614879608154297,3.197920083999634
2021-02-07T00:00:00.000,2.9199841022491455,3.376789093017578
2021-02-08T00:00:00.000,3.023616075515747,3.53594708442688
2021-02-09T00:00:00.000,3.182111978530884,3.6614420413970947
2021-02-10T00:00:00.000,3.2247838973999023,3.7567930221557617
2021-02-11T00:00:00.000,3.319272041320801,3.8304505348205566
2021-02-12T00:00:00.000,3.5173919200897217,3.877066135406494
2021-02-13T00:00:00.000,3.5478720664978027,3.8927981853485107
2021-02-14T00:00:00.000,3.4991040229797363,3.877570629119873
2021-02-15T00:00:00.000,3.383280038833618,3.8250770568847656
2021-02-16T00:00:00.000,3.176016092300415,3.7268226146698
2021-02-17T00:00:00.000,2.977895975112915,3.6177752017974854
2021-02-18T00:00:00.000,2.947416067123413,3.5031557083129883
2021-02-19T00:00:00.000,2.855976104736328,3.3934409618377686
2021-02-20T00:00:00.000,2.7157680988311768,3.2985734939575195
2021-02-21T00:00:00.000,2.581655979156494,3.219651460647583
2021-02-22T00:00:00.000,2.496311902999878,3.1375598907470703
2021-02-23T00:00:00.000,2.429255962371826,3.0652010440826416
2021-02-24T00:00:00.000,2.420111894607544,3.008610963821411
2021-02-25T00:00:00.000,2.410968065261841,2.97601056098938
2021-02-26T00:00:00.000,2.4841198921203613,2.9716248512268066
2021-02-27T00:00:00.000,2.557271957397461,2.9982798099517822
2021-02-28T00:00:00.000,2.6060400009155273,3.018446207046509
2021-03-01T00:00:00.000,2.657855987548828,3.0831832885742188
2021-03-02T00:00:00.000,2.8041601181030273,3.2024903297424316
2021-03-03T00:00:00.000,2.9504640102386475,3.3432438373565674
2021-03-04T00:00:00.000,3.0693359375,3.505432605743408
2021-03-05T00:00:00.000,3.2887918949127197,3.6916048526763916
2021-03-06T00:00:00.000,3.5448238849639893,3.8894166946411133
2021-03-07T00:00:00.000,3.8191440105438232,4.079474925994873
2021-03-08T00:00:00.000,4.011168003082275,4.258520603179932
2021-03-09T00:00:00.000,4.200143814086914,4.4247212409973145
2021-03-10T00:00:00.000,4.376927852630615,4.583198070526123
2021-03-11T00:00:00.000,4.486656188964844,4.734577178955078
2021-03-12T00:00:00.000,4.57809591293335,4.878727436065674
2021-03-13T00:00:00.000,4.602479934692383,5.018408298492432
2021-03-14T00:00:00.000,4.709159851074219,5.1456427574157715
2021-03-15T00:00:00.000,4.739640235900879,5.252613544464111
2021-03-16T00:00:00.000,4.7670722007751465,5.334632873535156
2021-03-17T00:00:00.000,4.788407802581787,5.386959552764893
2021-03-18T00:00:00.000,4.852416038513184,5.4099955558776855
2021-03-19T00:00:00.000,4.809743881225586,5.4102582931518555
2021-03-20T00:00:00.000,4.873752117156982,5.399244785308838
2021-03-21T00:00:00.000,4.925568103790283,5.387406826019287
2021-03-22T00:00:00.000,4.977384090423584,5.393274307250977
2021-03-23T00:00:00.000,5.117591857910156,5.418257236480713
2021-03-24T00:00:00.000,5.352287769317627,5.452301979064941
2021-03-25T00:00:00.000,5.361432075500488,5.490354061126709
2021-03-26T00:00:00.000,5.324855804443359,5.531933784484863
2021-03-27T00:00:00.000,5.318759918212891,5.577700614929199
2021-03-28T00:00:00.000,5.324855804443359,5.627850532531738
2021-03-29T00:00:00.000,5.337048053741455,5.686083793640137
2021-03-30T00:00:00.000,5.364480018615723,5.75210428237915
2021-03-31T00:00:00.000,5.358384132385254,5.813928127288818
2021-04-01T00:00:00.000,5.434584140777588,5.874587059020996
2021-04-02T00:00:00.000,5.5016398429870605,5.92758846282959
2021-04-03T00:00:00.000,5.504687786102295,5.970995903015137
2021-04-04T00:00:00.000,5.571743965148926,6.003495693206787
2021-04-05T00:00:00.000,5.608320236206055,6.028631687164307
2021-04-06T00:00:00.000,5.614416122436523,6.049144744873047
2021-04-07T00:00:00.000,5.629655838012695,6.069488048553467
2021-04-08T00:00:00.000,5.675375938415527,6.088003158569336
2021-04-09T00:00:00.000,5.721096038818359,6.104130268096924
2021-04-10T00:00:00.000,5.836919784545898,6.114229679107666
2021-04-11T00:00:00.000,5.800343990325928,6.113658905029297
2021-04-12T00:00:00.000,5.794248104095459,6.098456382751465
2021-04-13T00:00:00.000,5.7759599685668945,6.070225238800049
2021-04-14T00:00:00.000,5.864352226257324,6.025375843048096
2021-04-15T00:00:00.000,5.858255863189697,5.963520526885986
2021-04-16T00:00:00.000,5.888735771179199,5.885737419128418
2021-04-17T00:00:00.000,5.894832134246826,5.792252063751221
2021-04-18T00:00:00.000,5.827775955200195,5.68291711807251
2021-04-19T00:00:00.000,5.745480060577393,5.561470031738281
2021-04-20T00:00:00.000,5.650991916656494,5.433137893676758
2021-04-21T00:00:00.000,5.5382161140441895,5.301821231842041
2021-04-22T00:00:00.000,5.477255821228027,5.173170566558838
2021-04-23T00:00:00.000,5.40715217590332,5.056450366973877
2021-04-24T00:00:00.000,5.346191883087158,4.9445037841796875
2021-04-25T00:00:00.000,5.276088237762451,4.833678245544434
2021-04-26T00:00:00.000,5.20903205871582,4.720952987670898
2021-04-27T00:00:00.000,5.074920177459717,4.606931686401367
2021-04-28T00:00:00.000,4.873752117156982,4.470043182373047
2021-04-29T00:00:00.000,4.6847758293151855,4.32062292098999
2021-04-30T00:00:00.000,4.459224224090576,4.170934200286865
2021-05-01T00:00:00.000,4.319015979766846,4.042804718017578
2021-05-02T00:00:00.000,4.251959800720215,3.947087049484253
2021-05-03T00:00:00.000,4.157472133636475,3.9023048877716064
2021-05-04T00:00:00.000,4.1422319412231445,3.911790132522583
2021-05-05T00:00:00.000,4.163568019866943,3.959256887435913
2021-05-06T00:00:00.000,4.178808212280273,4.0292510986328125
2021-05-07T00:00:00.000,4.19709587097168,4.111048221588135
2021-05-08T00:00:00.000,4.221479892730713,4.191906929016113
2021-05-09T00:00:00.000,4.270247936248779,4.2615509033203125
2021-05-10T00:00:00.000,4.331208229064941,4.328060626983643
2021-05-11T00:00:00.000,4.364736080169678,4.397928237915039
2021-05-12T00:00:00.000,4.428743839263916,4.467276573181152
2021-05-13T00:00:00.000,4.480559825897217,4.531989097595215
2021-05-14T00:00:00.000,4.4622721672058105,4.593062877655029
2021-05-15T00:00:00.000,4.474463939666748,4.646094799041748
2021-05-16T00:00:00.000,4.526279926300049,4.68080472946167
2021-05-17T00:00:00.000,4.590288162231445,4.699514865875244
2021-05-18T00:00:00.000,4.748784065246582,4.705641746520996
2021-05-19T00:00:00.000,4.724400043487549,4.708044528961182
2021-05-20T00:00:00.000,4.751832008361816,4.707089424133301
2021-05-21T00:00:00.000,4.861559867858887,4.711084842681885
2021-05-22T00:00:00.000,4.782311916351318,4.72356653213501
2021-05-23T00:00:00.000,4.623816013336182,4.744487285614014
2021-05-24T00:00:00.000,4.486656188964844,4.768892765045166
2021-05-25T00:00:00.000,4.373879909515381,4.790502548217773
2021-05-26T00:00:00.000,4.306824207305908,4.809606552124023
2021-05-27T00:00:00.000,4.236720085144043,4.827495574951172
2021-05-28T00:00:00.000,4.194047927856445,4.842385768890381
2021-05-29T00:00:00.000,4.178808212280273,4.854380130767822
2021-05-30T00:00:00.000,4.166615962982178,4.864463806152344
2021-05-31T00:00:00.000,4.120895862579346,4.869631290435791
2021-06-01T00:00:00.000,4.069079875946045,4.870825290679932
2021-06-02T00:00:00.000,4.008120059967041,4.868781566619873
2021-06-03T00:00:00.000,3.9898319244384766,4.8630547523498535
2021-06-04T00:00:00.000,3.9654479026794434,4.852175235748291
2021-06-05T00:00:00.000,3.947160005569458,4.836203098297119
2021-06-06T00:00:00.000,3.9288721084594727,4.815473556518555
2021-06-07T00:00:00.000,3.9502079486846924,4.793967247009277
2021-06-08T00:00:00.000,3.8740079402923584,4.781403541564941
2021-06-09T00:00:00.000,3.8130478858947754,4.776209831237793
2021-06-10T00:00:00.000,3.7917120456695557,4.780329704284668
2021-06-11T00:00:00.000,3.7978079319000244,4.791939735412598
2021-06-12T00:00:00.000,3.816096067428589,4.80983304977417
2021-06-13T00:00:00.000,3.861815929412842,4.82867956161499
2021-06-14T00:00:00.000,3.94106388092041,4.846774101257324
2021-06-15T00:00:00.000,4.01421594619751,4.858756065368652
2021-06-16T00:00:00.000,4.053840160369873,4.863801002502441
2021-06-17T00:00:00.000,4.084320068359375,4.859744548797607
2021-06-18T00:00:00.000,4.117847919464111,4.841555595397949
2021-06-19T00:00:00.000,4.288536071777344,4.807003498077393
2021-06-20T00:00:00.000,4.072127819061279,4.753407001495361
2021-06-21T00:00:00.000,4.017263889312744,4.683895111083984
2021-06-22T00:00:00.000,3.9349679946899414,4.600870609283447
2021-06-23T00:00:00.000,3.8648641109466553,4.501725196838379
2021-06-24T00:00:00.000,3.739896059036255,4.38409948348999
2021-06-25T00:00:00.000,3.6210238933563232,4.240025997161865
2021-06-26T00:00:00.000,3.5082480907440186,4.063441276550293
2021-06-27T00:00:00.000,3.398519992828369,3.8641059398651123
2021-06-28T00:00:00.000,3.2583119869232178,3.6595184803009033
2021-06-29T00:00:00.000,3.108959913253784,3.474494457244873
2021-06-30T00:00:00.000,2.932176113128662,3.32529354095459
2021-07-01T00:00:00.000,2.831592082977295,3.1868090629577637
2021-07-02T00:00:00.000,2.734055995941162,3.063509464263916
2021-07-03T00:00:00.000,2.6090879440307617,2.975940704345703
2021-07-04T00:00:00.000,2.5755600929260254,2.9328629970550537
2021-07-05T00:00:00.000,2.642616033554077,2.91685152053833
2021-07-06T00:00:00.000,2.7584400177001953,2.946777105331421
2021-07-07T00:00:00.000,2.932176113128662,3.0121209621429443
2021-07-08T00:00:00.000,3.0967679023742676,3.092771530151367
2021-07-09T00:00:00.000,3.2400240898132324,3.1979899406433105
2021-07-10T00:00:00.000,3.3771839141845703,3.3145570755004883
2021-07-11T00:00:00.000,3.5143439769744873,3.426023483276367
2021-07-12T00:00:00.000,3.6606481075286865,3.5185723304748535
2021-07-13T00:00:00.000,3.7216079235076904,3.589831590652466
2021-07-14T00:00:00.000,3.7581839561462402,3.636801242828369
2021-07-15T00:00:00.000,3.7155120372772217,3.648430824279785
2021-07-16T00:00:00.000,3.5631120204925537,3.62178897857666
2021-07-17T00:00:00.000,3.4168078899383545,3.5719668865203857
2021-07-18T00:00:00.000,3.243072032928467,3.5127320289611816
2021-07-19T00:00:00.000,3.1181039810180664,3.4675283432006836
2021-07-20T00:00:00.000,3.0419039726257324,3.4462063312530518
2021-07-21T00:00:00.000,3.054095983505249,3.438742160797119
2021-07-22T00:00:00.000,3.0662879943847656,3.4412155151367188
2021-07-23T00:00:00.000,3.151632070541382,3.455873489379883
2021-07-24T00:00:00.000,3.2339279651641846,3.479949951171875
2021-07-25T00:00:00.000,3.368040084838867,3.5118823051452637
2021-07-26T00:00:00.000,3.4777679443359375,3.5479185581207275
2021-07-27T00:00:00.000,3.5753040313720703,3.584170341491699
2021-07-28T00:00:00.000,3.6393120288848877,3.6149845123291016
2021-07-29T00:00:00.000,3.6697919368743896,3.6407339572906494
2021-07-30T00:00:00.000,3.5844480991363525,3.6473779678344727
2021-07-31T00:00:00.000,3.4716720581054688,3.6236746311187744
2021-08-01T00:00:00.000,3.322319984436035,3.553297281265259
2021-08-02T00:00:00.000,3.1120080947875977,3.43023943901062
2021-08-03T00:00:00.000,2.846832036972046,3.2653512954711914
2021-08-04T00:00:00.000,2.602992057800293,3.055652618408203
2021-08-05T00:00:00.000,2.337815999984741,2.8145015239715576
2021-08-06T00:00:00.000,2.1488399505615234,2.5890822410583496
2021-08-07T00:00:00.000,1.9781521558761597,2.400869846343994
2021-08-08T00:00:00.000,1.8470879793167114,2.247706890106201
2021-08-09T00:00:00.000,1.6855440139770508,2.1304445266723633
2021-08-10T00:00:00.000,1.6032480001449585,2.0401220321655273
2021-08-11T00:00:00.000,1.557528018951416,1.97050940990448
2021-08-12T00:00:00.000,1.5331439971923828,1.9196211099624634
2021-08-13T00:00:00.000,1.5300960540771484,1.8675142526626587
2021-08-14T00:00:00.000,1.4904719591140747,1.8088738918304443
2021-08-15T00:00:00.000,1.499616026878357,1.7483969926834106
2021-08-16T00:00:00.000,1.6398240327835083,1.6796183586120605
2021-08-17T00:00:00.000,1.648967981338501,1.5930627584457397
2021-08-18T00:00:00.000,1.557528018951416,1.5043717622756958
2021-08-19T00:00:00.000,1.4569439888000488,1.4360347986221313
2021-08-20T00:00:00.000,1.3837920427322388,1.3965104818344116
2021-08-21T00:00:00.000,1.3258800506591797,1.3899286985397339
2021-08-22T00:00:00.000,1.2923519611358643,1.416515588760376
2021-08-23T00:00:00.000,1.2801599502563477,1.4675078392028809
2021-08-24T00:00:00.000,1.328927993774414,1.5198372602462769
2021-08-25T00:00:00.000,1.420367956161499,1.561659812927246
2021-08-26T00:00:00.000,1.4904719591140747,1.6062370538711548
2021-08-27T00:00:00.000,1.7525999546051025,1.6561552286148071
2021-08-28T00:00:00.000,1.783079981803894,1.7422066926956177
2021-08-29T00:00:00.000,2.4384000301361084,1.879827618598938
2021-08-30T00:00:00.000,2.6304240226745605,2.0204262733459473
2021-08-31T00:00:00.000,2.0055840015411377,2.1135470867156982
2021-09-01T00:00:00.000,1.7891759872436523,2.1511361598968506
2021-09-02T00:00:00.000,1.6977360248565674,2.102954149246216
2021-09-03T00:00:00.000,1.6093440055847168,1.9835295677185059
2021-09-04T00:00:00.000,1.5240000486373901,1.8662347793579102
2021-09-05T00:00:00.000,1.478279948234558,1.7768443822860718
2021-09-06T00:00:00.000,1.3685519695281982,1.7243341207504272
2021-09-07T00:00:00.000,1.286255955696106,1.7031787633895874
2021-09-08T00:00:00.000,1.328927993774414,1.6925355195999146
2021-09-09T00:00:00.000,1.3776960372924805,1.689422369003296
2021-09-10T00:00:00.000,1.4752320051193237,1.7074170112609863
2021-09-11T00:00:00.000,1.5941040515899658,1.7527949810028076
2021-09-12T00:00:00.000,1.7038320302963257,1.8191752433776855
2021-09-13T00:00:00.000,1.8409919738769531,1.8941272497177124
2021-09-14T00:00:00.000,1.9446240663528442,1.9771522283554077
2021-09-15T00:00:00.000,2.1640799045562744,2.044412136077881
2021-09-16T00:00:00.000,2.090928077697754,2.080861806869507
2021-09-17T00:00:00.000,1.969007968902588,2.072695732116699
2021-09-18T00:00:00.000,1.7465039491653442,2.0219786167144775
2021-09-19T00:00:00.000,1.6123919486999512,1.9315835237503052
2021-09-20T00:00:00.000,1.481328010559082,1.829458236694336
2021-09-21T00:00:00.000,1.3807439804077148,1.7344094514846802
2021-09-22T00:00:00.000,1.3380719423294067,1.6676889657974243
2021-09-23T00:00:00.000,1.481328010559082,1.6195741891860962
2021-09-24T00:00:00.000,1.344167947769165,1.585705280303955
2021-09-25T00:00:00.000,1.2923519611358643,1.5645999908447266
2021-09-26T00:00:00.000,1.2801599502563477,1.5526303052902222
2021-09-27T00:00:00.000,1.3167359828948975,1.544740080833435
2021-09-28T00:00:00.000,1.3563599586486816,1.5521622896194458
2021-09-29T00:00:00.000,1.4691359996795654,1.5650091171264648
2021-09-30T00:00:00.000,1.4538960456848145,1.5818710327148438
2021-10-01T00:00:00.000,1.4721839427947998,1.5992622375488281
2021-10-02T00:00:00.000,1.5514320135116577,1.6149773597717285
2021-10-03T00:00:00.000,1.5605759620666504,1.6204837560653687
2021-10-04T00:00:00.000,1.591055989265442,1.6149475574493408
2021-10-05T00:00:00.000,1.575816035270691,1.5966932773590088
2021-10-06T00:00:00.000,1.5514320135116577,1.5658340454101562
2021-10-07T00:00:00.000,1.5026639699935913,1.5183823108673096
2021-10-08T00:00:00.000,1.4295120239257812,1.4597063064575195
2021-10-09T00:00:00.000,1.4081759452819824,1.4015532732009888
2021-10-10T00:00:00.000,1.3685519695281982,1.3615792989730835
2021-10-11T00:00:00.000,1.4020800590515137,1.3379461765289307
2021-10-12T00:00:00.000,1.3716000318527222,1.3320351839065552
2021-10-13T00:00:00.000,1.3380719423294067,1.3390889167785645
2021-10-14T00:00:00.000,1.3776960372924805,1.3527545928955078
2021-10-15T00:00:00.000,1.2923519611358643,1.3614511489868164
2021-10-16T00:00:00.000,1.2466319799423218,1.3762142658233643
2021-10-17T00:00:00.000,1.4142719507217407,1.3878097534179688
2021-10-18T00:00:00.000,1.347216010093689,1.3998310565948486
2021-10-19T00:00:00.000,1.36245596408844,1.4167505502700806
2021-10-20T00:00:00.000,1.4904719591140747,1.4286041259765625
2021-10-21T00:00:00.000,1.481328010559082,1.4231423139572144
2021-10-22T00:00:00.000,1.4325599670410156,1.4050571918487549
2021-10-23T00:00:00.000,1.4173200130462646,1.3795477151870728
2021-10-24T00:00:00.000,1.466088056564331,1.3445062637329102
2021-10-25T00:00:00.000,1.4721839427947998,1.302878975868225
2021-10-26T00:00:00.000,1.4417040348052979,1.2638647556304932
2021-10-27T00:00:00.000,1.4478000402450562,1.2420824766159058
2021-10-28T00:00:00.000,1.4721839427947998,1.2220813035964966
2021-10-29T00:00:00.000,1.2192000150680542,1.2044198513031006
2021-10-30T00:00:00.000,1.0881359577178955,1.197555422782898
2021-10-31T00:00:00.000,1.0942319631576538,1.1959470510482788
2021-11-01T00:00:00.000,1.0302239656448364,1.1948686838150024
2021-11-02T00:00:00.000,1.0546079874038696,1.2061543464660645
2021-11-03T00:00:00.000,1.1734799146652222,1.2297947406768799
2021-11-04T00:00:00.000,1.1856719255447388,1.2692720890045166
2021-11-05T00:00:00.000,1.4020800590515137,1.3263254165649414
2021-11-06T00:00:00.000,1.499616026878357,1.3943719863891602
2021-11-07T00:00:00.000,1.4752320051193237,1.467849850654602
2021-11-08T00:00:00.000,1.5697200298309326,1.5460251569747925
2021-11-09T00:00:00.000,1.6794480085372925,1.6212353706359863
2021-11-10T00:00:00.000,1.7952719926834106,1.6986662149429321
2021-11-11T00:00:00.000,1.996440052986145,1.7698616981506348
2021-11-12T00:00:00.000,2.054352045059204,1.8163328170776367
2021-11-13T00:00:00.000,1.996440052986145,1.8286992311477661
2021-11-14T00:00:00.000,1.8958560228347778,1.8049417734146118
2021-11-15T00:00:00.000,1.786128044128418,1.7427512407302856
2021-11-16T00:00:00.000,1.6763999462127686,1.6570854187011719
2021-11-17T00:00:00.000,1.615440011024475,1.5672911405563354
2021-11-18T00:00:00.000,1.572767972946167,1.489741563796997
2021-11-19T00:00:00.000,1.6367759704589844,1.422670841217041
2021-11-20T00:00:00.000,1.5331439971923828,1.3704079389572144
2021-11-21T00:00:00.000,1.478279948234558,1.330610990524292
2021-11-22T00:00:00.000,1.4142719507217407,1.3063952922821045
2021-11-23T00:00:00.000,1.5179040431976318,1.2861766815185547
2021-11-24T00:00:00.000,1.423416018486023,1.276321291923523
2021-11-25T00:00:00.000,1.4447519779205322,1.2735544443130493
2021-11-26T00:00:00.000,1.4691359996795654,1.2738138437271118
2021-11-27T00:00:00.000,1.4142719507217407,1.2698864936828613
2021-11-28T00:00:00.000,1.3685519695281982,1.2671335935592651
2021-11-29T00:00:00.000,1.3075920343399048,1.2643828392028809
2021-11-30T00:00:00.000,1.2923519611358643,1.259128212928772
2021-12-01T00:00:00.000,1.2313920259475708,1.255212664604187
2021-12-02T00:00:00.000,1.2192000150680542,1.2506424188613892
2021-12-03T00:00:00.000,1.1917680501937866,1.2463027238845825
2021-12-04T00:00:00.000,1.2405359745025635,1.2380274534225464
2021-12-05T00:00:00.000,1.2801599502563477,1.2310315370559692
2021-12-06T00:00:00.000,1.3350239992141724,1.2152714729309082
2021-12-07T00:00:00.000,1.3655040264129639,1.1903002262115479
2021-12-08T00:00:00.000,1.3228319883346558,1.1607871055603027
2021-12-09T00:00:00.000,1.3075920343399048,1.12964928150177
2021-12-10T00:00:00.000,1.17957603931427,1.1038638353347778
2021-12-11T00:00:00.000,1.1308079957962036,1.085435390472412
2021-12-12T00:00:00.000,1.0667999982833862,1.0777442455291748
2021-12-13T00:00:00.000,0.9784079194068909,1.0855356454849243
2021-12-14T00:00:00.000,0.944879949092865,1.117557406425476
2021-12-15T00:00:00.000,1.0180319547653198,1.1734000444412231
2021-12-16T00:00:00.000,1.17957603931427,1.2558557987213135
2021-12-17T00:00:00.000,1.2801599502563477,1.3668996095657349
2021-12-18T00:00:00.000,1.4264639616012573,1.4930089712142944
2021-12-19T00:00:00.000,1.5483839511871338,1.6154569387435913
2021-12-20T00:00:00.000,1.6002000570297241,1.7284959554672241
2021-12-21T00:00:00.000,1.6855440139770508,1.8342639207839966
2021-12-22T00:00:00.000,1.7495520114898682,1.9258114099502563
2021-12-23T00:00:00.000,1.7769839763641357,2.007305383682251
2021-12-24T00:00:00.000,1.81660795211792,2.078514575958252
2021-12-25T00:00:00.000,1.8836640119552612,2.1147971153259277
2021-12-26T00:00:00.000,1.8867119550704956,2.1197006702423096
2021-12-27T00:00:00.000,1.8836640119552612,2.104461193084717
2021-12-28T00:00:00.000,1.8836640119552612,2.0775532722473145
2021-12-29T00:00:00.000,1.917191982269287,2.042466640472412
2021-12-30T00:00:00.000,1.8531839847564697,1.996675729751587
2021-12-31T00:00:00.000,1.7495520114898682,1.9667348861694336
2022-01-01T00:00:00.000,1.7525999546051025,1.9430017471313477
2022-01-02T00:00:00.000,1.767840027809143,1.9144253730773926
2022-01-03T00:00:00.000,1.6367759704589844,1.9092299938201904
2022-01-04T00:00:00.000,1.6824959516525269,1.9538748264312744
2022-01-05T00:00:00.000,1.7160240411758423,2.0326502323150635
2022-01-06T00:00:00.000,1.8074640035629272,2.149205207824707
2022-01-07T00:00:00.000,1.9141440391540527,2.3057773113250732
2022-01-08T00:00:00.000,2.060447931289673,2.491098642349243
2022-01-09T00:00:00.000,2.2616159915924072,2.685797929763794
2022-01-10T00:00:00.000,2.520695924758911,2.8747119903564453
2022-01-11T00:00:00.000,2.8346400260925293,3.0534555912017822
2022-01-12T00:00:00.000,2.9809439182281494,3.2258551120758057
2022-01-13T00:00:00.000,3.176016092300415,3.384920358657837
2022-01-14T00:00:00.000,3.3497519493103027,3.5214507579803467
2022-01-15T00:00:00.000,3.541775941848755,3.629026412963867
2022-01-16T00:00:00.000,3.6454079151153564,3.701693058013916
2022-01-17T00:00:00.000,3.749039888381958,3.741811990737915
2022-01-18T00:00:00.000,3.870959997177124,3.7549216747283936
2022-01-19T00:00:00.000,4.002024173736572,3.7513396739959717
2022-01-20T00:00:00.000,4.111752033233643,3.7455475330352783
2022-01-21T00:00:00.000,4.261104106903076,3.74145245552063
2022-01-22T00:00:00.000,4.245863914489746,3.735464572906494
2022-01-23T00:00:00.000,4.194047927856445,3.7221806049346924
2022-01-24T00:00:00.000,4.178808212280273,3.69061017036438
2022-01-25T00:00:00.000,4.187952041625977,3.628993034362793
2022-01-26T00:00:00.000,4.105656147003174,3.5260367393493652
2022-01-27T00:00:00.000,3.925823926925659,3.372495651245117
2022-01-28T00:00:00.000,3.672840118408203,3.1789019107818604
2022-01-29T00:00:00.000,3.45033597946167,2.959306478500366
2022-01-30T00:00:00.000,3.291840076446533,2.742037057876587
2022-01-31T00:00:00.000,3.145535945892334,2.561706781387329
2022-02-01T00:00:00.000,3.151632070541382,2.4187910556793213
2022-02-02T00:00:00.000,3.090672016143799,2.3054230213165283
2022-02-03T00:00:00.000,2.8742640018463135,2.191110849380493
2022-02-04T00:00:00.000,2.7127199172973633,2.0617868900299072
2022-02-05T00:00:00.000,2.502408027648926,1.926496982574463
2022-02-06T00:00:00.000,2.2707600593566895,1.8092172145843506
2022-02-07T00:00:00.000,2.1122639179229736,1.7124072313308716
2022-02-08T00:00:00.000,1.920240044593811,1.6464639902114868
2022-02-09T00:00:00.000,1.8501360416412354,1.6181085109710693
2022-02-10T00:00:00.000,1.7434560060501099,1.626504898071289
2022-02-11T00:00:00.000,1.7312639951705933,1.6745611429214478
2022-02-12T00:00:00.000,1.8257520198822021,1.7719745635986328
2022-02-13T00:00:00.000,1.996440052986145,1.9158791303634644
2022-02-14T00:00:00.000,2.1488399505615234,2.09845232963562
2022-02-15T00:00:00.000,2.368295907974243,2.3142356872558594
2022-02-16T00:00:00.000,2.6304240226745605,2.5486207008361816
2022-02-17T00:00:00.000,2.9199841022491455,2.730668306350708
2022-02-18T00:00:00.000,2.9657039642333984,2.837765693664551
2022-02-19T00:00:00.000,3.0784800052642822,2.8913450241088867
2022-02-20T00:00:00.000,3.017519950866699,2.9142141342163086
2022-02-21T00:00:00.000,3.017519950866699,2.9240739345550537
2022-02-22T00:00:00.000,3.008375883102417,2.947636842727661
2022-02-23T00:00:00.000,2.9047439098358154,2.989830732345581
2022-02-24T00:00:00.000,2.871216058731079,3.0584123134613037
2022-02-25T00:00:00.000,2.947416067123413,3.1594090461730957
2022-02-26T00:00:00.000,3.1333439350128174,3.3028712272644043
2022-02-27T00:00:00.000,3.3558480739593506,3.4791996479034424
2022-02-28T00:00:00.000,3.587496042251587,3.673400640487671
2022-03-01T00:00:00.000,3.9044880867004395,3.8774874210357666
2022-03-02T00:00:00.000,4.069079875946045,4.07541036605835
2022-03-03T00:00:00.000,4.2184319496154785,4.2576446533203125
2022-03-04T00:00:00.000,4.349495887756348,4.420843601226807
2022-03-05T00:00:00.000,4.443984031677246,4.565748691558838
2022-03-06T00:00:00.000,4.544568061828613,4.689589023590088
2022-03-07T00:00:00.000,4.575047969818115,4.795889854431152
2022-03-08T00:00:00.000,4.6146721839904785,4.892365455627441
2022-03-09T00:00:00.000,4.696968078613281,4.975285530090332
2022-03-10T00:00:00.000,4.751832008361816,5.042879581451416
2022-03-11T00:00:00.000,4.8371758460998535,5.098275184631348
2022-03-12T00:00:00.000,4.90118408203125,5.137789726257324
2022-03-13T00:00:00.000,4.904232025146484,5.154826641082764
2022-03-14T00:00:00.000,4.962143898010254,5.149731159210205
2022-03-15T00:00:00.000,5.071872234344482,5.124644756317139
2022-03-16T00:00:00.000,5.108448028564453,5.08322811126709
2022-03-17T00:00:00.000,5.1114959716796875,5.038207054138184
2022-03-18T00:00:00.000,5.178552150726318,4.997905254364014
2022-03-19T00:00:00.000,5.178552150726318,4.966309070587158
2022-03-20T00:00:00.000,5.175504207611084,4.943000316619873
2022-03-21T00:00:00.000,5.169407844543457,4.9296875
2022-03-22T00:00:00.000,5.242559909820557,4.923251628875732
2022-03-23T00:00:00.000,5.199888229370117,4.919760227203369
2022-03-24T00:00:00.000,5.202936172485352,4.916577339172363
2022-03-25T00:00:00.000,5.212080001831055,4.913808822631836
2022-03-26T00:00:00.000,5.154168128967285,4.909091472625732
2022-03-27T00:00:00.000,5.145023822784424,4.901400089263916
2022-03-28T00:00:00.000,5.105400085449219,4.892910957336426
2022-03-29T00:00:00.000,5.105400085449219,4.880473613739014
2022-03-30T00:00:00.000,5.117591857910156,4.865139961242676
2022-03-31T00:00:00.000,5.114543914794922,4.849099159240723
2022-04-01T00:00:00.000,5.059679985046387,4.83397102355957
2022-04-02T00:00:00.000,4.9895758628845215,4.818918228149414
2022-04-03T00:00:00.000,4.934711933135986,4.811255931854248
2022-04-04T00:00:00.000,4.864607810974121,4.814390659332275
2022-04-05T00:00:00.000,4.849368095397949,4.823304176330566
2022-04-06T00:00:00.000,4.81279182434082,4.834918022155762
2022-04-07T00:00:00.000,4.782311916351318,4.84485387802124
2022-04-08T00:00:00.000,4.724400043487549,4.851940155029297
2022-04-09T00:00:00.000,4.626863956451416,4.854226112365723
2022-04-10T00:00:00.000,4.559807777404785,4.850297927856445
2022-04-11T00:00:00.000,4.559807777404785,4.83742618560791
2022-04-12T00:00:00.000,4.5384721755981445,4.823146343231201
2022-04-13T00:00:00.000,4.57809591293335,4.810683727264404
2022-04-14T00:00:00.000,4.5384721755981445,4.800235748291016
2022-04-15T00:00:00.000,4.456175804138184,4.796026229858398
2022-04-16T00:00:00.000,4.428743839263916,4.80392599105835
2022-04-17T00:00:00.000,4.3708319664001465,4.823204517364502
2022-04-18T00:00:00.000,4.3403520584106445,4.851822376251221
2022-04-19T00:00:00.000,4.373879909515381,4.892350673675537
2022-04-20T00:00:00.000,4.41045618057251,4.941694736480713
2022-04-21T00:00:00.000,4.437888145446777,4.995037078857422
2022-04-22T00:00:00.000,4.486656188964844,5.045675277709961
2022-04-23T00:00:00.000,4.541520118713379,5.091462135314941
2022-04-24T00:00:00.000,4.620768070220947,5.120223522186279
2022-04-25T00:00:00.000,4.6847758293151855,5.135297775268555
2022-04-26T00:00:00.000,4.736591815948486,5.137598037719727
2022-04-27T00:00:00.000,4.788407802581787,5.127664566040039
2022-04-28T00:00:00.000,4.788407802581787,5.107511520385742
2022-04-29T00:00:00.000,4.794504165649414,5.08103084564209
2022-04-30T00:00:00.000,4.821936130523682,5.041118621826172
2022-05-01T00:00:00.000,4.782311916351318,4.993592739105225
2022-05-02T00:00:00.000,4.7609758377075195,4.9308295249938965
2022-05-03T00:00:00.000,4.724400043487549,4.854772567749023
2022-05-04T00:00:00.000,4.660391807556152,4.765069961547852
2022-05-05T00:00:00.000,4.581143856048584,4.680291175842285
2022-05-06T00:00:00.000,4.547616004943848,4.6004533767700195
2022-05-07T00:00:00.000,4.443984031677246,4.5408477783203125
2022-05-08T00:00:00.000,4.398263931274414,4.505713939666748
2022-05-09T00:00:00.000,4.367784023284912,4.48675537109375
2022-05-10T00:00:00.000,4.3708319664001465,4.479031085968018
2022-05-11T00:00:00.000,4.358640193939209,4.480227470397949
2022-05-12T00:00:00.000,4.361688137054443,4.497974395751953
2022-05-13T00:00:00.000,4.39521598815918,4.530855655670166
2022-05-14T00:00:00.000,4.43179178237915,4.577885627746582
2022-05-15T00:00:00.000,4.459224224090576,4.6388068199157715
2022-05-16T00:00:00.000,4.489704132080078,4.71636438369751
2022-05-17T00:00:00.000,4.517136096954346,4.799898147583008
2022-05-18T00:00:00.000,4.483607769012451,4.8826985359191895
2022-05-19T00:00:00.000,4.5232319831848145,4.958886623382568
2022-05-20T00:00:00.000,4.559807777404785,5.016541481018066
2022-05-21T00:00:00.000,4.608575820922852,5.051619529724121
2022-05-22T00:00:00.000,4.642104148864746,5.059962749481201
2022-05-23T00:00:00.000,4.742688179016113,5.04732084274292
2022-05-24T00:00:00.000,4.71830415725708,5.018959045410156
2022-05-25T00:00:00.000,4.727447986602783,4.983173370361328
2022-05-26T00:00:00.000,4.730495929718018,4.943282604217529
2022-05-27T00:00:00.000,4.617720127105713,4.904403209686279
2022-05-28T00:00:00.000,4.526279926300049,4.865137577056885
2022-05-29T00:00:00.000,4.43179178237915,4.832982540130615
2022-05-30T00:00:00.000,4.331208229064941,4.8220696449279785
2022-05-31T00:00:00.000,4.291584014892578,4.828924179077148
2022-06-01T00:00:00.000,4.227575778961182,4.8478803634643555
2022-06-02T00:00:00.000,4.175759792327881,4.873080730438232
2022-06-03T00:00:00.000,4.1422319412231445,4.899173736572266
2022-06-04T00:00:00.000,4.111752033233643,4.916923999786377
2022-06-05T00:00:00.000,4.069079875946045,4.928817272186279
2022-06-06T00:00:00.000,4.038599967956543,4.93476676940918
2022-06-07T00:00:00.000,4.011168003082275,4.933740139007568
2022-06-08T00:00:00.000,3.986783981323242,4.9170966148376465
2022-06-09T00:00:00.000,3.9898319244384766,4.883682727813721
2022-06-10T00:00:00.000,3.998975992202759,4.836790561676025
2022-06-11T00:00:00.000,4.002024173736572,4.780094623565674
2022-06-12T00:00:00.000,3.986783981323242,4.719385147094727
2022-06-13T00:00:00.000,3.9532558917999268,4.662407875061035
2022-06-14T00:00:00.000,3.8983919620513916,4.612070560455322
2022-06-15T00:00:00.000,3.8892478942871094,4.567196846008301
2022-06-16T00:00:00.000,3.8801040649414062,4.526722431182861
2022-06-17T00:00:00.000,3.8526721000671387,4.481806755065918
2022-06-18T00:00:00.000,3.8282880783081055,4.4312028884887695
2022-06-19T00:00:00.000,3.816096067428589,4.371429443359375
2022-06-20T00:00:00.000,3.7825679779052734,4.2936930656433105
2022-06-21T00:00:00.000,3.7124640941619873,4.186429977416992
2022-06-22T00:00:00.000,3.6088318824768066,4.048534393310547
2022-06-23T00:00:00.000,3.4625279903411865,3.876399517059326
2022-06-24T00:00:00.000,3.30403208732605,3.6671102046966553
2022-06-25T00:00:00.000,3.0876240730285645,3.435925006866455
2022-06-26T00:00:00.000,2.9260799884796143,3.192135810852051
2022-06-27T00:00:00.000,2.7157680988311768,2.943950891494751
2022-06-28T00:00:00.000,2.5389840602874756,2.697240114212036
2022-06-29T00:00:00.000,2.3865840435028076,2.4598300457000732
2022-06-30T00:00:00.000,2.215895891189575,2.2390353679656982
2022-07-01T00:00:00.000,2.1092159748077393,2.0456347465515137
2022-07-02T00:00:00.000,1.9598641395568848,1.8837242126464844
2022-07-03T00:00:00.000,1.8714720010757446,1.7558943033218384
2022-07-04T00:00:00.000,1.7556480169296265,1.6610084772109985
2022-07-05T00:00:00.000,1.6642080545425415,1.5928623676300049
2022-07-06T00:00:00.000,1.5849599838256836,1.5404454469680786
2022-07-07T00:00:00.000,1.499616026878357,1.5004873275756836
2022-07-08T00:00:00.000,1.5087599754333496,1.4660741090774536
2022-07-09T00:00:00.000,1.4508479833602905,1.4332468509674072
2022-07-10T00:00:00.000,1.4081759452819824,1.3945115804672241
2022-07-11T00:00:00.000,1.3655040264129639,1.3585623502731323
2022-07-12T00:00:00.000,1.3350239992141724,1.3239235877990723
2022-07-13T00:00:00.000,1.2496800422668457,1.2919206619262695
2022-07-14T00:00:00.000,1.0881359577178955,1.2734016180038452
2022-07-15T00:00:00.000,1.0271761417388916,1.269569754600525
2022-07-16T00:00:00.000,0.9966959357261658,1.2819912433624268
2022-07-17T00:00:00.000,1.0820399522781372,1.3123295307159424
2022-07-18T00:00:00.000,1.1551920175552368,1.3560799360275269
2022-07-19T00:00:00.000,1.2100560665130615,1.4010242223739624
2022-07-20T00:00:00.000,1.2618720531463623,1.4416279792785645
2022-07-21T00:00:00.000,1.3045439720153809,1.461983561515808
2022-07-22T00:00:00.000,1.3045439720153809,1.4535759687423706
2022-07-23T00:00:00.000,1.3106399774551392,1.4259462356567383
2022-07-24T00:00:00.000,1.3075920343399048,1.384665608406067
2022-07-25T00:00:00.000,1.3228319883346558,1.3851841688156128
2022-07-26T00:00:00.000,1.3045439720153809,1.4130587577819824
2022-07-27T00:00:00.000,1.271016001701355,1.478105902671814
2022-07-28T00:00:00.000,1.25272798538208,1.5637738704681396
2022-07-29T00:00:00.000,1.2161519527435303,1.6609375476837158
2022-07-30T00:00:00.000,1.1643359661102295,1.7277919054031372
2022-07-31T00:00:00.000,1.2009119987487793,1.7530951499938965
2022-08-01T00:00:00.000,1.1826239824295044,1.7150275707244873
2022-08-02T00:00:00.000,1.2039599418640137,1.6503151655197144
2022-08-03T00:00:00.000,1.25272798538208,1.620590090751648
2022-08-04T00:00:00.000,1.3746479749679565,1.639794111251831
2022-08-05T00:00:00.000,1.4935200214385986,1.7062641382217407
2022-08-06T00:00:00.000,1.6002000570297241,1.8177108764648438
2022-08-07T00:00:00.000,1.6794480085372925,1.9382038116455078
2022-08-08T00:00:00.000,1.6977360248565674,2.037112236022949
2022-08-09T00:00:00.000,1.7343120574951172,2.1007025241851807
2022-08-10T00:00:00.000,1.7343120574951172,2.1186306476593018
2022-08-11T00:00:00.000,1.6977360248565674,2.0950725078582764
2022-08-12T00:00:00.000,1.6581120491027832,2.0498454570770264
2022-08-13T00:00:00.000,1.6062959432601929,1.9983875751495361
2022-08-14T00:00:00.000,1.5819120407104492,1.9557421207427979
2022-08-15T00:00:00.000,1.5666719675064087,1.9258296489715576
2022-08-16T00:00:00.000,1.514855980873108,1.9027132987976074
2022-08-17T00:00:00.000,1.5087599754333496,1.886047601699829
2022-08-18T00:00:00.000,1.4538960456848145,1.8737735748291016
2022-08-19T00:00:00.000,1.5057120323181152,1.8607394695281982
2022-08-20T00:00:00.000,1.557528018951416,1.8582513332366943
2022-08-21T00:00:00.000,1.5514320135116577,1.8553959131240845
2022-08-22T00:00:00.000,1.5057120323181152,1.8474762439727783
2022-08-23T00:00:00.000,1.4630399942398071,1.8456220626831055
2022-08-24T00:00:00.000,1.5422879457473755,1.8445285558700562
2022-08-25T00:00:00.000,1.6123919486999512,1.8342483043670654
2022-08-26T00:00:00.000,1.6733520030975342,1.815050721168518
2022-08-27T00:00:00.000,1.6672559976577759,1.784585952758789
2022-08-28T00:00:00.000,1.652016043663025,1.7206848859786987
2022-08-29T00:00:00.000,1.5880080461502075,1.6434202194213867
2022-08-30T00:00:00.000,1.5636240243911743,1.5629148483276367
2022-08-31T00:00:00.000,1.5636240243911743,1.492650032043457
2022-09-01T00:00:00.000,1.5605759620666504,1.439095377922058
2022-09-02T00:00:00.000,1.5666719675064087,1.4097025394439697
2022-09-03T00:00:00.000,1.5331439971923828,1.3950477838516235
2022-09-04T00:00:00.000,1.4935200214385986,1.384057641029358
2022-09-05T00:00:00.000,1.4538960456848145,1.3621151447296143
2022-09-06T00:00:00.000,1.3776960372924805,1.326872706413269
2022-09-07T00:00:00.000,1.25272798538208,1.284110188484192
2022-09-08T00:00:00.000,1.17957603931427,1.2411876916885376
2022-09-09T00:00:00.000,1.1612879037857056,1.2056448459625244
2022-09-10T00:00:00.000,1.1582398414611816,1.180031418800354
2022-09-11T00:00:00.000,1.1338560581207275,1.1614686250686646
2022-09-12T00:00:00.000,1.1399519443511963,1.1470712423324585
2022-09-13T00:00:00.000,1.2435840368270874,1.132199764251709
2022-09-14T00:00:00.000,1.2832080125808716,1.1177561283111572
2022-09-15T00:00:00.000,1.331976056098938,1.108694314956665
2022-09-16T00:00:00.000,1.3563599586486816,1.1071100234985352
2022-09-17T00:00:00.000,1.4325599670410156,1.1015702486038208
2022-09-18T00:00:00.000,1.328927993774414,1.088382601737976
2022-09-19T00:00:00.000,1.2679680585861206,1.06413996219635
2022-09-20T00:00:00.000,1.2100560665130615,1.0320104360580444
2022-09-21T00:00:00.000,1.146047830581665,0.9958847165107727
2022-09-22T00:00:00.000,1.0820399522781372,0.9654001593589783
2022-09-23T00:00:00.000,0.9997439980506897,0.9451256394386292
2022-09-24T00:00:00.000,0.9753598570823669,0.9360671639442444
2022-09-25T00:00:00.000,1.0027921199798584,0.9341699481010437
2022-09-26T00:00:00.000,1.0088880062103271,0.9401741623878479
2022-09-27T00:00:00.000,1.1704318523406982,0.953831136226654
2022-09-28T00:00:00.000,1.3746479749679565,0.9632315039634705
2022-09-29T00:00:00.000,1.271016001701355,0.9591291546821594
2022-09-30T00:00:00.000,0.9845039248466492,0.9494038224220276
2022-10-01T00:00:00.000,0.9875519871711731,0.9290763735771179
2022-10-02T00:00:00.000,0.9936479926109314,0.9013573527336121
2022-10-03T00:00:00.000,1.0088880062103271,0.8756348490715027
2022-10-04T00:00:00.000,0.9570719599723816,0.8598355650901794
2022-10-05T00:00:00.000,0.9753598570823669,0.8456286787986755
2022-10-06T00:00:00.000,0.8930639624595642,0.8342203497886658
2022-10-07T00:00:00.000,0.838200032711029,0.8225404620170593
2022-10-08T00:00:00.000,0.7802879214286804,0.8140074610710144
2022-10-09T00:00:00.000,0.8717278838157654,0.8065194487571716
2022-10-10T00:00:00.000,0.8717278838157654,0.8056699633598328
2022-10-11T00:00:00.000,0.9601200222969055,0.8105074763298035
2022-10-12T00:00:00.000,0.9540238976478577,0.8217920660972595
2022-10-13T00:00:00.000,1.0058399438858032,0.8360061049461365
2022-10-14T00:00:00.000,1.0942319631576538,0.8489481806755066
2022-10-15T00:00:00.000,1.042415976524353,0.855895459651947
2022-10-16T00:00:00.000,1.0088880062103271,0.8595892786979675
2022-10-17T00:00:00.000,1.045464038848877,0.8600882887840271
2022-10-18T00:00:00.000,1.1064239740371704,0.8534080386161804
2022-10-19T00:00:00.000,0.9997439980506897,0.8408812880516052
2022-10-20T00:00:00.000,0.7559038996696472,0.8286518454551697
2022-10-21T00:00:00.000,0.7284719347953796,0.8159570097923279
2022-10-22T00:00:00.000,0.6797038912773132,0.8049058318138123
2022-10-23T00:00:00.000,0.7071358561515808,0.8000645041465759
2022-10-24T00:00:00.000,0.7741920351982117,0.8084396719932556
2022-10-25T00:00:00.000,0.8991599678993225,0.8186325430870056
2022-10-26T00:00:00.000,0.8503920435905457,0.8328296542167664
2022-10-27T00:00:00.000,0.9631678462028503,0.8474411368370056
2022-10-28T00:00:00.000,0.9418321251869202,0.8656119704246521
2022-10-29T00:00:00.000,1.1094720363616943,0.8793287873268127
2022-10-30T00:00:00.000,1.0515599250793457,0.8951852917671204
2022-10-31T00:00:00.000,1.1125200986862183,0.9057207703590393
2022-11-01T00:00:00.000,1.0637519359588623,0.9104170203208923
2022-11-02T00:00:00.000,0.944879949092865,0.9062945246696472
2022-11-03T00:00:00.000,0.8839200139045715,0.9020060896873474
2022-11-04T00:00:00.000,0.8564879298210144,0.9034692645072937
2022-11-05T00:00:00.000,0.9235439896583557,0.9080457091331482
2022-11-06T00:00:00.000,0.8839200139045715,0.9146965146064758
2022-11-07T00:00:00.000,0.7894319891929626,0.9241959452629089
2022-11-08T00:00:00.000,0.7863840460777283,0.9359158873558044
2022-11-09T00:00:00.000,0.8778238892555237,0.9468203186988831
2022-11-10T00:00:00.000,1.0607038736343384,0.9497032761573792
2022-11-11T00:00:00.000,0.9357360005378723,0.9428029656410217
2022-11-12T00:00:00.000,0.9418321251869202,0.9319465756416321
2022-11-13T00:00:00.000,1.011936068534851,0.9198519587516785
2022-11-14T00:00:00.000,1.0485118627548218,0.9113143086433411
2022-11-15T00:00:00.000,1.2039599418640137,0.9063683152198792
2022-11-16T00:00:00.000,0.9662159085273743,0.9074499011039734
2022-11-17T00:00:00.000,0.914400041103363,0.9014574885368347
2022-11-18T00:00:00.000,0.807719886302948,0.8876612782478333
2022-11-19T00:00:00.000,0.8107680678367615,0.8691591620445251
2022-11-20T00:00:00.000,0.8747760653495789,0.8608278632164001
2022-11-21T00:00:00.000,0.8412479758262634,0.8653966784477234
2022-11-22T00:00:00.000,0.7894319891929626,0.8902557492256165
2022-11-23T00:00:00.000,0.9022080302238464,0.93158358335495
2022-11-24T00:00:00.000,0.9814559817314148,0.9831194281578064
2022-11-25T00:00:00.000,1.1582398414611816,1.036790370941162
2022-11-26T00:00:00.000,1.2039599418640137,1.0903018712997437
2022-11-27T00:00:00.000,1.255776047706604,1.127000093460083
2022-11-28T00:00:00.000,1.2466319799423218,1.142963171005249
2022-11-29T00:00:00.000,1.271016001701355,1.1407461166381836
2022-11-30T00:00:00.000,1.2618720531463623,1.1324021816253662
2022-12-01T00:00:00.000,1.3929359912872314,1.1059987545013428
2022-12-02T00:00:00.000,1.1277601718902588,1.0785049200057983
2022-12-03T00:00:00.000,1.0637519359588623,1.0501664876937866
2022-12-04T00:00:00.000,0.9540238976478577,1.02336847782135
2022-12-05T00:00:00.000,0.9631678462028503,0.99857097864151
2022-12-06T00:00:00.000,0.9784079194068909,0.9870172142982483
2022-12-07T00:00:00.000,0.9387838244438171,0.9859866499900818
2022-12-08T00:00:00.000,0.9296401143074036,0.9998220801353455
2022-12-09T00:00:00.000,0.9875519871711731,1.0226104259490967
2022-12-10T00:00:00.000,1.011936068534851,1.0591795444488525
2022-12-11T00:00:00.000,1.1369041204452515,1.1058132648468018
2022-12-12T00:00:00.000,1.2344399690628052,1.1634639501571655
2022-12-13T00:00:00.000,1.3807439804077148,1.2662866115570068
2022-12-14T00:00:00.000,1.5361920595169067,1.4068022966384888
2022-12-15T00:00:00.000,1.6581120491027832,1.555853247642517
2022-12-16T00:00:00.000,1.8135600090026855,1.7060285806655884
2022-12-17T00:00:00.000,1.801367998123169,1.8527977466583252
2022-12-18T00:00:00.000,1.8531839847564697,1.9555480480194092
2022-12-19T00:00:00.000,1.920240044593811,2.047560453414917
2022-12-20T00:00:00.000,2.2494239807128906,2.1324622631073
2022-12-21T00:00:00.000,2.237231969833374,2.204400062561035
2022-12-22T00:00:00.000,2.2098000049591064,2.2589871883392334
2022-12-23T00:00:00.000,2.221992015838623,2.2971577644348145
2022-12-24T00:00:00.000,2.1488399505615234,2.3004729747772217
2022-12-25T00:00:00.000,2.1488399505615234,2.2915101051330566
2022-12-26T00:00:00.000,2.121407985687256,2.28303861618042
2022-12-27T00:00:00.000,2.1275041103363037,2.2708871364593506
2022-12-28T00:00:00.000,2.054352045059204,2.246628999710083
2022-12-29T00:00:00.000,1.9598641395568848,2.2087748050689697
2022-12-30T00:00:00.000,1.8501360416412354,2.160130500793457
2022-12-31T00:00:00.000,1.8287999629974365,2.0860486030578613
2023-01-01T00:00:00.000,1.6581120491027832,1.9974924325942993
2023-01-02T00:00:00.000,1.6672559976577759,1.9278067350387573
2023-01-03T00:00:00.000,1.7038320302963257,1.8598668575286865
2023-01-04T00:00:00.000,1.7312639951705933,1.7877724170684814
2023-01-05T00:00:00.000,1.6703039407730103,1.7415622472763062
2023-01-06T00:00:00.000,1.6367759704589844,1.7347134351730347
2023-01-07T00:00:00.000,1.7525999546051025,1.7602635622024536
2023-01-08T00:00:00.000,1.8409919738769531,1.8330132961273193
2023-01-09T00:00:00.000,1.9110959768295288,1.950835943222046
2023-01-10T00:00:00.000,1.9781521558761597,2.104857921600342
2023-01-11T00:00:00.000,2.0878798961639404,2.275651454925537
2023-01-12T00:00:00.000,2.267712116241455,2.4388465881347656
2023-01-13T00:00:00.000,2.444495916366577,2.577091932296753
2023-01-14T00:00:00.000,2.6060400009155273,2.697584629058838
2023-01-15T00:00:00.000,2.7614879608154297,2.8090898990631104
2023-01-16T00:00:00.000,2.9352240562438965,2.9052844047546387
2023-01-17T00:00:00.000,3.008375883102417,2.9760663509368896
2023-01-18T00:00:00.000,2.9870400428771973,3.0099315643310547
2023-01-19T00:00:00.000,2.8651199340820312,2.9926724433898926
2023-01-20T00:00:00.000,2.709671974182129,2.926502227783203
2023-01-21T00:00:00.000,2.633471965789795,2.8413445949554443
2023-01-22T00:00:00.000,2.6151840686798096,2.763674020767212
2023-01-23T00:00:00.000,2.5085039138793945,2.7008895874023438
2023-01-24T00:00:00.000,2.4536399841308594,2.699946641921997
2023-01-25T00:00:00.000,2.5328879356384277,2.7318875789642334
2023-01-26T00:00:00.000,2.5450799465179443,2.769352436065674
2023-01-27T00:00:00.000,2.5603199005126953,2.8165998458862305
2023-01-28T00:00:00.000,2.657855987548828,2.882807970046997
2023-01-29T00:00:00.000,2.8224480152130127,2.9649128913879395
2023-01-30T00:00:00.000,3.014472007751465,3.063244342803955
2023-01-31T00:00:00.000,3.1394400596618652,3.168264150619507
2023-02-01T00:00:00.000,3.23088002204895,3.278559923171997
2023-02-02T00:00:00.000,3.358896017074585,3.3962433338165283
2023-02-03T00:00:00.000,3.5021519660949707,3.5045008659362793
2023-02-04T00:00:00.000,3.6393120288848877,3.60066819190979
2023-02-05T00:00:00.000,3.6667439937591553,3.685096502304077
2023-02-06T00:00:00.000,3.7216079235076904,3.753727912902832
2023-02-07T00:00:00.000,3.770375967025757,3.792794942855835
2023-02-08T00:00:00.000,3.7764720916748047,3.810452699661255
2023-02-09T00:00:00.000,3.7886641025543213,3.808349847793579
2023-02-10T00:00:00.000,3.755136013031006,3.7902169227600098
2023-02-11T00:00:00.000,3.718559980392456,3.768667221069336
2023-02-12T00:00:00.000,3.5600640773773193,3.775049924850464
2023-02-13T00:00:00.000,3.5692079067230225,3.8099756240844727
2023-02-14T00:00:00.000,3.6057839393615723,3.8725876808166504
2023-02-15T00:00:00.000,3.724656105041504,3.9492881298065186
2023-02-16T00:00:00.000,3.785615921020508,4.039281845092773
2023-02-17T00:00:00.000,3.834383964538574,4.122397422790527
2023-02-18T00:00:00.000,3.886199951171875,4.185348987579346
2023-02-19T00:00:00.000,3.7612318992614746,4.229097843170166
2023-02-20T00:00:00.000,3.709415912628174,4.252775192260742
2023-02-21T00:00:00.000,3.6606481075286865,4.2582879066467285
2023-02-22T00:00:00.000,3.6088318824768066,4.25813627243042
2023-02-23T00:00:00.000,3.5935919284820557,4.261821746826172
2023-02-24T00:00:00.000,3.541775941848755,4.2769389152526855
2023-02-25T00:00:00.000,3.5387279987335205,4.30587100982666
2023-02-26T00:00:00.000,3.5753040313720703,4.350545883178711
2023-02-27T00:00:00.000,3.663696050643921,4.411174297332764
2023-02-28T00:00:00.000,3.8039040565490723,4.479549884796143
2023-03-01T00:00:00.000,3.9044880867004395,4.549438953399658
2023-03-02T00:00:00.000,3.971544027328491,4.608774662017822
2023-03-03T00:00:00.000,4.145279884338379,4.647943019866943
2023-03-04T00:00:00.000,4.12394380569458,4.671711444854736
2023-03-05T00:00:00.000,4.15442419052124,4.678828716278076
2023-03-06T00:00:00.000,4.194047927856445,4.677890777587891
2023-03-07T00:00:00.000,4.21233606338501,4.692189693450928
2023-03-08T00:00:00.000,4.245863914489746,4.729933261871338
2023-03-09T00:00:00.000,4.306824207305908,4.788250923156738
2023-03-10T00:00:00.000,4.37997579574585,4.861211776733398
2023-03-11T00:00:00.000,4.428743839263916,4.943768501281738
2023-03-12T00:00:00.000,4.498847961425781,5.031215190887451
2023-03-13T00:00:00.000,4.581143856048584,5.124399662017822
2023-03-14T00:00:00.000,4.700016021728516,5.224104881286621
2023-03-15T00:00:00.000,4.7609758377075195,5.329353332519531
2023-03-16T00:00:00.000,4.815839767456055,5.432841777801514
2023-03-17T00:00:00.000,4.937759876251221,5.526026248931885
2023-03-18T00:00:00.000,5.1419758796691895,5.600503444671631
2023-03-19T00:00:00.000,5.196839809417725,5.650920391082764
2023-03-20T00:00:00.000,5.190743923187256,5.674229621887207
2023-03-21T00:00:00.000,5.160264015197754,5.6698899269104
2023-03-22T00:00:00.000,5.123688220977783,5.639155387878418
2023-03-23T00:00:00.000,5.041391849517822,5.579909324645996
2023-03-24T00:00:00.000,4.9438557624816895,5.4921979904174805
2023-03-25T00:00:00.000,4.81279182434082,5.3712992668151855
2023-03-26T00:00:00.000,4.660391807556152,5.228255748748779
2023-03-27T00:00:00.000,4.4927520751953125,5.08015775680542
2023-03-28T00:00:00.000,4.334256172180176,4.960973262786865
2023-03-29T00:00:00.000,4.267199993133545,4.884225368499756
2023-03-30T00:00:00.000,4.282440185546875,4.846948623657227
2023-03-31T00:00:00.000,4.309872150421143,4.838827610015869
2023-04-01T00:00:00.000,4.343400001525879,4.857570171356201
2023-04-02T00:00:00.000,4.373879909515381,4.899875164031982
2023-04-03T00:00:00.000,4.456175804138184,4.959414482116699
2023-04-04T00:00:00.000,4.5384721755981445,5.033451080322266
2023-04-05T00:00:00.000,4.636007785797119,5.12290096282959
2023-04-06T00:00:00.000,4.654295921325684,5.224426746368408
2023-04-07T00:00:00.000,4.712207794189453,5.328707218170166
2023-04-08T00:00:00.000,4.821936130523682,5.433633804321289
2023-04-09T00:00:00.000,4.907279968261719,5.539189338684082
2023-04-10T00:00:00.000,4.934711933135986,5.647043228149414
2023-04-11T00:00:00.000,5.032248020172119,5.756106853485107
2023-04-12T00:00:00.000,5.041391849517822,5.859873294830322
2023-04-13T00:00:00.000,5.190743923187256,5.947345733642578
2023-04-14T00:00:00.000,5.050536155700684,6.011683940887451
2023-04-15T00:00:00.000,5.0352959632873535,6.050893306732178
2023-04-16T00:00:00.000,5.044439792633057,6.063893795013428
2023-04-17T00:00:00.000,4.937759876251221,6.052091598510742
2023-04-18T00:00:00.000,4.864607810974121,6.019588470458984
2023-04-19T00:00:00.000,4.764023780822754,5.969757080078125
2023-04-20T00:00:00.000,4.642104148864746,5.902619361877441
2023-04-21T00:00:00.000,4.495800018310547,5.8171916007995605
2023-04-22T00:00:00.000,4.3403520584106445,5.7150678634643555
2023-04-23T00:00:00.000,4.2184319496154785,5.5990424156188965
2023-04-24T00:00:00.000,4.105656147003174,5.471977710723877
2023-04-25T00:00:00.000,3.9745919704437256,5.336826801300049
2023-04-26T00:00:00.000,3.809999942779541,5.199925899505615
2023-04-27T00:00:00.000,3.6850318908691406,5.064515590667725
2023-04-28T00:00:00.000,3.535680055618286,4.93234920501709
2023-04-29T00:00:00.000,3.4168078899383545,4.8060455322265625
2023-04-30T00:00:00.000,3.30403208732605,4.6883440017700195
2023-05-01T00:00:00.000,3.185159921646118,4.577136993408203
2023-05-02T00:00:00.000,3.0632400512695312,4.469484806060791
2023-05-03T00:00:00.000,2.9900879859924316,4.366919994354248
2023-05-04T00:00:00.000,2.938271999359131,4.265817165374756
2023-05-05T00:00:00.000,2.831592082977295,4.166751384735107
2023-05-06T00:00:00.000,2.7523438930511475,4.072384357452393
2023-05-07T00:00:00.000,2.7157680988311768,3.9833874702453613
2023-05-08T00:00:00.000,2.6670000553131104,3.894564390182495
2023-05-09T00:00:00.000,2.6212799549102783,3.8051719665527344
2023-05-10T00:00:00.000,2.612135887145996,3.7254629135131836
2023-05-11T00:00:00.000,2.648711919784546,3.6558642387390137
2023-05-12T00:00:00.000,2.718816041946411,3.607154369354248
2023-05-13T00:00:00.000,2.8224480152130127,3.570281744003296
2023-05-14T00:00:00.000,2.8986480236053467,3.540957450866699
2023-05-15T00:00:00.000,2.999232053756714,3.5070385932922363
2023-05-16T00:00:00.000,3.115056037902832,3.468518018722534
2023-05-17T00:00:00.000,3.221735954284668,3.431091070175171
2023-05-18T00:00:00.000,3.2887918949127197,3.416630268096924
2023-05-19T00:00:00.000,3.30403208732605,3.4279000759124756
2023-05-20T00:00:00.000,3.319272041320801,3.4586942195892334
2023-05-21T00:00:00.000,3.3101279735565186,3.4970710277557373
2023-05-22T00:00:00.000,3.313175916671753,3.539710760116577
2023-05-23T00:00:00.000,3.337559938430786,3.5823216438293457
2023-05-24T00:00:00.000,3.3345119953155518,3.624248504638672
2023-05-25T00:00:00.000,3.398519992828369,3.664113998413086
2023-05-26T00:00:00.000,3.380232095718384,3.6857857704162598
2023-05-27T00:00:00.000,3.30403208732605,3.6907455921173096
2023-05-28T00:00:00.000,3.252216100692749,3.6723568439483643
2023-05-29T00:00:00.000,3.108959913253784,3.6172564029693604
2023-05-30T00:00:00.000,2.9961841106414795,3.5183842182159424
2023-05-31T00:00:00.000,2.862071990966797,3.389880418777466
2023-06-01T00:00:00.000,2.7218639850616455,3.232451915740967
2023-06-02T00:00:00.000,2.602992057800293,3.0482068061828613
2023-06-03T00:00:00.000,2.389631986618042,2.8512792587280273
2023-06-04T00:00:00.000,2.151887893676758,2.6731436252593994
2023-06-05T00:00:00.000,1.9720561504364014,2.5275044441223145
2023-06-06T00:00:00.000,1.8074640035629272,2.4158759117126465
2023-06-07T00:00:00.000,1.70687997341156,2.3440206050872803
2023-06-08T00:00:00.000,1.652016043663025,2.30509877204895
2023-06-09T00:00:00.000,1.5849599838256836,2.2746987342834473
2023-06-10T00:00:00.000,1.5300960540771484,2.2471559047698975
2023-06-11T00:00:00.000,1.4904719591140747,2.204854726791382
2023-06-12T00:00:00.000,1.4417040348052979,2.151538372039795
2023-06-13T00:00:00.000,1.4173200130462646,2.087669849395752
2023-06-14T00:00:00.000,1.3837920427322388,2.0144009590148926
2023-06-15T00:00:00.000,1.347216010093689,1.930765986442566
2023-06-16T00:00:00.000,1.2832080125808716,1.84344482421875
2023-06-17T00:00:00.000,1.2009119987487793,1.7490314245224
2023-06-18T00:00:00.000,1.1277601718902588,1.653771996498108
2023-06-19T00:00:00.000,1.1399519443511963,1.564186692237854
2023-06-20T00:00:00.000,1.1003280878067017,1.4842023849487305
2023-06-21T00:00:00.000,1.0607038736343384,1.4237130880355835
2023-06-22T00:00:00.000,1.0210800170898438,1.379643440246582
2023-06-23T00:00:00.000,0.9966959357261658,1.3468554019927979
2023-06-24T00:00:00.000,0.9418321251869202,1.3244446516036987
2023-06-25T00:00:00.000,0.9662159085273743,1.3045443296432495
2023-06-26T00:00:00.000,0.9845039248466492,1.2766995429992676
2023-06-27T00:00:00.000,0.9875519871711731,1.2434731721878052
2023-06-28T00:00:00.000,1.0027921199798584,1.212066411972046
2023-06-29T00:00:00.000,1.0058399438858032,1.1852015256881714
2023-06-30T00:00:00.000,1.0363198518753052,1.1716341972351074
2023-07-01T00:00:00.000,0.9784079194068909,1.1684584617614746
2023-07-02T00:00:00.000,0.9296401143074036,1.168394923210144
2023-07-03T00:00:00.000,0.8869679570198059,1.1688541173934937
2023-07-04T00:00:00.000,0.8107680678367615,1.1716759204864502
2023-07-05T00:00:00.000,0.7406639456748962,1.1753520965576172
2023-07-06T00:00:00.000,0.7620000243186951,1.1845074892044067
2023-07-07T00:00:00.000,0.7741920351982117,1.2091277837753296
2023-07-08T00:00:00.000,0.8564879298210144,1.2521620988845825
2023-07-09T00:00:00.000,0.914400041103363,1.308297038078308
2023-07-10T00:00:00.000,1.011936068534851,1.3745347261428833
2023-07-11T00:00:00.000,1.0607038736343384,1.449941635131836
2023-07-12T00:00:00.000,1.1277601718902588,1.5299525260925293
2023-07-13T00:00:00.000,1.1826239824295044,1.611973762512207
2023-07-14T00:00:00.000,1.1734799146652222,1.692855715751648
2023-07-15T00:00:00.000,1.1673840284347534,1.7620784044265747
2023-07-16T00:00:00.000,1.1247121095657349,1.8174360990524292
2023-07-17T00:00:00.000,1.146047830581665,1.8566570281982422
2023-07-18T00:00:00.000,1.1308079957962036,1.866175651550293
2023-07-19T00:00:00.000,1.1125200986862183,1.8380730152130127
2023-07-20T00:00:00.000,1.0942319631576538,1.7799841165542603
2023-07-21T00:00:00.000,1.1125200986862183,1.7025091648101807
2023-07-22T00:00:00.000,1.0881359577178955,1.619719386100769
2023-07-23T00:00:00.000,1.1064239740371704,1.5485328435897827
2023-07-24T00:00:00.000,1.103376030921936,1.4986655712127686
2023-07-25T00:00:00.000,1.0942319631576538,1.4753144979476929
2023-07-26T00:00:00.000,1.1338560581207275,1.4762994050979614
2023-07-27T00:00:00.000,1.237488031387329,1.4905939102172852
2023-07-28T00:00:00.000,1.2588239908218384,1.5079602003097534
2023-07-29T00:00:00.000,1.2893040180206299,1.5146650075912476
2023-07-30T00:00:00.000,1.2344399690628052,1.506714105606079
2023-07-31T00:00:00.000,1.2161519527435303,1.482033371925354
2023-08-01T00:00:00.000,1.0850880146026611,1.445332407951355
2023-08-02T00:00:00.000,1.0058399438858032,1.404213547706604
2023-08-03T00:00:00.000,0.944879949092865,1.3616833686828613
2023-08-04T00:00:00.000,0.8839200139045715,1.322434425354004
2023-08-05T00:00:00.000,0.914400041103363,1.285375952720642
2023-08-06T00:00:00.000,0.9083039164543152,1.2554540634155273
2023-08-07T00:00:00.000,0.944879949092865,1.2324857711791992
2023-08-08T00:00:00.000,0.9905999302864075,1.219341516494751
2023-08-09T00:00:00.000,1.0088880062103271,1.21670401096344
2023-08-10T00:00:00.000,0.9997439980506897,1.2270288467407227
2023-08-11T00:00:00.000,0.9966959357261658,1.2448792457580566
2023-08-12T00:00:00.000,0.9936479926109314,1.2693426609039307
2023-08-13T00:00:00.000,1.0180319547653198,1.3004251718521118
2023-08-14T00:00:00.000,1.0637519359588623,1.336965560913086
2023-08-15T00:00:00.000,1.0911840200424194,1.3741861581802368
2023-08-16T00:00:00.000,1.1369041204452515,1.410461187362671
2023-08-17T00:00:00.000,1.1917680501937866,1.4386075735092163
2023-08-18T00:00:00.000,1.1704318523406982,1.4580705165863037
2023-08-19T00:00:00.000,1.1734799146652222,1.465918779373169
2023-08-20T00:00:00.000,1.197864055633545,1.4700942039489746
2023-08-21T00:00:00.000,1.2923519611358643,1.4750689268112183
2023-08-22T00:00:00.000,1.4478000402450562,1.475512981414795
2023-08-23T00:00:00.000,1.3655040264129639,1.4740183353424072
2023-08-24T00:00:00.000,1.405128002166748,1.4689826965332031
2023-08-25T00:00:00.000,1.4691359996795654,1.4538382291793823
2023-08-26T00:00:00.000,1.4508479833602905,1.4255845546722412
2023-08-27T00:00:00.000,1.423416018486023,1.3941693305969238
2023-08-28T00:00:00.000,1.3868399858474731,1.352860450744629
2023-08-29T00:00:00.000,1.3197840452194214,1.301413893699646
2023-08-30T00:00:00.000,1.3380719423294067,1.2361363172531128
2023-08-31T00:00:00.000,1.1826239824295044,1.1672354936599731
2023-09-01T00:00:00.000,1.1338560581207275,1.0994904041290283
2023-09-02T00:00:00.000,1.0271761417388916,1.0425814390182495
2023-09-03T00:00:00.000,1.0241280794143677,1.000793218612671
2023-09-04T00:00:00.000,1.0911840200424194,0.9796051383018494
2023-09-05T00:00:00.000,1.2009119987487793,0.9699500203132629
2023-09-06T00:00:00.000,1.2070080041885376,0.9667026400566101
2023-09-07T00:00:00.000,1.1887199878692627,0.9622842669487
2023-09-08T00:00:00.000,1.1704318523406982,0.9499449133872986
2023-09-09T00:00:00.000,1.0637519359588623,0.929527223110199
2023-09-10T00:00:00.000,0.9966959357261658,0.9071598649024963
2023-09-11T00:00:00.000,0.9296401143074036,0.8869441151618958
2023-09-12T00:00:00.000,0.8961120247840881,0.8685633540153503
2023-09-13T00:00:00.000,0.8107680678367615,0.8549663424491882
2023-09-14T00:00:00.000,0.8138160109519958,0.8434357047080994
2023-09-15T00:00:00.000,0.777239978313446,0.8328260779380798
2023-09-16T00:00:00.000,0.7680959105491638,0.8216766715049744
2023-09-17T00:00:00.000,0.7833358645439148,0.8103136420249939
2023-09-18T00:00:00.000,0.8168639540672302,0.7984854578971863
2023-09-19T00:00:00.000,0.838200032711029,0.7895697951316833
2023-09-20T00:00:00.000,0.9235439896583557,0.786477267742157
2023-09-21T00:00:00.000,1.103376030921936,0.7854785323143005
2023-09-22T00:00:00.000,1.045464038848877,0.7869133353233337
2023-09-23T00:00:00.000,1.0576560497283936,0.7879487872123718
2023-09-24T00:00:00.000,1.0241280794143677,0.78611820936203
2023-09-25T00:00:00.000,0.9326879382133484,0.7809464335441589
2023-09-26T00:00:00.000,0.9235439896583557,0.7786139845848083
2023-09-27T00:00:00.000,0.914400041103363,0.7823535799980164
2023-09-28T00:00:00.000,1.0515599250793457,0.7911104559898376
2023-09-29T00:00:00.000,1.042415976524353,0.8028358817100525
2023-09-30T00:00:00.000,0.9814559817314148,0.8163055777549744
2023-10-01T00:00:00.000,1.0607038736343384,0.8279644846916199
2023-10-02T00:00:00.000,1.1612879037857056,0.8321675658226013
2023-10-03T00:00:00.000,1.197864055633545,0.8291530013084412
2023-10-04T00:00:00.000,1.1155681610107422,0.8257851004600525
2023-10-05T00:00:00.000,1.1308079957962036,0.8212379813194275
2023-10-06T00:00:00.000,1.149095892906189,0.8176559805870056
2023-10-07T00:00:00.000,1.197864055633545,0.8148321509361267
2023-10-08T00:00:00.000,1.1277601718902588,0.8138224482536316
2023-10-09T00:00:00.000,0.9662159085273743,0.8123385310173035
2023-10-10T00:00:00.000,0.8900160193443298,0.8123747706413269
2023-10-11T00:00:00.000,0.9326879382133484,0.8233186602592468
2023-10-12T00:00:00.000,1.466088056564331,0.8278080821037292
2023-10-13T00:00:00.000,1.072895884513855,0.8289279341697693
2023-10-14T00:00:00.000,0.8991599678993225,0.8261067271232605
2023-10-15T00:00:00.000,0.8473438620567322,0.819518506526947
2023-10-16T00:00:00.000,0.85343998670578,0.7992295622825623
2023-10-17T00:00:00.000,0.7894319891929626,0.7865995764732361
2023-10-18T00:00:00.000,0.777239978313446,0.7831444144248962
2023-10-19T00:00:00.000,0.9052560925483704,0.7878608107566833
2023-10-20T00:00:00.000,1.0058399438858032,0.7940954566001892
2023-10-21T00:00:00.000,0.9784079194068909,0.8015479445457458
2023-10-22T00:00:00.000,0.9692639708518982,0.8079933524131775
2023-10-23T00:00:00.000,0.9418321251869202,0.8127731680870056
2023-10-24T00:00:00.000,0.9631678462028503,0.8211752772331238
2023-10-25T00:00:00.000,0.917448103427887,0.8337435126304626
2023-10-26T00:00:00.000,0.8747760653495789,0.8467192053794861
2023-10-27T00:00:00.000,0.8199118971824646,0.8601121306419373
2023-10-28T00:00:00.000,0.8290559649467468,0.8731488585472107
2023-10-29T00:00:00.000,0.8442959189414978,0.8822044730186462
2023-10-30T00:00:00.000,0.944879949092865,0.889931857585907
2023-10-31T00:00:00.000,1.0363198518753052,0.9010105729103088
2023-11-01T00:00:00.000,1.1917680501937866,0.9080055356025696
2023-11-02T00:00:00.000,1.0698479413986206,0.9099045395851135
2023-11-03T00:00:00.000,0.9936479926109314,0.9096518158912659
2023-11-04T00:00:00.000,1.0698479413986206,0.9052549004554749
2023-11-05T00:00:00.000,0.9692639708518982,0.8990514874458313
2023-11-06T00:00:00.000,0.9753598570823669,0.8978201746940613
2023-11-07T00:00:00.000,0.9479280114173889,0.9013828635215759
2023-11-08T00:00:00.000,0.917448103427887,0.9058651328086853
2023-11-09T00:00:00.000,0.9113519787788391,0.9157895445823669
2023-11-10T00:00:00.000,0.944879949092865,0.9272333979606628
2023-11-11T00:00:00.000,0.9753598570823669,0.9366133809089661
2023-11-12T00:00:00.000,0.9265920519828796,0.94502192735672
2023-11-13T00:00:00.000,1.0058399438858032,0.9528970122337341
2023-11-14T00:00:00.000,1.1430000066757202,0.963973343372345
2023-11-15T00:00:00.000,1.481328010559082,0.9721518158912659
2023-11-16T00:00:00.000,1.5636240243911743,0.9662256836891174
2023-11-17T00:00:00.000,1.1917680501937866,0.9486486315727234
2023-11-18T00:00:00.000,1.0515599250793457,0.9257094264030457
2023-11-19T00:00:00.000,1.0850880146026611,0.8939588665962219
2023-11-20T00:00:00.000,0.9905999302864075,0.8667766451835632
2023-11-21T00:00:00.000,1.0546079874038696,0.844312846660614
2023-11-22T00:00:00.000,0.8016240000724792,0.8284074664115906
2023-11-23T00:00:00.000,0.7650479674339294,0.814710795879364
2023-11-24T00:00:00.000,0.7040879130363464,0.8048526644706726
2023-11-25T00:00:00.000,0.6766559481620789,0.7985584139823914
2023-11-26T00:00:00.000,0.8564879298210144,0.8006052374839783
2023-11-27T00:00:00.000,0.8046719431877136,0.804337203502655
2023-11-28T00:00:00.000,0.8046719431877136,0.8064648509025574
2023-11-29T00:00:00.000,0.7376160025596619,0.8106943964958191
2023-11-30T00:00:00.000,0.8656319975852966,0.8206555247306824
2023-12-01T00:00:00.000,1.1734799146652222,0.8358575701713562
2023-12-02T00:00:00.000,1.1643359661102295,0.8533872961997986
2023-12-03T00:00:00.000,1.0667999982833862,0.8724927306175232
2023-12-04T00:00:00.000,0.9540238976478577,0.8879278302192688
2023-12-05T00:00:00.000,0.9113519787788391,0.8901210427284241
2023-12-06T00:00:00.000,0.8290559649467468,0.8859468102455139
2023-12-07T00:00:00.000,0.7284719347953796,0.8813899159431458
2023-12-08T00:00:00.000,0.7193278670310974,0.8812583088874817
2023-12-09T00:00:00.000,0.7863840460777283,0.8824593424797058
2023-12-10T00:00:00.000,0.7985760569572449,0.880515992641449
2023-12-11T00:00:00.000,0.7254239916801453,0.8769177794456482
2023-12-12T00:00:00.000,0.6736080050468445,0.8770083785057068
2023-12-13T00:00:00.000,0.8229600787162781,0.8813791871070862
2023-12-14T00:00:00.000,0.9997439980506897,0.8927002549171448
2023-12-15T00:00:00.000,1.213104009628296,0.9082546830177307
2023-12-16T00:00:00.000,1.2435840368270874,0.9229043126106262
2023-12-17T00:00:00.000,1.2740639448165894,0.9174198508262634
2023-12-18T00:00:00.000,0.9418321251869202,0.8988268971443176
2023-12-19T00:00:00.000,0.8717278838157654,0.873400866985321
2023-12-20T00:00:00.000,0.8107680678367615,0.8519029021263123
2023-12-21T00:00:00.000,0.7254239916801453,0.8399698138237
2023-12-22T00:00:00.000,0.7284719347953796,0.8433615565299988
2023-12-23T00:00:00.000,0.6827520728111267,0.8566314578056335
2023-12-24T00:00:00.000,0.792479932308197,0.8832449316978455
2023-12-25T00:00:00.000,1.0576560497283936,0.9040687680244446
2023-12-26T00:00:00.000,0.8839200139045715,0.9165404438972473
2023-12-27T00:00:00.000,0.8778238892555237,0.9241744875907898
2023-12-28T00:00:00.000,0.8412479758262634,0.9262896180152893
2023-12-29T00:00:00.000,0.7406639456748962,0.9172516465187073
2023-12-30T00:00:00.000,0.6979920268058777,0.914036214351654
2023-12-31T00:00:00.000,0.7101840376853943,0.9112710356712341
2024-01-01T00:00:00.000,0.7498080134391785,0.9105814099311829
2024-01-02T00:00:00.000,0.8656319975852966,0.9043266177177429
2024-01-03T00:00:00.000,0.7741920351982117,0.8957393765449524
2024-01-04T00:00:00.000,0.8168639540672302,0.8849740624427795
2024-01-05T00:00:00.000,0.6431278586387634,0.8837772011756897
2024-01-06T00:00:00.000,0.7284719347953796,0.8921008706092834
2024-01-07T00:00:00.000,0.7284719347953796,0.9151853919029236
2024-01-08T00:00:00.000,0.792479932308197,0.9622504115104675
2024-01-09T00:00:00.000,1.2100560665130615,1.0042697191238403
2024-01-10T00:00:00.000,0.9753598570823669,1.0367094278335571
2024-01-11T00:00:00.000,1.0667999982833862,1.071947693824768
2024-01-12T00:00:00.000,1.2588239908218384,1.100494623184204
2024-01-13T00:00:00.000,1.0607038736343384,1.1063646078109741
2024-01-14T00:00:00.000,1.1277601718902588,1.1200382709503174
2024-01-15T00:00:00.000,1.1064239740371704,1.148536205291748
2024-01-16T00:00:00.000,1.1734799146652222,1.1863787174224854
2024-01-17T00:00:00.000,1.1003280878067017,1.25981605052948
2024-01-18T00:00:00.000,1.121664047241211,1.3766180276870728
2024-01-19T00:00:00.000,1.3594080209732056,1.54134202003479
2024-01-20T00:00:00.000,1.6276320219039917,1.741873025894165
2024-01-21T00:00:00.000,1.8653759956359863,1.9733091592788696
2024-01-22T00:00:00.000,2.0573999881744385,2.210151433944702
2024-01-23T00:00:00.000,2.267712116241455,2.4365077018737793
2024-01-24T00:00:00.000,2.35915207862854,2.6362781524658203
2024-01-25T00:00:00.000,2.563368082046509,2.7784035205841064
2024-01-26T00:00:00.000,2.749295949935913,2.865212917327881
2024-01-27T00:00:00.000,2.862071990966797,2.9097702503204346
2024-01-28T00:00:00.000,2.8072080612182617,2.927663803100586
2024-01-29T00:00:00.000,2.785871982574463,2.9253029823303223
2024-01-30T00:00:00.000,2.7218639850616455,2.9451417922973633
2024-01-31T00:00:00.000,2.7218639850616455,2.9900057315826416
2024-02-01T00:00:00.000,2.855976104736328,3.086198568344116
2024-02-02T00:00:00.000,2.9961841106414795,3.2231338024139404
2024-02-03T00:00:00.000,3.151632070541382,3.392573595046997
2024-02-04T00:00:00.000,3.5021519660949707,3.5758371353149414
2024-02-05T00:00:00.000,3.6149280071258545,3.7622225284576416
2024-02-06T00:00:00.000,3.764280080795288,3.947728157043457
2024-02-07T00:00:00.000,3.8526721000671387,4.128259658813477
2024-02-08T00:00:00.000,3.998975992202759,4.298895359039307
2024-02-09T00:00:00.000,4.126992225646973,4.458202838897705
2024-02-10T00:00:00.000,4.230624198913574,4.602849006652832
2024-02-11T00:00:00.000,4.288536071777344,4.727722644805908
2024-02-12T00:00:00.000,4.334256172180176,4.818576335906982
2024-02-13T00:00:00.000,4.2489118576049805,4.871379375457764
2024-02-14T00:00:00.000,4.215384006500244,4.886828899383545
2024-02-15T00:00:00.000,4.163568019866943,4.863265037536621
2024-02-16T00:00:00.000,4.126992225646973,4.803474426269531
2024-02-17T00:00:00.000,4.1026082038879395,4.720548152923584
2024-02-18T00:00:00.000,4.130040168762207,4.620162010192871
2024-02-19T00:00:00.000,3.97763991355896,4.506079196929932
2024-02-20T00:00:00.000,3.840480089187622,4.386300086975098
2024-02-21T00:00:00.000,3.7277040481567383,4.273446083068848
2024-02-22T00:00:00.000,3.6972239017486572,4.171050548553467
2024-02-23T00:00:00.000,3.7063679695129395,4.088879585266113
2024-02-24T00:00:00.000,3.657599925994873,4.023319721221924
2024-02-25T00:00:00.000,3.6088318824768066,3.9667153358459473
2024-02-26T00:00:00.000,3.5692079067230225,3.900017261505127
2024-02-27T00:00:00.000,3.511296033859253,3.8011913299560547
2024-02-28T00:00:00.000,3.3924241065979004,3.656963586807251
2024-02-29T00:00:00.000,3.3619439601898193,3.4547319412231445
2024-03-01T00:00:00.000,3.1882081031799316,3.196199893951416
2024-03-02T00:00:00.000,2.9352240562438965,2.911306381225586
2024-03-03T00:00:00.000,2.7736799716949463,2.635138988494873
2024-03-04T00:00:00.000,2.6456639766693115,2.406656265258789
2024-03-05T00:00:00.000,2.7066240310668945,2.2325797080993652
2024-03-06T00:00:00.000,2.490216016769409,2.1094882488250732
2024-03-07T00:00:00.000,2.3774399757385254,2.037397861480713
2024-03-08T00:00:00.000,2.334768056869507,2.022921562194824
2024-03-09T00:00:00.000,2.334768056869507,2.038480520248413
2024-03-10T00:00:00.000,2.398776054382324,2.0861916542053223
2024-03-11T00:00:00.000,2.4597361087799072,2.161870241165161
2024-03-12T00:00:00.000,2.429255962371826,2.2477447986602783
2024-03-13T00:00:00.000,2.3926799297332764,2.325420618057251
2024-03-14T00:00:00.000,2.3622000217437744,2.4041476249694824
2024-03-15T00:00:00.000,2.35915207862854,2.4801344871520996
2024-03-16T00:00:00.000,2.3622000217437744,2.558971405029297
2024-03-17T00:00:00.000,2.3835361003875732,2.6467370986938477
2024-03-18T00:00:00.000,2.5755600929260254,2.751063823699951
2024-03-19T00:00:00.000,2.8072080612182617,2.8649356365203857
2024-03-20T00:00:00.000,2.9138879776000977,2.990161895751953
2024-03-21T00:00:00.000,2.9809439182281494,3.120767831802368
2024-03-22T00:00:00.000,3.1333439350128174,3.241915464401245
2024-03-23T00:00:00.000,3.2004001140594482,3.3422374725341797
2024-03-24T00:00:00.000,3.261359930038452,3.4137821197509766
2024-03-25T00:00:00.000,3.3649919033050537,3.4627225399017334
2024-03-26T00:00:00.000,3.4411919116973877,3.488882303237915
2024-03-27T00:00:00.000,3.428999900817871,3.4981608390808105
2024-03-28T00:00:00.000,3.380232095718384,3.4969730377197266
2024-03-29T00:00:00.000,3.30403208732605,3.480229616165161
2024-03-30T00:00:00.000,3.2644081115722656,3.435455560684204
2024-03-31T00:00:00.000,3.227832078933716,3.3666281700134277
2024-04-01T00:00:00.000,3.160775899887085,3.2633070945739746
2024-04-02T00:00:00.000,3.0419039726257324,3.1071736812591553
2024-04-03T00:00:00.000,2.8742640018463135,2.9398562908172607
2024-04-04T00:00:00.000,2.734055995941162,2.7808170318603516
2024-04-05T00:00:00.000,2.5389840602874756,2.671812057495117
2024-04-06T00:00:00.000,2.3774399757385254,2.59051251411438
2024-04-07T00:00:00.000,2.337815999984741,2.5426535606384277
2024-04-08T00:00:00.000,2.2311360836029053,2.518632173538208
2024-04-09T00:00:00.000,2.206752061843872,2.5794289112091064
2024-04-10T00:00:00.000,2.3164799213409424,2.7181930541992188
2024-04-11T00:00:00.000,2.3774399757385254,2.8878672122955322
2024-04-12T00:00:00.000,2.566416025161743,3.0981037616729736
2024-04-13T00:00:00.000,2.8681681156158447,3.3485329151153564
2024-04-14T00:00:00.000,3.1729679107666016,3.5928757190704346
2024-04-15T00:00:00.000,3.4564321041107178,3.8179268836975098
2024-04-16T00:00:00.000,3.7764720916748047,4.0196123123168945
2024-04-17T00:00:00.000,3.9898319244384766,4.19464635848999
2024-04-18T00:00:00.000,4.166615962982178,4.339935302734375
2024-04-19T00:00:00.000,4.297679901123047,4.454466342926025
2024-04-20T00:00:00.000,4.355591773986816,4.53849458694458
2024-04-21T00:00:00.000,4.413504123687744,4.599915027618408
2024-04-22T00:00:00.000,4.489704132080078,4.648922443389893
2024-04-23T00:00:00.000,4.495800018310547,4.692109107971191
2024-04-24T00:00:00.000,4.453127861022949,4.73140287399292
2024-04-25T00:00:00.000,4.389120101928711,4.766179084777832
2024-04-26T00:00:00.000,4.361688137054443,4.793622970581055
2024-04-27T00:00:00.000,4.404359817504883,4.811649799346924
2024-04-28T00:00:00.000,4.386072158813477,4.808175563812256
2024-04-29T00:00:00.000,4.398263931274414,4.784488201141357
2024-04-30T00:00:00.000,4.3708319664001465,4.747798442840576
2024-05-01T00:00:00.000,4.334256172180176,4.697630405426025
2024-05-02T00:00:00.000,4.300727844238281,4.634538650512695
2024-05-03T00:00:00.000,4.261104106903076,4.582434177398682
2024-05-04T00:00:00.000,4.19709587097168,4.542099475860596
2024-05-05T00:00:00.000,4.126992225646973,4.5163254737854
2024-05-06T00:00:00.000,4.075175762176514,4.511966705322266
2024-05-07T00:00:00.000,4.01421594619751,4.525579929351807
2024-05-08T00:00:00.000,3.99288010597229,4.5438947677612305
2024-05-09T00:00:00.000,3.9898319244384766,4.568048000335693
2024-05-10T00:00:00.000,3.9898319244384766,4.598188400268555
2024-05-11T00:00:00.000,4.053840160369873,4.629826068878174
2024-05-12T00:00:00.000,4.136136054992676,4.6712446212768555
2024-05-13T00:00:00.000,4.2489118576049805,4.729791164398193
2024-05-14T00:00:00.000,4.459224224090576,4.795639514923096
2024-05-15T00:00:00.000,4.471415996551514,4.867077350616455
2024-05-16T00:00:00.000,4.52018404006958,4.943775177001953
2024-05-17T00:00:00.000,4.666488170623779,5.015525817871094
2024-05-18T00:00:00.000,4.712207794189453,5.080020427703857
2024-05-19T00:00:00.000,4.748784065246582,5.139324188232422
2024-05-20T00:00:00.000,4.77621603012085,5.188078880310059
2024-05-21T00:00:00.000,4.818888187408447,5.221238613128662
2024-05-22T00:00:00.000,4.849368095397949,5.240294933319092
2024-05-23T00:00:00.000,4.824984073638916,5.245322227478027
2024-05-24T00:00:00.000,4.834127902984619,5.232884883880615
2024-05-25T00:00:00.000,4.818888187408447,5.200258255004883
2024-05-26T00:00:00.000,4.800600051879883,5.152420520782471
2024-05-27T00:00:00.000,4.754879951477051,5.091058731079102
2024-05-28T00:00:00.000,4.712207794189453,5.0203728675842285
2024-05-29T00:00:00.000,4.681727886199951,4.945793628692627
2024-05-30T00:00:00.000,4.678679943084717,4.873462677001953
2024-05-31T00:00:00.000,4.651247978210449,4.803511619567871
2024-06-01T00:00:00.000,4.642104148864746,4.739336967468262
2024-06-02T00:00:00.000,4.605527877807617,4.690576553344727
2024-06-03T00:00:00.000,4.572000026702881,4.658883094787598
2024-06-04T00:00:00.000,4.5232319831848145,4.641021251678467
2024-06-05T00:00:00.000,4.4927520751953125,4.636353969573975
2024-06-06T00:00:00.000,4.483607769012451,4.644137382507324
2024-06-07T00:00:00.000,4.501895904541016,4.654698371887207
2024-06-08T00:00:00.000,4.514088153839111,4.655608177185059
2024-06-09T00:00:00.000,4.5232319831848145,4.653388023376465
2024-06-10T00:00:00.000,4.562856197357178,4.648591041564941
2024-06-11T00:00:00.000,4.565904140472412,4.638242244720459
2024-06-12T00:00:00.000,4.605527877807617,4.620589256286621
2024-06-13T00:00:00.000,4.584191799163818,4.598124980926514
2024-06-14T00:00:00.000,4.547616004943848,4.5671796798706055
2024-06-15T00:00:00.000,4.498847961425781,4.527333736419678
2024-06-16T00:00:00.000,4.477511882781982,4.482878684997559
2024-06-17T00:00:00.000,4.428743839263916,4.436812400817871
2024-06-18T00:00:00.000,4.398263931274414,4.390110015869141
2024-06-19T00:00:00.000,4.468368053436279,4.337038993835449
2024-06-20T00:00:00.000,4.334256172180176,4.270072937011719
2024-06-21T00:00:00.000,4.072127819061279,4.1740593910217285
2024-06-22T00:00:00.000,3.7886641025543213,4.027534484863281
2024-06-23T00:00:00.000,3.4381439685821533,3.8225135803222656
2024-06-24T00:00:00.000,3.1120080947875977,3.5692548751831055
2024-06-25T00:00:00.000,2.7767279148101807,3.296344041824341
2024-06-26T00:00:00.000,2.474976062774658,3.0127267837524414
2024-06-27T00:00:00.000,2.2494239807128906,2.742302179336548
2024-06-28T00:00:00.000,2.0726399421691895,2.506983518600464
2024-06-29T00:00:00.000,1.969007968902588,2.3192837238311768
2024-06-30T00:00:00.000,1.8501360416412354,2.1886069774627686
2024-07-01T00:00:00.000,1.7891759872436523,2.1105258464813232
2024-07-02T00:00:00.000,1.8074640035629272,2.0746960639953613
2024-07-03T00:00:00.000,1.7556480169296265,2.089303970336914
2024-07-04T00:00:00.000,1.691640019416809,2.124840497970581
2024-07-05T00:00:00.000,1.648967981338501,2.147583484649658
2024-07-06T00:00:00.000,1.6276320219039917,2.1605076789855957
2024-07-07T00:00:00.000,1.6002000570297241,2.165255308151245
2024-07-08T00:00:00.000,1.630679965019226,2.1629536151885986
2024-07-09T00:00:00.000,1.648967981338501,2.164928436279297
2024-07-10T00:00:00.000,1.6184879541397095,2.1814489364624023
2024-07-11T00:00:00.000,1.6824959516525269,2.216046094894409
2024-07-12T00:00:00.000,1.8287999629974365,2.2688136100769043
2024-07-13T00:00:00.000,1.9507200717926025,2.324531078338623
2024-07-14T00:00:00.000,2.084831953048706,2.3914496898651123
2024-07-15T00:00:00.000,2.2555201053619385,2.4894907474517822
2024-07-16T00:00:00.000,2.4018239974975586,2.570401668548584
2024-07-17T00:00:00.000,2.4384000301361084,2.6320629119873047
2024-07-18T00:00:00.000,2.4597361087799072,2.683103322982788
2024-07-19T00:00:00.000,2.4627840518951416,2.7275328636169434
2024-07-20T00:00:00.000,2.481071949005127,2.7453391551971436
2024-07-21T00:00:00.000,2.490216016769409,2.751091957092285
2024-07-22T00:00:00.000,2.481071949005127,2.7428760528564453
2024-07-23T00:00:00.000,2.4566879272460938,2.7170403003692627
2024-07-24T00:00:00.000,2.3926799297332764,2.6811139583587646
2024-07-25T00:00:00.000,2.3835361003875732,2.6436774730682373
2024-07-26T00:00:00.000,2.4597361087799072,2.6152286529541016
2024-07-27T00:00:00.000,2.563368082046509,2.593794345855713
2024-07-28T00:00:00.000,2.5847039222717285,2.576613426208496
2024-07-29T00:00:00.000,2.5694639682769775,2.554929733276367
2024-07-30T00:00:00.000,2.481071949005127,2.5187015533447266
2024-07-31T00:00:00.000,2.3926799297332764,2.462564468383789
2024-08-01T00:00:00.000,2.2799038887023926,2.385669469833374
2024-08-02T00:00:00.000,2.1549360752105713,2.2914817333221436
2024-08-03T00:00:00.000,2.0360639095306396,2.19368839263916
2024-08-04T00:00:00.000,1.953768014907837,2.105778694152832
2024-08-05T00:00:00.000,1.969007968902588,2.0290615558624268
2024-08-06T00:00:00.000,1.877568006515503,1.9642894268035889
2024-08-07T00:00:00.000,1.7282160520553589,1.9149250984191895
2024-08-08T00:00:00.000,1.6824959516525269,1.8775267601013184
2024-08-09T00:00:00.000,1.6946879625320435,1.8422012329101562
2024-08-10T00:00:00.000,1.6398240327835083,1.8114444017410278
2024-08-11T00:00:00.000,1.5971519947052002,1.785603404045105
2024-08-12T00:00:00.000,1.5788639783859253,1.7541759014129639
2024-08-13T00:00:00.000,1.5270479917526245,1.7212015390396118
2024-08-14T00:00:00.000,1.4752320051193237,1.690280795097351
2024-08-15T00:00:00.000,1.466088056564331,1.656403660774231
2024-08-16T00:00:00.000,1.4142719507217407,1.620104432106018
2024-08-17T00:00:00.000,1.3716000318527222,1.5835113525390625
2024-08-18T00:00:00.000,1.2801599502563477,1.544691562652588
2024-08-19T00:00:00.000,1.17957603931427,1.503849983215332
2024-08-20T00:00:00.000,1.1125200986862183,1.4646892547607422
2024-08-21T00:00:00.000,1.072895884513855,1.4272723197937012
2024-08-22T00:00:00.000,1.0881359577178955,1.3937710523605347
2024-08-23T00:00:00.000,1.121664047241211,1.3685907125473022
2024-08-24T00:00:00.000,1.2893040180206299,1.3410040140151978
2024-08-25T00:00:00.000,1.2222479581832886,1.3081446886062622
2024-08-26T00:00:00.000,1.1582398414611816,1.273152470588684
2024-08-27T00:00:00.000,1.1734799146652222,1.2363648414611816
2024-08-28T00:00:00.000,1.1551920175552368,1.1948691606521606
2024-08-29T00:00:00.000,1.1430000066757202,1.1568305492401123
2024-08-30T00:00:00.000,1.0942319631576538,1.1258049011230469
2024-08-31T00:00:00.000,1.149095892906189,1.0933622121810913
2024-09-01T00:00:00.000,1.0698479413986206,1.0595297813415527
2024-09-02T00:00:00.000,0.9845039248466492,1.0275449752807617
2024-09-03T00:00:00.000,0.9662159085273743,1.0046008825302124
2024-09-04T00:00:00.000,1.1399519443511963,0.985862672328949
2024-09-05T00:00:00.000,1.1247121095657349,0.9762535691261292
2024-09-06T00:00:00.000,1.1308079957962036,0.9733683466911316
2024-09-07T00:00:00.000,1.1247121095657349,0.9747042059898376
2024-09-08T00:00:00.000,1.1917680501937866,0.970564067363739
2024-09-09T00:00:00.000,1.1734799146652222,0.9640232920646667
2024-09-10T00:00:00.000,1.194815993309021,0.9581608176231384
2024-09-11T00:00:00.000,1.328927993774414,0.954433262348175
2024-09-12T00:00:00.000,1.3959840536117554,0.9453313946723938
2024-09-13T00:00:00.000,1.1887199878692627,0.9360477328300476
2024-09-14T00:00:00.000,1.1399519443511963,0.9261818528175354
2024-09-15T00:00:00.000,1.0820399522781372,0.9127597212791443
2024-09-16T00:00:00.000,1.0027921199798584,0.900412380695343
2024-09-17T00:00:00.000,0.9265920519828796,0.8972453474998474
2024-09-18T00:00:00.000,0.9509758353233337,0.9010760188102722
2024-09-19T00:00:00.000,0.9479280114173889,0.914226233959198
2024-09-20T00:00:00.000,1.0546079874038696,0.9349640011787415
2024-09-21T00:00:00.000,1.1247121095657349,0.9629760384559631
2024-09-22T00:00:00.000,1.194815993309021,0.9966923594474792
2024-09-23T00:00:00.000,1.2192000150680542,1.0311325788497925
2024-09-24T00:00:00.000,1.2405359745025635,1.0602283477783203
2024-09-25T00:00:00.000,1.2405359745025635,1.0887837409973145
2024-09-26T00:00:00.000,1.4081759452819824,1.1038850545883179
2024-09-27T00:00:00.000,1.286255955696106,1.0887305736541748
2024-09-28T00:00:00.000,1.0241280794143677,1.0555731058120728
2024-09-29T00:00:00.000,0.8442959189414978,1.0518521070480347
2024-09-30T00:00:00.000,0.8930639624595642,1.07621431350708
2024-10-01T00:00:00.000,0.8564879298210144,1.1227971315383911
2024-10-02T00:00:00.000,0.8930639624595642,1.1765629053115845
2024-10-03T00:00:00.000,0.9753598570823669,1.2338780164718628
2024-10-04T00:00:00.000,1.072895884513855,1.296046495437622
2024-10-05T00:00:00.000,1.286255955696106,1.3761824369430542
2024-10-06T00:00:00.000,1.3776960372924805,1.4949369430541992
2024-10-07T00:00:00.000,1.6032480001449585,1.6537270545959473
2024-10-08T00:00:00.000,1.6611599922180176,1.8596508502960205
2024-10-09T00:00:00.000,1.6794480085372925,2.056772232055664
2024-10-10T00:00:00.000,1.6032480001449585,2.1881306171417236
2024-10-11T00:00:00.000,1.3959840536117554,2.1848104000091553
2024-10-12T00:00:00.000,1.2740639448165894,2.0522232055664062
2024-10-13T00:00:00.000,1.271016001701355,1.8471041917800903
2024-10-14T00:00:00.000,1.1369041204452515,1.6262203454971313
2024-10-15T00:00:00.000,1.1064239740371704,1.4515968561172485
2024-10-16T00:00:00.000,1.3685519695281982,1.3135082721710205
2024-10-17T00:00:00.000,1.2222479581832886,1.2036733627319336
2024-10-18T00:00:00.000,1.0393681526184082,1.1314748525619507
2024-10-19T00:00:00.000,1.118615984916687,1.094117522239685
2024-10-20T00:00:00.000,1.149095892906189,1.0733562707901
2024-10-21T00:00:00.000,1.1430000066757202,1.07186758518219
2024-10-22T00:00:00.000,1.1094720363616943,1.0837587118148804
2024-10-23T00:00:00.000,1.0363198518753052,1.0901267528533936
2024-10-24T00:00:00.000,0.9662159085273743,1.0799669027328491
2024-10-25T00:00:00.000,1.0058399438858032,1.0488088130950928
2024-10-26T00:00:00.000,0.8351518511772156,1.0098227262496948
2024-10-27T00:00:00.000,0.8321039080619812,0.9720329642295837
2024-10-28T00:00:00.000,0.8199118971824646,0.9406295418739319
2024-10-29T00:00:00.000,0.8321039080619812,0.9167107939720154
2024-10-30T00:00:00.000,0.917448103427887,0.9019455313682556
2024-10-31T00:00:00.000,0.8412479758262634,0.8943131566047668
2024-11-01T00:00:00.000,0.9113519787788391,0.8898751139640808
2024-11-02T00:00:00.000,0.9022080302238464,0.8891357779502869
2024-11-03T00:00:00.000,0.838200032711029,0.9081533551216125
2024-11-04T00:00:00.000,1.0576560497283936,0.9715219140052795
2024-11-05T00:00:00.000,1.1887199878692627,1.043298363685608
2024-11-06T00:00:00.000,1.0667999982833862,1.1276562213897705
2024-11-07T00:00:00.000,1.1125200986862183,1.2332420349121094
2024-11-08T00:00:00.000,1.286255955696106,1.3491795063018799
2024-11-09T00:00:00.000,1.3502639532089233,1.463371992111206
2024-11-10T00:00:00.000,1.3837920427322388,1.5778887271881104
2024-11-11T00:00:00.000,1.405128002166748,1.672183871269226
2024-11-12T00:00:00.000,1.5849599838256836,1.734845757484436
2024-11-13T00:00:00.000,1.271016001701355,1.7881587743759155
2024-11-14T00:00:00.000,1.3045439720153809,1.8508378267288208
2024-11-15T00:00:00.000,1.4843759536743164,1.9383392333984375
2024-11-16T00:00:00.000,1.5971519947052002,2.042304754257202
2024-11-17T00:00:00.000,1.6550639867782593,2.1489527225494385
2024-11-18T00:00:00.000,1.7769839763641357,2.244920492172241
2024-11-19T00:00:00.000,2.0055840015411377,2.308258295059204
2024-11-20T00:00:00.000,1.9263360500335693,2.3368372917175293
2024-11-21T00:00:00.000,1.8653759956359863,2.335530996322632
2024-11-22T00:00:00.000,1.6794480085372925,2.3134756088256836
2024-11-23T00:00:00.000,1.6398240327835083,2.2606468200683594
2024-11-24T00:00:00.000,1.5849599838256836,2.2033157348632812
2024-11-25T00:00:00.000,1.572767972946167,2.144627809524536
2024-11-26T00:00:00.000,1.5209519863128662,2.0864903926849365
2024-11-27T00:00:00.000,1.4538960456848145,2.01827335357666
2024-11-28T00:00:00.000,1.3868399858474731,1.9446077346801758
2024-11-29T00:00:00.000,1.5118080377578735,1.8581172227859497
2024-11-30T00:00:00.000,1.4630399942398071,1.760124683380127
2024-12-01T00:00:00.000,1.197864055633545,1.6635735034942627
2024-12-02T00:00:00.000,1.1247121095657349,1.5732989311218262
2024-12-03T00:00:00.000,1.0576560497283936,1.4910376071929932
2024-12-04T00:00:00.000,1.0850880146026611,1.4311996698379517
2024-12-05T00:00:00.000,1.2252960205078125,1.4020193815231323
2024-12-06T00:00:00.000,1.3655040264129639,1.3850116729736328
2024-12-07T00:00:00.000,1.3045439720153809,1.3750914335250854
2024-12-08T00:00:00.000,1.237488031387329,1.3658698797225952
2024-12-09T00:00:00.000,1.194815993309021,1.350251317024231
2024-12-10T00:00:00.000,1.1887199878692627,1.3239620923995972
2024-12-11T00:00:00.000,1.118615984916687,1.2887635231018066
2024-12-12T00:00:00.000,0.944879949092865,1.2529946565628052
2024-12-13T00:00:00.000,0.9113519787788391,1.2242143154144287
2024-12-14T00:00:00.000,0.9753598570823669,1.2015247344970703
2024-12-15T00:00:00.000,0.9875519871711731,1.1862705945968628
2024-12-16T00:00:00.000,1.0607038736343384,1.178118109703064
2024-12-17T00:00:00.000,1.0546079874038696,1.1712056398391724
2024-12-18T00:00:00.000,1.0393681526184082,1.1645907163619995
2024-12-19T00:00:00.000,1.118615984916687,1.1626578569412231
2024-12-20T00:00:00.000,1.0302239656448364,1.1784011125564575
2024-12-21T00:00:00.000,1.0576560497283936,1.2213413715362549
2024-12-22T00:00:00.000,1.1003280878067017,1.2963985204696655
2024-12-23T00:00:00.000,1.1643359661102295,1.4020816087722778
2024-12-24T00:00:00.000,1.2496800422668457,1.5404239892959595
2024-12-25T00:00:00.000,1.4508479833602905,1.6955857276916504
2024-12-26T00:00:00.000,1.6824959516525269,1.8588991165161133
2024-12-27T00:00:00.000,1.917191982269287,2.0221714973449707
2024-12-28T00:00:00.000,2.1335999965667725,2.197648286819458
2024-12-29T00:00:00.000,2.414016008377075,2.3572604656219482
2024-12-30T00:00:00.000,2.5847039222717285,2.486938714981079
2024-12-31T00:00:00.000,2.7279601097106934,2.5760042667388916
