site_no,lat,lon,importance,importance_norm,n_channels,horizon
07374000,30.44566667,-91.1915556,0.0001848339366766796,1.0,1,1
07364200,32.9904049,-91.6556779,0.00014650037022422992,0.7926053670571082,1,1
07364185,33.23555556,-91.5355556,0.00011947898072539286,0.6464125737601489,1,1
07281600,33.65138889,-90.2111111,0.0001085765815190496,0.5874277390356998,1,1
03381700,37.6925,-88.1347222,0.00010524921371364084,0.5694258078685399,1,1
03399800,37.15922215,-88.4272616,0.00010478947691874563,0.5669385114165935,1,1
07263012,34.95666667,-92.985,0.00010235774575043051,0.5537822089970392,1,1
07346000,32.74958345,-94.4988102,0.0001006515467311811,0.5445512254994905,1,1
07349860,32.44737586,-93.5946203,0.00010050163324897944,0.5437401543028417,1,1
07076517,35.43805556,-91.7458333,8.901614996363812e-05,0.48160068201841877,1,1
07077000,34.79444444,-91.4447222,8.633651907114611e-05,0.46710317717341104,1,1
07260500,35.0586111,-93.3955556,8.501870728829455e-05,0.45997347033198427,1,1
06921350,37.90605556,-93.3289167,8.444208872984793e-05,0.4568538129313238,1,1
06926510,38.42144444,-92.20825,8.38047712777217e-05,0.4534057586205992,1,1
07022000,37.22025,-89.4631667,8.20211876360733e-05,0.4437561040511121,1,1
03505550,35.305,-83.6522222,8.053938946079983e-05,0.43573918788346316,1,1
03320000,37.533935,-87.2638873,8.009888492587478e-05,0.4333559429943193,1,1
07020500,37.90075,-89.8302222,7.844990736065256e-05,0.4244345425476757,1,1
07176000,36.3075,-95.6997222,7.441059408755702e-05,0.40258079996272333,1,1
03314500,37.0028201,-86.432768,7.424210701025601e-05,0.40166924075270805,1,1
03316500,37.2639316,-86.9777726,7.362064255849971e-05,0.3983069553254199,1,1
07099973,38.25388889,-104.5958333,7.184807738780148e-05,0.3887169135691872,1,1
07077555,35.03555556,-91.3225,7.150229266384632e-05,0.38684612766172677,1,1
03478400,36.63177439,-82.1337425,7.10548104869827e-05,0.3844251319024557,1,1
07359002,34.4261111,-92.8908333,6.939903340458883e-05,0.3754669442873197,1,1
07344370,33.08944444,-93.8594444,6.931591638769554e-05,0.3750172594600215,1,1
07010000,38.629,-90.1797778,6.7886529542204e-05,0.36728390231148067,1,1
05593000,38.61027778,-89.3575,6.75593464361664e-05,0.36551375602817165,1,1
383619104520401,38.6052735,-104.8683099,6.667757634652436e-05,0.3607431489335207,1,1
07047950,34.97277778,-90.8855556,6.549578363150521e-05,0.35434934086846603,1,1
07030050,35.63733496,-89.609455,6.383493654709535e-05,0.3453637232147389,1,1
05586100,39.70319444,-90.6430833,6.36408602369479e-05,0.34431371955395584,1,1
07076750,35.12888889,-91.4497222,6.334018077331571e-05,0.3426869649165856,1,1
03250500,38.4200749,-83.9974261,6.32406554555667e-05,0.34214850688480597,1,1
06821500,40.0178611,-101.9963056,6.203414126956324e-05,0.33562094918789903,1,1
07288500,33.5473557,-90.5431579,6.201978864594442e-05,0.3355432977355907,1,1
05587450,38.9679722,-90.429,6.120156189552978e-05,0.3311164767462941,1,1
03360000,39.3840681,-87.0208851,6.0469825718032035e-05,0.3271575924058186,1,1
03381500,38.06055556,-88.1572222,6.015777496063878e-05,0.3254693160913931,1,1
03288110,38.20951888,-84.5618868,5.921563174538483e-05,0.3203720745772334,1,1
07290000,32.34777778,-90.6969444,5.883983306028555e-05,0.3183389052802084,1,1
07383500,31.0332528,-91.9826414,5.6877419240821154e-05,0.3077217326183658,1,1
07288955,32.44416667,-90.9141667,5.668269877244405e-05,0.3066682438928742,1,1
05594100,38.45055556,-89.6275,5.6615474718322777e-05,0.30630454415607283,1,1
07198000,35.5731511,-95.0688458,5.619673816723185e-05,0.3040390697598671,1,1
05211000,47.233116,-93.522901,5.606102712997037e-05,0.3033048375095479,1,1
03341300,39.65253694,-87.29361619,5.4673523584412585e-05,0.29579807998165475,1,1
06935965,38.78719444,-90.4718056,5.3856943263265254e-05,0.2913801666058458,1,1
06919020,37.73588889,-93.7796944,5.339132634626276e-05,0.2888610571534676,1,1
06903900,40.8218611,-92.8909722,5.3142447427772946e-05,0.28751455703035894,1,1
384037104472001,38.67694,-104.7894182,5.2610605014594555e-05,0.2846371503011568,1,1
03298500,37.98506585,-85.7174591,5.223504742577099e-05,0.2826052853981195,1,1
07249455,35.3917577,-94.4324373,5.186671071655475e-05,0.28061248734469413,1,1
05518000,41.1828134,-87.3403096,5.139632795099685e-05,0.27806759340359544,1,1
07215500,35.94511667,-105.2557333,5.133355685752613e-05,0.27772798535001314,1,1
05520500,41.15994444,-87.66875,5.048770908864192e-05,0.27315172741766275,1,1
05597000,37.89138889,-89.0194444,5.01815675702351e-05,0.27149542163361,1,1
07289730,32.60305556,-90.3638889,5.008656737686811e-05,0.27098144570973426,1,1
06934500,38.70980556,-91.4385,4.919587217271712e-05,0.2661625514083645,1,1
05507800,39.57405556,-91.5723056,4.887681256482349e-05,0.2644363553773199,1,1
07342500,33.356499,-95.5949562,4.870132755646014e-05,0.26348693552770475,1,1
05599490,37.7583333,-89.3277778,4.8348493489404694e-05,0.2615780108280559,1,1
07039500,36.9281111,-90.2652778,4.8348368887102503e-05,0.26157733669697136,1,1
07060500,36.11666667,-92.1430556,4.827251769115056e-05,0.261166961863671,1,1
03308500,37.26944444,-85.8880556,4.807423371878572e-05,0.26009419364842873,1,1
03267000,40.1075575,-83.7990978,4.751621708671041e-05,0.25707517754073517,1,1
07339000,34.04177757,-94.6199358,4.741604248048683e-05,0.2565332066882785,1,1
03377500,38.3983333,-87.75638889,4.7042381426289426e-05,0.25451160253421545,1,1
07382000,31.00027778,-92.3802778,4.607105511839824e-05,0.24925647284669342,1,1
03212750,37.44122439,-81.5998295,4.591548606933638e-05,0.2484148035523041,1,1
07341200,33.9622222,-94.0616667,4.5733384399303855e-05,0.24742958583034935,1,1
03375500,38.41366486,-86.8766583,4.557885570446859e-05,0.24659354512476414,1,1
06775500,41.83091667,-100.0995278,4.556659519715791e-05,0.2465272125695466,1,1
05454500,41.6566833,-91.541,4.545159328627231e-05,0.24590502211603285,1,1
07169500,37.50796389,-95.8334222,4.511798270401582e-05,0.24410010150321237,1,1
05508000,39.6125,-91.4073611,4.502289974447363e-05,0.24358567779265478,1,1
03251500,38.60007244,-84.2663239,4.467922089010635e-05,0.24172628519113015,1,1
05428500,43.08944444,-89.3608333,4.454866386256067e-05,0.2410199374830572,1,1
05453520,41.71529444,-91.5301667,4.424757405976623e-05,0.2393909628033634,1,1
07156900,37.0111372,-100.4918171,4.39022484685436e-05,0.23752266092421934,1,1
03203600,37.84232616,-81.9759574,4.385384814274651e-05,0.23726080248703335,1,1
07288280,33.8325,-90.67,4.374645415492676e-05,0.2366797728895974,1,1
06409000,44.01359238,-103.8304784,4.350193853834955e-05,0.23535687937245653,1,1
03584600,35.0142361,-86.9946574,4.267977760599472e-05,0.23090877342861682,1,1
06430770,44.29921736,-103.8681641,4.2484445782540197e-05,0.22985197711206048,1,1
07245000,35.26231927,-95.2371891,4.204612539623593e-05,0.22748054903891937,1,1
410121081330300,41.02255558,-81.55067419,4.204202514103883e-05,0.22745836558456664,1,1
07216500,35.8908722,-105.1636194,4.183243916658437e-05,0.22632445057835715,1,1
05517530,41.25390845,-87.0338854,4.171554693945936e-05,0.2256920330189699,1,1
07292500,31.3247222,-91.1094444,4.116531462702304e-05,0.2227151321190079,1,1
07362000,33.59638889,-92.8180556,4.099312417452954e-05,0.22178353667939604,1,1
07285500,33.78777778,-89.8097222,4.042503536009892e-05,0.21871002742755155,1,1
06835500,40.2347215,-100.8782139,4.029402876285412e-05,0.21800124742967722,1,1
07174400,36.75564425,-95.9722064,4.028826380705834e-05,0.21797005750914947,1,1
06906200,39.75144444,-92.5189444,4.024555287892348e-05,0.21773898020320226,1,1
07312100,33.7600934,-99.1428495,4.0135239551227454e-05,0.21714215621254632,1,1
06828500,40.14055556,-101.2297222,4.00692091948074e-05,0.21678491469290287,1,1
07194500,35.7695432,-95.2971867,4.0032629202568884e-05,0.21658700735566694,1,1
05517500,41.22001988,-86.96832769,3.996720448669888e-05,0.21623304250999875,1,1
07029500,35.275356,-88.976626,3.9168134650956436e-05,0.21190986544571205,1,1
03234300,39.3203421,-82.9782349,3.8947585402580704e-05,0.21071663625662906,1,1
03247500,39.13700548,-84.2379918,3.8871639850944677e-05,0.21030575093436882,1,1
05455700,41.42377778,-91.4785278,3.875142537942685e-05,0.20965535916281816,1,1
03376500,38.39033185,-87.548902,3.870032157420122e-05,0.2093788741939619,1,1
06919900,37.8698333,-93.8031667,3.8242580605224676e-05,0.20690237568288358,1,1
05429500,43.00888889,-89.305,3.8163139152198757e-05,0.2064725766186301,1,1
07074500,35.60527778,-91.2888889,3.77555047194042e-05,0.20426716758972643,1,1
07291000,31.50305556,-90.7775,3.739890204788684e-05,0.20233785375305186,1,1
07138070,37.9697438,-101.1287719,3.680766612953349e-05,0.1991391126074387,1,1
06834000,40.35166667,-101.1236111,3.677153237113849e-05,0.1989436195121517,1,1
06852500,40.0041807,-98.1322678,3.642690359415851e-05,0.19707908758053558,1,1
05425912,43.44444444,-88.845,3.618929417353411e-05,0.1957935583920293,1,1
05401050,44.2625,-89.8102778,3.600191227861592e-05,0.19477977327070728,1,1
03281000,37.55508768,-83.5937993,3.576760335429562e-05,0.1935121006315092,1,1
07331600,33.81899124,-96.5633264,3.553705333855753e-05,0.1922647646720886,1,1
05568500,40.55343889,-89.7772722,3.513439743218253e-05,0.19008629077484457,1,1
07249413,35.16565268,-94.6530016,3.496806043108307e-05,0.18918636404012149,1,1
07137000,38.0383503,-102.039078,3.49569899484986e-05,0.18912646983030526,1,1
410014081362600,41.0039441,-81.6070666,3.4898881955794736e-05,0.18881209037300078,1,1
03466208,36.20592158,-82.65041619,3.449873180002145e-05,0.18664717324269453,1,1
06775900,41.7786111,-100.5252778,3.445123517473907e-05,0.18639020406194576,1,1
05076000,48.186179,-96.169948,3.4271070068967675e-05,0.18541546365977302,1,1
07364133,33.86638889,-91.6561111,3.425360236812938e-05,0.18532095882396005,1,1
03294500,38.28034736,-85.7991305,3.409596546965502e-05,0.18446810192274007,1,1
03342000,39.0203229,-87.568625,3.408949803496063e-05,0.18443311140741223,1,1
03270000,39.79728106,-84.088548,3.3886245598077175e-05,0.18333346249802937,1,1
03303280,37.89950088,-86.70554179,3.369819345709743e-05,0.1823160511699966,1,1
07369680,33.10027778,-91.2544444,3.366016657729081e-05,0.1821103157921199,1,1
03269500,39.91888889,-83.87611111,3.3207504768866925e-05,0.17966129686971438,1,1
06836500,40.14583655,-100.6732083,3.3177807117295095e-05,0.1795006247977681,1,1
05345000,44.66663318,-93.0549358,3.309753035637234e-05,0.17906630649905017,1,1
05474500,40.39365535,-91.374318,3.254623214755617e-05,0.17608363882054628,1,1
07130500,38.06639635,-102.9324228,3.245446933097643e-05,0.17558717795286344,1,1
03475000,36.7131694,-81.8187334,3.236865620153983e-05,0.17512290645067327,1,1
07340000,33.91944444,-94.3866667,3.229652935214975e-05,0.17473268130756955,1,1
07069000,36.25416667,-90.9702778,3.208579697987522e-05,0.17359256398894557,1,1
05489500,41.0108472,-92.4112917,3.1981202318210644e-05,0.17302667947907044,1,1
07074420,35.76555556,-91.3002778,3.184321712595477e-05,0.17228014345469714,1,1
03106300,40.9633333,-80.12888889,3.180267725163022e-05,0.17206081211839896,1,1
03373500,38.6669945,-86.7919333,3.1644185832698646e-05,0.17120333203773166,1,1
07175500,36.5089816,-95.8419306,3.115679967968928e-05,0.1685664453178328,1,1
03245500,39.17144887,-84.2979933,3.099786600689438e-05,0.16770657252795157,1,1
03374000,38.51088566,-87.2894493,3.089726970014863e-05,0.167162320165239,1,1
07337000,33.55194444,-94.0411111,3.0631619001662867e-05,0.16572508032031566,1,1
03052500,38.96398938,-80.1525806,3.055662965983969e-05,0.1653193683435462,1,1
03565500,35.3276313,-84.7051057,3.0486419833367547e-05,0.16493951479644053,1,1
03167000,36.93900995,-80.8872997,3.0262725560432837e-05,0.16372927020090391,1,1
07373000,31.5362873,-92.4084714,3.0077658002136146e-05,0.162728006246761,1,1
05490500,40.72780556,-91.9596139,2.9837726936135943e-05,0.16142991634880086,1,1
03150000,39.6450711,-81.8498578,2.952925116397585e-05,0.15976098164067043,1,1
07288650,33.39666667,-90.8477778,2.9402366441750283e-05,0.15907450206604815,1,1
03124500,40.5875624,-81.523175,2.931209390437352e-05,0.15858610399911377,1,1
05420500,41.78058635,-90.252073,2.9078160149289113e-05,0.15732046112372766,1,1
07166500,37.5297764,-95.674703,2.903795285121196e-05,0.15710292911201984,1,1
07170500,37.22368014,-95.6777573,2.8933618527270162e-05,0.15653845309739972,1,1
05592000,39.40702778,-88.781,2.8899124381619918e-05,0.1563518307364283,1,1
05425500,43.18805556,-88.7261111,2.8829098990614088e-05,0.1559729750334936,1,1
05488500,41.2813611,-92.8608222,2.879406748498535e-05,0.15578344541431974,1,1
05488110,41.36416667,-92.9754722,2.8697829538421417e-05,0.15526277292151733,1,1
05357245,46.03555556,-89.7055556,2.859142124908355e-05,0.15468707621099384,1,1
05420460,41.82725278,-90.1904056,2.850850900270355e-05,0.154238499245796,1,1
03277200,38.77525,-84.97238889,2.820950134222354e-05,0.15262078950127517,1,1
07227100,35.3443861,-103.3896056,2.8181542852766333e-05,0.15246952675180447,1,1
03213700,37.67315699,-82.2801408,2.8144675885555098e-05,0.1522700668048158,1,1
05127500,48.082538,-91.652421,2.810887471540626e-05,0.15207637309903566,1,1
03267900,39.9642265,-83.8315962,2.8036621566817212e-05,0.1516854646441915,1,1
03510577,35.38444444,-83.2916667,2.7986173987939947e-05,0.1514125300317263,1,1
03253500,38.7103478,-84.3107693,2.7931891373918403e-05,0.1511188468748475,1,1
07047942,35.1447222,-90.8780556,2.7762865923684746e-05,0.15020437492628252,1,1
05046000,46.214467,-96.183734,2.7545554558671196e-05,0.1490286635340955,1,1
03266560,40.25227718,-83.749655,2.7394471117568546e-05,0.1482112625534145,1,1
06449000,43.1459166,-101.5128713,2.7340256141579314e-05,0.1479179453360029,1,1
03202750,37.62316608,-81.7073342,2.7078867024413616e-05,0.14650376176200408,1,1
03331500,41.15724265,-86.56359199,2.6823582446501078e-05,0.14512260534396437,1,1
03578500,35.35633238,-85.9790227,2.682231845667074e-05,0.14511576682798044,1,1
05465500,41.1780861,-91.1820917,2.674694083816391e-05,0.14470795417267418,1,1
03331753,41.04974369,-86.5991488,2.6619047139272432e-05,0.14401601577006795,1,1
05357206,46.03277778,-89.6077778,2.652554011252152e-05,0.14351011826860166,1,1
03286500,37.8292447,-84.723835,2.6169759787976014e-05,0.14158525354439327,1,1
06915000,38.6563999,-94.8963521,2.6136711459778246e-05,0.14140645343445687,1,1
07372200,31.7543363,-92.3445833,2.6108721017804857e-05,0.14125501781350622,1,1
03201405,38.4453673,-82.0068032,2.6092472680634424e-05,0.1411671100544519,1,1
06402000,43.43053476,-103.4763069,2.5926507852318886e-05,0.14026919687195094,1,1
06430850,44.3496865,-103.9359118,2.5883513000317027e-05,0.14003658346353198,1,1
05515500,41.38963889,-86.7061667,2.585098252038202e-05,0.13986058504830637,1,1
06909000,38.980306,-92.7454638,2.5839382389618502e-05,0.1397978253031422,1,1
07027720,35.71876687,-89.2122764,2.583561395675144e-05,0.1397774370944895,1,1
07072500,36.1025,-91.0977778,2.5659918424965592e-05,0.13882687825802872,1,1
07064000,36.40194444,-90.5413889,2.5533507226836593e-05,0.13814296057277095,1,1
07031650,35.1164879,-89.8014706,2.5475497417919922e-05,0.13782911231546666,1,1
07369000,32.5,-91.9180556,2.5237416606337233e-05,0.13654103277843255,1,1
06906500,39.2222512,-92.848798,2.512262952313429e-05,0.135920004598939,1,1
05357230,46.0786111,-89.6672222,2.5063542393875623e-05,0.13560032775646594,1,1
03290500,38.43895654,-84.9632844,2.4775199631463493e-05,0.1340403179033159,1,1
03140500,40.24840465,-81.872909,2.476278443385556e-05,0.13397314843308136,1,1
03212980,37.39538968,-81.8026142,2.466307557890821e-05,0.1334336974169957,1,1
07274000,34.2733333,-89.5213889,2.4605606997596256e-05,0.1331227773427645,1,1
03101500,41.49810898,-80.46006929,2.4532248802925e-05,0.13272589029923648,1,1
07363500,33.7008333,-92.0258333,2.4504625422379607e-05,0.13257644057673387,1,1
07026040,36.24085076,-89.2176397,2.4435298166719385e-05,0.13220136196884008,1,1
03287000,37.92563166,-84.8213381,2.4415716694580276e-05,0.13209542107675507,1,1
03320500,37.1222655,-87.3194431,2.4093302631637382e-05,0.13035107656546072,1,1
05532000,41.88185556,-87.8689333,2.405986651377914e-05,0.13017017841191045,1,1
07164500,36.14064807,-96.0063866,2.4004109774454168e-05,0.12986851985110998,1,1
03176500,37.3728986,-80.8606347,2.3970502503187606e-05,0.12968669571280061,1,1
03408500,36.3855255,-84.5546973,2.3966451142445247e-05,0.12966477679025207,1,1
07165570,35.82277778,-95.6377778,2.392074236853651e-05,0.12941748035362047,1,1
401733105392404,40.29305556,-105.6544444,2.388047851899259e-05,0.12919964238366827,1,1
06434505,44.70092898,-103.7327817,2.3872936353888212e-05,0.12915883729538205,1,1
03467609,36.126332,-83.1752965,2.371861312606562e-05,0.12832390822014117,1,1
05527500,41.3463333,-88.1867222,2.3712877297767587e-05,0.12829287588700386,1,1
07369500,32.43208704,-91.36678139,2.3650637618107295e-05,0.12795614292129764,1,1
07335500,33.8751049,-95.5019023,2.36449616666167e-05,0.12792543453736854,1,1
06823000,40.06943516,-102.0512979,2.3623089817167657e-05,0.12780710210425428,1,1
03129000,40.2614593,-81.6090097,2.3517478299908494e-05,0.1272357161393278,1,1
05430500,42.6136111,-89.0716667,2.3362514467443884e-05,0.12639732122521805,1,1
07063000,36.75975,-90.3878333,2.329184346244332e-05,0.12601497258150451,1,1
03491000,36.42620656,-82.9518304,2.3214797492113723e-05,0.12559813370594472,1,1
07170990,37.0053578,-95.5927549,2.3214250395619727e-05,0.1255951737706437,1,1
05357215,46.02388889,-89.6527778,2.3105499270535637e-05,0.12500680170521328,1,1
03185400,37.95511285,-81.07648838,2.3021931928458105e-05,0.12455468050074145,1,1
03330500,41.32057424,-85.7891216,2.2930692916060727e-05,0.12406105355085412,1,1
03289000,38.0431322,-84.6263318,2.2919087317494024e-05,0.12399826422344286,1,1
07375280,31.0122222,-90.4611111,2.279379999090442e-05,0.12332042697752214,1,1
06746110,40.5619264,-105.8639,2.2769558316406838e-05,0.1231892731703077,1,1
06088500,47.56126667,-111.5417694,2.2765765999318062e-05,0.12316875574176096,1,1
03474000,36.80733756,-81.6220617,2.2455255325161093e-05,0.12148881168094636,1,1
03598000,35.48035,-86.4991609,2.2432240795749915e-05,0.12136429705000261,1,1
03173000,37.26817845,-80.7095125,2.241817467911316e-05,0.12128819567549495,1,1
05355200,44.564233,-92.731577,2.2297576938374272e-05,0.12063573031709142,1,1
05517000,41.30279685,-86.62053829,2.2297180542824577e-05,0.12063358571336322,1,1
03214500,37.83731869,-82.4087578,2.215442680608748e-05,0.11986125061460476,1,1
03601990,35.7842341,-87.46001419,2.2047942797878955e-05,0.11928514424516248,1,1
03341500,39.4657222,-87.4195,2.189692653850778e-05,0.11846810673524168,1,1
06470000,46.8897222,-98.6816667,2.1784615988382295e-05,0.11786047724822846,1,1
03488000,36.89678115,-81.7462293,2.1702584569195662e-05,0.11741666578880947,1,1
05245100,45.97509,-94.865925,2.1616510178361052e-05,0.1169509807940394,1,1
03237020,39.07006954,-83.0196224,2.1469785877756802e-05,0.1161571639049856,1,1
06843500,40.28444444,-100.1436111,2.1461713681664385e-05,0.11611349121025456,1,1
03048500,40.6045099,-79.5519887,2.1444129310338502e-05,0.11601835515655116,1,1
07030392,35.03258978,-89.246736,2.131909356307231e-05,0.11534187902065134,1,1
03210000,37.5670444,-82.45792659,2.1304318486964447e-05,0.11526194198974933,1,1
03225500,40.35506096,-83.0671318,2.130078450066493e-05,0.11524282219842173,1,1
03473000,36.65178127,-81.8440102,2.120088329699099e-05,0.11470233052535474,1,1
05592100,39.2298611,-88.8418333,2.10969017212215e-05,0.11413976297072119,1,1
03034500,40.8361756,-79.1100356,2.104278873859737e-05,0.11384699756412388,1,1
06792500,41.40916667,-97.7936111,2.1018507697458477e-05,0.11371563077307097,1,1
05311000,44.93330769,-95.7336354,2.0912234815603877e-05,0.11314066665249121,1,1
03287500,38.2113333,-84.8741111,2.0864769279664373e-05,0.11288386567322876,1,1
394839104570300,39.8109722,-104.9515833,2.0855958865629203e-05,0.11283619902610985,1,1
03015000,41.9381145,-79.133101,2.0845949673481596e-05,0.11278204667547785,1,1
05426067,43.08777778,-88.3761111,2.0839162318634386e-05,0.11274532530834556,1,1
03500000,35.15,-83.3797222,2.0800165815868076e-05,0.11253434401634115,1,1
03287250,38.0528805,-84.8311989,2.07874053357914e-05,0.11246530647753138,1,1
03198350,37.9662186,-81.524278,2.0703690127017926e-05,0.11201238527551255,1,1
07182510,38.19446678,-95.735264,2.0570771203130268e-05,0.11129325908971818,1,1
05429700,42.9197239,-89.2203937,2.054066977561135e-05,0.11113040248416109,1,1
03136500,40.4056175,-82.4998854,2.0503501907737888e-05,0.11092931458579275,1,1
03102500,41.42199889,-80.376178,2.038227069476509e-05,0.11027342197671598,1,1
03232500,39.21839888,-83.3854695,2.0300338029935977e-05,0.10983014480423205,1,1
03198500,38.1798222,-81.7115106,2.026841483995596e-05,0.10965743198669432,1,1
03074500,39.9800758,-79.7642085,2.022339273818359e-05,0.10941385062613973,1,1
401723105400000,40.29,-105.6666667,2.0189217916599377e-05,0.10922895589198713,1,1
06339500,47.1543948,-102.0599856,2.015906155759628e-05,0.10906580209271569,1,1
05545750,42.61085116,-88.225923,1.9934647818608462e-05,0.10785166499742471,1,1
03202400,37.60400034,-81.6451096,1.990664998940981e-05,0.10770018940965088,1,1
03193000,38.1381632,-81.2142745,1.9897889847721004e-05,0.10765279474909063,1,1
06895500,39.2150194,-93.5152118,1.989170411548564e-05,0.10761932831783572,1,1
06890900,39.07500017,-95.4038634,1.9734264340279423e-05,0.10676753790511721,1,1
03155000,39.0589686,-81.38956408,1.971990933919769e-05,0.10668987359011188,1,1
03436100,36.5547222,-87.1419444,1.9643409375431318e-05,0.10627598875304221,1,1
03353120,39.7758686,-86.0638538,1.963694449632883e-05,0.1062410120641358,1,1
05243725,46.874919,-95.066273,1.9543508233213224e-05,0.10573549741246743,1,1
03327500,40.75,-86.0666667,1.9542347260450013e-05,0.10572921624579379,1,1
03436690,36.3106833,-87.5539407,1.944173622139586e-05,0.1051848841774348,1,1
03550000,35.13888889,-83.9805556,1.938842252423724e-05,0.10489644311451526,1,1
03383000,37.22393575,-87.7805659,1.9344747983131714e-05,0.10466015241005484,1,1
07179730,38.46695699,-96.2505533,1.9321087055083692e-05,0.10453214059321296,1,1
03234500,39.21228934,-82.8637854,1.9243918686721757e-05,0.10411463951224575,1,1
03336000,40.1400311,-87.40667549,1.9232626085986686e-05,0.10405354358506858,1,1
03310300,37.56200389,-86.0366333,1.9217753535752597e-05,0.10397307919361808,1,1
05594800,38.4061111,-89.8738889,1.9197601691061557e-05,0.10386405243666331,1,1
06449500,43.3255586,-100.8837556,1.9175446079941498e-05,0.10374418477859998,1,1
07031692,35.16937845,-89.8661226,1.9174489878057278e-05,0.10373901147600517,1,1
03068800,38.91316335,-79.770342,1.9162445471774632e-05,0.10367384808393981,1,1
05301000,45.021208,-95.868503,1.911673150647964e-05,0.10342652356054907,1,1
03151400,38.7434337,-80.5253667,1.9062613716612545e-05,0.10313373214550846,1,1
07263300,34.86305556,-92.4852778,1.9054808559984043e-05,0.10309150420420699,1,1
06036940,44.732725,-110.7132528,1.8986429395667603e-05,0.10272155501876032,1,1
06824000,40.0422222,-101.7280556,1.8907438440944985e-05,0.10229419326829998,1,1
03497300,35.66453328,-83.7112821,1.8894114888943772e-05,0.10222210936292649,1,1
06876900,38.96899167,-97.4770444,1.888067182293552e-05,0.10214937885547772,1,1
03575100,34.7492568,-86.4466551,1.8867425520618156e-05,0.10207771289112325,1,1
03361650,39.7142026,-85.8855147,1.8717326098285874e-05,0.10126563570967555,1,1
03240000,39.74839296,-83.9313196,1.8630129198440306e-05,0.10079387764720406,1,1
03149500,39.9086814,-81.8604105,1.862487752611809e-05,0.10076546472468213,1,1
07030500,35.05425748,-89.5411896,1.8606536390192826e-05,0.10066623437632166,1,1
06823500,40.03944444,-101.8666667,1.8590040134530946e-05,0.10057698531330606,1,1
03276500,39.4074722,-85.01288889,1.8573159972246543e-05,0.10048565921492873,1,1
03209500,37.4642676,-82.5262632,1.8560175211160266e-05,0.10041540825712443,1,1
384048104504901,38.6799938,-104.8480298,1.8531968048579397e-05,0.10026280012093453,1,1
03410210,36.47739057,-84.6693508,1.8384638430214174e-05,0.09946570830427892,1,1
07377000,30.8890694,-90.8445454,1.838425126872305e-05,0.09946361365922572,1,1
07230000,35.22173637,-97.2139165,1.8330280618436924e-05,0.09917161830784967,1,1
03277300,37.11759849,-82.82460429,1.83162981472798e-05,0.0990959694772911,1,1
07311800,33.644257,-99.8009252,1.8287730772808978e-05,0.09894141250044766,1,1
03456500,35.46166667,-82.8697222,1.82119693898222e-05,0.09853152357880822,1,1
03325000,40.79085717,-85.8202341,1.816299623403239e-05,0.09826656598135425,1,1
03588500,35.02415329,-87.5790219,1.8162830154948676e-05,0.09826566745002012,1,1
07171000,36.85119615,-95.5860882,1.8008235249227533e-05,0.09742926852620362,1,1
06917560,37.8647222,-94.5822222,1.7972404777503084e-05,0.0972354162912262,1,1
03329000,40.74641335,-86.3774748,1.7947028944771635e-05,0.0970981263909638,1,1
05336700,46.105191,-92.864309,1.7939254245906892e-05,0.09705606323414026,1,1
05051500,46.26607,-96.5986848,1.789014248631465e-05,0.09679035575381889,1,1
03504000,35.1275,-83.6186111,1.7862081137235866e-05,0.09663853650685954,1,1
05378500,44.05571,-91.637823,1.784807186066246e-05,0.09656274265197935,1,1
03216500,38.3300813,-82.9393353,1.779521260535966e-05,0.09627676023850479,1,1
03228805,40.18228495,-82.9615711,1.771345102985186e-05,0.09583440870405242,1,1
05424057,43.45027778,-88.6322222,1.7684835252945552e-05,0.09567958985735782,1,1
06657000,42.2410095,-104.6280247,1.7678478002615767e-05,0.09564519546829654,1,1
07368000,32.48125346,-91.797904,1.765892357247672e-05,0.09553940088051338,1,1
03302050,38.04693096,-85.8572681,1.7623202018087856e-05,0.09534613791684374,1,1
03014500,42.11263889,-79.20363889,1.7486519585796383e-05,0.09460665016503243,1,1
03433500,36.0545965,-86.9285018,1.7436311108485186e-05,0.09433500915465334,1,1
03260706,40.31116317,-83.9124371,1.7435957689121628e-05,0.09433309706334633,1,1
05446500,41.5561111,-90.1852778,1.740393428841786e-05,0.09415984207955089,1,1
06875900,39.4738987,-98.2836658,1.7390390310472474e-05,0.09408656561209633,1,1
05129115,48.265068,-92.5654257,1.737848148598272e-05,0.0940221357530354,1,1
05316580,44.545551,-94.994976,1.7365612810440712e-05,0.093952512848425,1,1
05304500,45.1085449,-95.79877,1.7295886561969525e-05,0.09357527558493936,1,1
05288705,45.049798,-93.310445,1.7284244863877637e-05,0.09351229094964346,1,1
06634620,41.96105917,-106.2092391,1.7235554005079652e-05,0.09324886065284056,1,1
05536195,41.5775,-87.5222222,1.7143679967933984e-05,0.09275179805277065,1,1
06898000,40.64027778,-93.8080556,1.7046862458245807e-05,0.0922279899716955,1,1
06808500,40.87327778,-95.5814444,1.6997509941684636e-05,0.09196097993312503,1,1
03298250,38.0792321,-85.6160683,1.6898751050598862e-05,0.09142666847029812,1,1
06464500,43.0270872,-99.780921,1.6874596649817184e-05,0.09129598683674113,1,1
07001910,38.7787222,-90.2329167,1.6831114563435702e-05,0.09106073736273602,1,1
06893000,39.1117222,-94.5881389,1.6663294612459103e-05,0.09015278748083658,1,1
03277075,38.99416667,-84.7161111,1.665181658693317e-05,0.09009068835698353,1,1
05289800,44.91550278,-93.21293889,1.6649656266665203e-05,0.0900790004586094,1,1
03045000,40.29257045,-79.340591,1.663563114105855e-05,0.09000312085630895,1,1
03010655,41.96173237,-78.1980662,1.6529481825518906e-05,0.0894288252618515,1,1
03118500,40.7497222,-81.3694444,1.6519973846006947e-05,0.08937738460283123,1,1
03285000,37.6420234,-84.6607768,1.650881127102583e-05,0.08931699214903287,1,1
05587900,38.82444444,-89.9747222,1.6452883132393807e-05,0.08901440627309681,1,1
06479770,44.4675224,-96.8874204,1.643532430833435e-05,0.08891940843679484,1,1
07311900,33.70036966,-99.3886905,1.6420267054893653e-05,0.08883794475262827,1,1
03067510,38.6170576,-79.8697849,1.6387722699820806e-05,0.08866187126927344,1,1
03069500,39.12155556,-79.6755278,1.6342994327509354e-05,0.08841987906202152,1,1
03330241,41.31638889,-85.6922222,1.6303341459748066e-05,0.08820534666351156,1,1
06874000,39.42778826,-98.6942395,1.628380032217886e-05,0.08809962399201217,1,1
06461500,42.90207778,-100.3625278,1.626071684049128e-05,0.0879747363111965,1,1
07152500,36.50421677,-96.7283672,1.6253736161808014e-05,0.08793696901148532,1,1
03451000,35.5683333,-82.5447222,1.6181511559790777e-05,0.08754621500107014,1,1
07103980,38.93943809,-104.7410863,1.6175285856138057e-05,0.08751253231398,1,1
03142000,40.01451644,-81.5870674,1.6174958637972777e-05,0.08751076197801701,1,1
07376500,30.50435795,-90.545924,1.6165058247741464e-05,0.0874571982742442,1,1
03165000,36.6459613,-80.9192444,1.611586856097278e-05,0.08719106918749142,1,1
03540500,35.9831307,-84.557992,1.609396671409518e-05,0.0870725744604332,1,1
03171000,37.14179254,-80.56922499,1.607691653346272e-05,0.08698032851827008,1,1
07077380,35.8575,-90.9330556,1.603167036291783e-05,0.0867355348869791,1,1
06154400,48.2237333,-108.7140528,1.598199855482766e-05,0.08646679739762368,1,1
06827500,40.01027778,-101.5419444,1.5945219173249913e-05,0.0862678113118483,1,1
06040800,45.4865944,-111.6338583,1.5935705916085442e-05,0.08621634209934588,1,1
07361500,34.03888889,-93.4180556,1.5861926213333988e-05,0.08581717458672339,1,1
03301500,37.7672853,-85.7038488,1.5838172263215658e-05,0.08568865949612137,1,1
05051522,46.65968548,-96.7959154,1.5827930371751756e-05,0.0856332481812511,1,1
03226800,40.110341,-83.0318515,1.58166422674353e-05,0.08557217658087611,1,1
07191500,36.2295379,-95.182741,1.5769973076913874e-05,0.08531968403886495,1,1
07177500,36.27842534,-95.954162,1.5743467309440325e-05,0.08517628089575105,1,1
05540195,41.80194444,-88.06888889,1.572906900383558e-05,0.08509838229193604,1,1
07010208,38.4912222,-90.293,1.5721526729105025e-05,0.08505757661054353,1,1
03599500,35.6180856,-87.0323384,1.5690522462209598e-05,0.08488983540753241,1,1
07183000,37.92225778,-95.4277596,1.564860080369818e-05,0.08466302825693457,1,1
07024000,36.6286707,-88.963951,1.5626661784895726e-05,0.08454433242002865,1,1
07227500,35.4703261,-101.879628,1.5607230024547185e-05,0.08443920150793575,1,1
07133000,38.10579167,-102.6182056,1.5597834684335294e-05,0.08438837025702577,1,1
03015500,41.8525587,-79.3172708,1.55860200165095e-05,0.08432444981017374,1,1
07344493,33.07293056,-94.9652278,1.5506805663067558e-05,0.08389587941414031,1,1
03011800,41.76645099,-78.71863999,1.5500344832459046e-05,0.08386092462864649,1,1
03337000,40.11130556,-88.2265556,1.5489073384952995e-05,0.0837999431459777,1,1
03376300,38.3803275,-87.21667529,1.5470863009593783e-05,0.08370142024652194,1,1
03574500,34.62428955,-86.3063635,1.5466117621233724e-05,0.08367574645281618,1,1
06837000,40.18777778,-100.6186111,1.545899989343178e-05,0.0836372376814838,1,1
03282290,37.78396929,-84.1032602,1.5446177384309326e-05,0.08356786454929281,1,1
07096250,38.66388094,-105.228041,1.5436195921615736e-05,0.08351386222226859,1,1
05576000,39.7422222,-89.5672778,1.5417083177390914e-05,0.08341045727094595,1,1
03049800,40.5203462,-79.93810799,1.540204866689055e-05,0.08332911663204227,1,1
03026500,41.63117349,-78.5766898,1.5391311632219418e-05,0.08327102646275743,1,1
07372050,31.93694444,-92.6033333,1.5358547919891998e-05,0.08309376619921215,1,1
07054080,36.77963889,-92.9072778,1.5353011704269353e-05,0.08306381382292137,1,1
07208500,36.37234444,-104.9692889,1.5330090700207948e-05,0.08293980518861144,1,1
03197000,38.47203988,-81.2841933,1.5312244271500347e-05,0.08284325133584781,1,1
07099970,38.25361396,-104.6060854,1.5285761591292137e-05,0.08269997310088528,1,1
03230800,39.7150611,-83.2571369,1.528355773249059e-05,0.08268804964764302,1,1
07032200,35.04982264,-89.818971,1.5264564442019266e-05,0.08258529097240824,1,1
03228300,40.2361735,-82.8512892,1.5166176792109735e-05,0.08205298802156197,1,1
07338500,33.94122094,-94.7585482,1.5132242359584899e-05,0.08186939385517143,1,1
05125000,47.840058,-91.695358,1.5128435069049157e-05,0.08184879541635551,1,1
07385700,30.07103537,-91.8292836,1.5122709825528139e-05,0.08181782034963368,1,1
06449100,43.10069918,-101.232234,1.5091126093420522e-05,0.0816469440880797,1,1
07240000,35.55305556,-97.61972222,1.5014326166830002e-05,0.08123143637357993,1,1
03198000,38.37148448,-81.7020701,1.5006634526716413e-05,0.08118982258635078,1,1
03471500,36.7603931,-81.63122929,1.4998363177886181e-05,0.08114507242315591,1,1
05030500,46.369544,-96.017084,1.4961286780586814e-05,0.08094447940454688,1,1
07184000,37.28116187,-95.0327471,1.49555281535023e-05,0.08091332372400437,1,1
05362000,45.30803838,-90.9565247,1.4949911156722456e-05,0.08088293430049893,1,1
03350700,40.0289211,-85.9955181,1.4939418145943505e-05,0.08082616436437348,1,1
05588000,38.84166667,-90.0330556,1.489606100183409e-05,0.08059159086077897,1,1
06883000,40.3325,-98.0669444,1.4875121430321697e-05,0.08047830229543818,1,1
07249920,35.57305556,-94.5569444,1.48642903390586e-05,0.08041970325536013,1,1
03508050,35.28777778,-83.14388889,1.4815810574277085e-05,0.08015741503246566,1,1
06857100,39.0427758,-96.8294533,1.4762395602950331e-05,0.07986842604977581,1,1
03184000,37.64012018,-80.805083,1.4753892513149967e-05,0.07982242210724638,1,1
06018500,45.38338889,-112.4528306,1.4663079222254477e-05,0.07933109842216822,1,1
06908000,38.99224236,-93.1968713,1.4640475212262531e-05,0.07920880480878549,1,1
03175500,37.30567654,-80.8497993,1.459264649008208e-05,0.0789500388968517,1,1
06935955,38.72791667,-90.4475833,1.4565684337054608e-05,0.07880416658837712,1,1
05443500,41.7722222,-89.7455556,1.4555382150778353e-05,0.0787484290627826,1,1
07351500,32.3,-93.8277778,1.4551611829481921e-05,0.0787280306372325,1,1
06892513,39.02916667,-94.8172222,1.4531449626603643e-05,0.07861894783977226,1,1
05578500,40.11516944,-89.049175,1.4518164868173544e-05,0.07854707381777738,1,1
06720990,40.0688333,-104.8319861,1.4464760432796793e-05,0.0782581418373361,1,1
03371500,38.7703263,-86.4096988,1.4429952698246377e-05,0.07806982287829503,1,1
03183500,37.7242874,-80.641468,1.441784309793661e-05,0.07800430676947055,1,1
06326500,46.4294361,-105.3103306,1.4408485858990576e-05,0.07795368165638646,1,1
05483600,41.68741667,-94.3710556,1.4407730146792266e-05,0.07794959305549479,1,1
03051000,39.0292694,-79.93590799,1.4361736274057575e-05,0.07770075415955574,1,1
05558300,41.10727778,-89.3562222,1.435395440052737e-05,0.07765865218591322,1,1
07178000,36.24870534,-95.867213,1.435002300932293e-05,0.07763738232998131,1,1
03010500,41.963398,-78.3861287,1.434822076475801e-05,0.07762763171493019,1,1
07343000,33.47483009,-95.5877347,1.4344549731557705e-05,0.07760777046398076,1,1
03238772,38.98666667,-84.3652778,1.4328491252518435e-05,0.0775208898871343,1,1
07316500,35.62643705,-99.6684386,1.431464552044513e-05,0.07744598085082717,1,1
03054500,39.15037545,-80.038691,1.4296253105633384e-05,0.07734647307026239,1,1
05595200,38.32388889,-89.9705556,1.4289437432642673e-05,0.07730959849455808,1,1
03284000,37.89396779,-84.26048609,1.4236116251669094e-05,0.07702111694223984,1,1
06818000,39.75325,-94.8568333,1.4234188047124631e-05,0.07701068485071416,1,1
03228500,40.1036745,-82.8840675,1.4200940094840669e-05,0.07683080472219576,1,1
03113990,39.9067395,-80.9359288,1.4174315654162727e-05,0.0766867595259691,1,1
03513000,35.4275,-83.4469444,1.4166545643864868e-05,0.0766447217355202,1,1
07043500,36.83452778,-89.7300556,1.415955795303561e-05,0.07660691649826291,1,1
03007800,41.81867578,-78.29279129,1.4156270260761437e-05,0.0765891292221096,1,1
03061000,39.42230818,-80.2759187,1.4152502480519725e-05,0.07656874454433096,1,1
03529500,36.86898536,-82.7754387,1.4136357597725245e-05,0.07648139650054221,1,1
03460795,35.7836111,-83.1119444,1.4107762209366489e-05,0.07632668796122902,1,1
05124480,47.922814,-91.535142,1.4053121049174945e-05,0.07603106497567781,1,1
07052000,37.1869722,-93.3313333,1.4000167057791776e-05,0.07574457001519987,1,1
03260100,39.0797222,-84.6852778,1.396391018655565e-05,0.07554841084720276,1,1
03056250,39.33648107,-79.9934094,1.3962590883271304e-05,0.07554127307094767,1,1
06174500,48.13005278,-106.3643139,1.3957781351620576e-05,0.07551525224524216,1,1
410433081312500,41.0758891,-81.52345,1.395635235757382e-05,0.07550752101323764,1,1
03021350,42.015332,-79.7825507,1.392466052351296e-05,0.07533605989180787,1,1
05357225,46.06138889,-89.6472222,1.3924491299153169e-05,0.07533514434370653,1,1
06221400,43.34616667,-109.4087778,1.3908452178179716e-05,0.07524836849906545,1,1
07261000,35.2986111,-92.4038889,1.3882585690918406e-05,0.0751084240293085,1,1
06813500,40.05205556,-95.42175,1.3877325164601255e-05,0.07507996320435537,1,1
05502000,39.67825,-91.4096111,1.3876198926184938e-05,0.07507386995959434,1,1
03241500,39.72238889,-83.8823056,1.3856111493967795e-05,0.07496519169099108,1,1
03518500,35.3620163,-84.2790141,1.3850521073931527e-05,0.07493494605462807,1,1
05426000,43.1,-88.8494444,1.3845149501637533e-05,0.07490588444186055,1,1
05437500,42.45027778,-89.0725,1.3823637810597034e-05,0.0747895005600514,1,1
03282060,37.60189058,-83.83336439,1.3802109278637715e-05,0.07467302556446129,1,1
05531300,41.88616667,-87.9595556,1.3791785662037792e-05,0.07461717209520374,1,1
03450000,35.65305556,-82.4052778,1.3761377956164537e-05,0.07445265844354439,1,1
072632971,34.8897222,-92.6466667,1.3752532294368432e-05,0.07440480109680844,1,1
05536290,41.60702778,-87.5975833,1.3752039763164974e-05,0.07440213637401828,1,1
05536190,41.56112789,-87.480567,1.373837264019209e-05,0.07432819365971689,1,1
03586500,34.67009046,-87.3172429,1.3682861070819277e-05,0.07402786153256041,1,1
03180500,38.54372659,-79.833115,1.3665944322000994e-05,0.07393633749145385,1,1
07069305,36.3136111,-91.4827778,1.3640589877383674e-05,0.0737991633064898,1,1
03168000,36.93762235,-80.7456257,1.3633638086644338e-05,0.07376155229812019,1,1
03050000,38.809275,-79.8817342,1.3624757681133634e-05,0.07371350697878991,1,1
03271000,39.76672525,-84.2366086,1.357808122575539e-05,0.0734609751320009,1,1
05471050,41.68180556,-93.2468333,1.3571694865113802e-05,0.07342642324852963,1,1
05427085,42.9289722,-88.8395278,1.3563455862110364e-05,0.07338184808472814,1,1
06701900,39.25999025,-105.2219379,1.355603193245265e-05,0.07334168268117079,1,1
03031500,41.10061789,-79.68116,1.3554056160533458e-05,0.07333099323769132,1,1
07268000,34.4825,-89.2244444,1.3543648580231487e-05,0.07327468550281807,1,1
05551540,41.73355,-88.3333361,1.3542126556637427e-05,0.07326645095660092,1,1
08013000,30.99666667,-92.6736111,1.3477778783612903e-05,0.07291831265374649,1,1
03049500,40.6152958,-79.7183667,1.3469802333549479e-05,0.07287515797010537,1,1
03479000,36.23916667,-81.8222222,1.3447188522840017e-05,0.07275281133227436,1,1
03434500,36.1220032,-87.09889379,1.34373088443249e-05,0.07269935968430995,1,1
06429997,44.5763739,-104.0560453,1.3422326404715149e-05,0.07261830076256032,1,1
06892360,38.95666667,-94.9736111,1.3419489054670706e-05,0.07260294995580124,1,1
05544200,42.85666667,-88.3277778,1.3401228270267432e-05,0.07250415433021645,1,1
03116077,40.96638889,-81.8505556,1.3375576610650174e-05,0.07236537213427086,1,1
03340500,39.7925352,-87.3738966,1.3347180701845247e-05,0.07221174283158172,1,1
06844500,40.13166667,-99.5025,1.3342265598027487e-05,0.07218515083280631,1,1
06713500,39.74248685,-104.9999817,1.3338455923215717e-05,0.07216453949443269,1,1
03200500,38.33898309,-81.841518,1.3331816831910389e-05,0.07212862027188786,1,1
03141870,39.99007179,-81.4956758,1.3326445190363509e-05,0.07209955828444409,1,1
05079000,47.7753946,-96.6100767,1.3291089171734924e-05,0.07190827296496062,1,1
03085500,40.4006247,-80.0964444,1.3217271459956085e-05,0.07150889981354654,1,1
07050690,37.17794444,-93.1983889,1.3089912201851654e-05,0.07081985287555259,1,1
06477000,43.9738721,-98.070916,1.3079096960459359e-05,0.07076133958742621,1,1
06476000,44.36359475,-98.199257,1.30762197795558e-05,0.07074577328528879,1,1
05440700,42.12218889,-89.2553639,1.3036577308091899e-05,0.07053129713347017,1,1
03432400,35.94819856,-86.8817337,1.3028003025501888e-05,0.07048490801930545,1,1
07197360,35.7850906,-94.8563398,1.3024976742979255e-05,0.07046853503836349,1,1
06865500,38.61146944,-97.9525639,1.3003232194804268e-05,0.07035089133847831,1,1
05530000,42.04947275,-87.918123,1.2990571724057398e-05,0.07028239487633231,1,1
03599240,35.5763595,-86.7785853,1.2959928675023811e-05,0.0701166079565461,1,1
03111500,40.19340427,-80.7342482,1.293868892889792e-05,0.07000169536793936,1,1
05300000,44.995275,-95.919633,1.2938173723940268e-05,0.06999890797420141,1,1
03578000,35.296828,-85.869736,1.2925158451628751e-05,0.06992849194267857,1,1
03275000,39.5743333,-85.15588889,1.2894507900386264e-05,0.0697626644339776,1,1
07147070,37.79602778,-97.0143222,1.288427427726126e-05,0.069707297852986,1,1
06751490,40.7874815,-105.2522047,1.2873728443051022e-05,0.06965024212826439,1,1
03610200,36.6917217,-88.273647,1.283812653474975e-05,0.0694576264812604,1,1
03539600,35.99766528,-84.8224946,1.282680492693021e-05,0.06939637361816015,1,1
03081000,39.8275767,-79.3725353,1.280902544363633e-05,0.06930018195761578,1,1
07360200,34.31166667,-93.8997222,1.2796325226063915e-05,0.06923147045473506,1,1
06037500,44.6570722,-111.0679639,1.2793928689775385e-05,0.06921850456583165,1,1
07010094,38.56452778,-90.3093611,1.2707605522203072e-05,0.06875147362376328,1,1
03498850,35.8088391,-83.926578,1.268636867485666e-05,0.06863657671831264,1,1
05536340,41.6141111,-87.7294556,1.2678394601381897e-05,0.06859343489263854,1,1
07363400,34.2286111,-92.3725,1.2666269923352584e-05,0.0685278372094029,1,1
03503000,35.33638889,-83.5269444,1.2656404132688852e-05,0.06847446069835131,1,1
03053500,39.05121,-80.1145254,1.2654459140667383e-05,0.06846393778217888,1,1
06768020,40.70723067,-99.5598289,1.2650523255836906e-05,0.06844264361455336,1,1
07338750,34.4623262,-94.6352202,1.2645017999861643e-05,0.06841285873806235,1,1
03250322,38.24730198,-83.5893567,1.262778956528059e-05,0.06831964839535785,1,1
03091500,41.1314461,-80.9712018,1.2585440658671518e-05,0.068090529720668,1,1
07295500,34.84867146,-102.1760295,1.2583782307148694e-05,0.06808155760465597,1,1
07363200,34.1161111,-92.4055556,1.2548185789905068e-05,0.0678889711246856,1,1
07289350,33.19444444,-89.7711111,1.2532699493100325e-05,0.06780518620356567,1,1
393109104464500,39.5191557,-104.7796975,1.2523922221376668e-05,0.06775769886503101,1,1
05474000,40.75365,-91.2770889,1.2521583212518743e-05,0.06774504421459192,1,1
05473450,41.0069727,-91.5515497,1.2517473607627756e-05,0.06772281017594686,1,1
05552500,41.38413889,-88.7889722,1.2501354210567901e-05,0.06763560001665642,1,1
05413500,42.72027778,-90.8191667,1.2482201966908978e-05,0.06753198136305155,1,1
03165500,36.83484534,-80.9525807,1.2482151816282444e-05,0.06753171003502903,1,1
03456100,35.46388889,-82.9,1.2476965272158493e-05,0.06750364947311488,1,1
07250935,35.7358333,-94.1030556,1.2463530702406507e-05,0.06743096493263742,1,1
06402430,43.58133935,-103.4766662,1.24197584803384e-05,0.06719414574858965,1,1
03274000,39.3911674,-84.572169,1.2405389312445997e-05,0.06711640478742872,1,1
03333450,40.44127778,-85.91875,1.2384850789458545e-05,0.06700528599963068,1,1
06918060,37.86202778,-94.39925,1.2338362887964388e-05,0.06675377427873132,1,1
05583000,40.1233611,-89.9839722,1.2311601864170438e-05,0.06660899013207992,1,1
03086000,40.5491864,-80.20560508,1.229358602990531e-05,0.06651151975088775,1,1
07297910,34.83755505,-101.4140578,1.2292623204586796e-05,0.06650631061377892,1,1
03072655,39.8250275,-79.9228206,1.2283830456971395e-05,0.06645873954661724,1,1
05551330,41.8458333,-88.3491667,1.2195587196466964e-05,0.06598132039897019,1,1
03251200,38.5947955,-84.0202056,1.2183329972903089e-05,0.06591500560968279,1,1
05357335,46.0488377,-89.9846035,1.2181942516595497e-05,0.06590749910772466,1,1
07312110,33.81398475,-98.932844,1.217132222462625e-05,0.06585004054702849,1,1
05286000,45.32774267,-93.3724537,1.2162751169123412e-05,0.06580366889225045,1,1
06253000,43.22191667,-108.2196944,1.2154991979055006e-05,0.0657616896420764,1,1
03409500,36.38829775,-84.6301691,1.2153082932973169e-05,0.06575136120285056,1,1
07352000,32.2501631,-92.9765613,1.2138833444567861e-05,0.06567426773905537,1,1
06077200,46.82798056,-111.1922389,1.2137233339175006e-05,0.06566561074985941,1,1
03062500,39.62924826,-79.9525633,1.2133991369863377e-05,0.06564807084690696,1,1
03117000,40.7875,-81.5230556,1.2133607386125316e-05,0.06564599339432999,1,1
07072000,36.34638889,-91.1141667,1.212644912596242e-05,0.06560726533231064,1,1
05433000,42.78555556,-89.8611111,1.20957279395707e-05,0.06544105566895503,1,1
03353200,39.94642217,-86.260249,1.2083478166060328e-05,0.06537478118640803,1,1
03301000,37.79700569,-85.4807919,1.2079937287225344e-05,0.0653556241046586,1,1
06204050,45.24323889,-109.7313028,1.2077804850360932e-05,0.06534408706279955,1,1
05570000,40.49008056,-90.3400944,1.20757130771858e-05,0.06533277002214814,1,1
05313500,44.71533,-95.543937,1.206870488814776e-05,0.06529485388421347,1,1
03369500,38.9764343,-85.6196733,1.2058390534330208e-05,0.0652390505290342,1,1
03250190,38.02396899,-83.8315854,1.2046957251318064e-05,0.0651771934738975,1,1
05536179,41.507795,-87.5100125,1.2024313515180927e-05,0.06505468493166616,1,1
05465000,41.40919167,-91.2904306,1.2023311168395892e-05,0.06504926197307394,1,1
07010070,38.61497778,-90.37615,1.2023271204649523e-05,0.06504904575874075,1,1
06019500,45.1923194,-112.1428167,1.2018686890329044e-05,0.06502424341776969,1,1
06917240,37.83559565,-94.981361,1.1966379853917467e-05,0.06474124865310656,1,1
06879650,39.102075,-96.5946889,1.1922069808363014e-05,0.0645015197031575,1,1
05580950,40.4711972,-89.0289611,1.188755228722021e-05,0.06431477087464997,1,1
07138020,37.93002065,-101.5493401,1.1833868052479728e-05,0.06402432510637968,1,1
03361850,39.6569811,-85.9574616,1.1819657402167981e-05,0.0639474417668412,1,1
05430175,42.82638889,-89.1719444,1.1776944861481721e-05,0.06371635573656866,1,1
03093000,41.26116735,-80.9542569,1.177677024997769e-05,0.06371541104260622,1,1
03187500,38.2953903,-80.5264749,1.175392405946678e-05,0.06359180716919592,1,1
07362100,33.37527778,-92.7766667,1.1752409650196194e-05,0.06358361381846275,1,1
03539800,36.0814937,-84.6703113,1.1729290213697694e-05,0.0634585316127045,1,1
06891500,38.9113923,-95.261084,1.172396623023747e-05,0.06342972746798979,1,1
03378550,38.0831111,-87.76963889,1.1713609981952091e-05,0.06337369745276865,1,1
07251500,35.5258333,-94.2713889,1.1697670121728493e-05,0.06328745863477776,1,1
03207800,37.35371995,-82.1956935,1.1616445694614533e-05,0.06284801321379946,1,1
05594450,38.71638889,-89.8291667,1.1580328498361287e-05,0.06265260972403652,1,1
03217000,38.5642453,-82.9521158,1.155089093476817e-05,0.06249334479616448,1,1
03361500,39.52925,-85.7775278,1.1541509673966827e-05,0.06244258971855255,1,1
03065000,39.07232928,-79.6228373,1.15411583548874e-05,0.062440688990332706,1,1
03020500,41.4817261,-79.6953304,1.152734410660674e-05,0.06236595028958845,1,1
0344894205,35.68569444,-82.3324167,1.151438907653583e-05,0.062295860184362964,1,1
03052000,39.03954454,-80.0681352,1.1498303468804076e-05,0.06220883283418596,1,1
03346500,38.72380556,-87.6643611,1.1488080593488923e-05,0.06215352440166021,1,1
05394500,45.2358333,-89.6497222,1.145944487087383e-05,0.06199859764345788,1,1
07328180,34.9714592,-97.5847555,1.1452397853399261e-05,0.06196047143351356,1,1
05316500,44.523579,-95.171378,1.144909531213843e-05,0.06194260382045391,1,1
07325000,35.5308832,-98.9670296,1.1423447729036441e-05,0.06180384367952345,1,1
03159500,39.32896188,-82.0876439,1.1417339398697465e-05,0.06177079601279727,1,1
03075070,40.26224454,-79.9011517,1.1401730240916133e-05,0.061686346381620315,1,1
03360500,38.9281111,-87.0192778,1.135587677980179e-05,0.061438267149317036,1,1
06821150,39.38805536,-94.5791215,1.1350891196407928e-05,0.06141129383757839,1,1
06847500,40.1183333,-99.5169444,1.1340947503907973e-05,0.06135749585719263,1,1
05582000,40.13185556,-89.7357139,1.1326287271222408e-05,0.06127818015927937,1,1
05080000,47.8006388,-96.8095627,1.1316030978436494e-05,0.06122269092948574,1,1
07329780,34.4317552,-97.1472406,1.1314909632911182e-05,0.06121662415654634,1,1
03456991,35.52194444,-82.8480556,1.1314076017590066e-05,0.06121211407935974,1,1
07106500,38.2877801,-104.6010849,1.1303986432820626e-05,0.06115752678359117,1,1
03337100,40.1113611,-88.2194167,1.1303136163233134e-05,0.0611529266024622,1,1
05389400,43.04081747,-91.2065192,1.1299779085044335e-05,0.06113476393034062,1,1
07010090,38.5768333,-90.3236389,1.12974166423086e-05,0.06112198249648594,1,1
05131500,48.3954278,-93.5496852,1.1296641461155418e-05,0.06111778856345004,1,1
03401000,36.84675484,-83.3557386,1.1295992387175651e-05,0.06111427690324609,1,1
03157500,39.5650661,-82.4746008,1.129596034997171e-05,0.06111410357358317,1,1
03576250,34.751757,-86.8233348,1.1288840844342422e-05,0.06107558518373931,1,1
05017500,48.83303718,-113.4206533,1.1279245281262776e-05,0.061023670674682284,1,1
05543500,41.327,-88.7170833,1.1238845667330431e-05,0.06080509818383601,1,1
03231500,39.34145297,-82.9710126,1.122306632540076e-05,0.0607197278118503,1,1
03597590,35.52729537,-86.340271,1.1219455794368454e-05,0.060700193893473496,1,1
05387500,43.3048888,-91.7955429,1.1177681321440434e-05,0.06047418305542543,1,1
03282000,37.5531418,-83.7693625,1.1164084066676823e-05,0.060400618346432636,1,1
08013500,30.6404757,-92.8140368,1.116359792293772e-05,0.06039798818149733,1,1
03098600,41.10527778,-80.6655556,1.1162141521710296e-05,0.060390108669468257,1,1
05014500,48.7988333,-113.6567306,1.1116801745575257e-05,0.06014480860742202,1,1
03212500,37.81537197,-82.7915493,1.1103073208002726e-05,0.06007053362405387,1,1
06817000,40.7432222,-95.0145278,1.1087231930604104e-05,0.059984828164962055,1,1
06912500,38.6450089,-95.5597037,1.103033274520477e-05,0.05967698867172622,1,1
03082500,40.01752778,-79.5932222,1.1027008960788483e-05,0.05965900612763259,1,1
03568933,34.8968611,-85.4635278,1.1005484174861554e-05,0.05954255139905869,1,1
03186500,38.37899915,-80.4839737,1.1000732577570613e-05,0.05951684401341093,1,1
05275000,45.3338537,-93.6669098,1.0978503616223603e-05,0.05939657951141152,1,1
05568000,40.45466667,-89.6061667,1.0975925234251765e-05,0.059382629789741376,1,1
0345577330,35.42666667,-82.9197222,1.0967416191976893e-05,0.05933659364276607,1,1
05482000,41.61194444,-93.6197222,1.0960024361071452e-05,0.059296601901864227,1,1
07366200,32.9293064,-92.6329305,1.0931277822670127e-05,0.059141075601238983,1,1
06674500,41.98857008,-104.0533373,1.0930858028322551e-05,0.05913880440388679,1,1
03189100,38.29094494,-80.6409242,1.0917666486721956e-05,0.059067434709350275,1,1
03061500,39.50566667,-80.1681667,1.0911154786452406e-05,0.05903220470566897,1,1
03030500,41.19256259,-79.440045,1.0910343783086116e-05,0.05902781696507938,1,1
05592500,38.9606111,-89.0888056,1.0907239461508545e-05,0.05901102177241408,1,1
06108800,47.9327194,-110.5144333,1.0876183981932891e-05,0.05884300349539184,1,1
06902000,39.64002778,-93.2736944,1.0874166699236068e-05,0.05883208946773493,1,1
03324000,40.89855556,-85.4131667,1.0873073412864704e-05,0.05882617450216627,1,1
06894000,39.1005609,-94.3005038,1.0852996008790755e-05,0.05871755048844378,1,1
06605000,43.12766667,-95.2104444,1.0826815691131187e-05,0.05857590811404928,1,1
03076600,39.65613889,-79.3941111,1.0815365948978086e-05,0.05851396201064983,1,1
07337900,34.09760677,-94.9021667,1.0800938421888824e-05,0.05843590531095134,1,1
03083500,40.2402222,-79.8066944,1.0773129378481966e-05,0.05828545110374855,1,1
03604000,35.49590598,-87.8328037,1.077211742198258e-05,0.05827997615408519,1,1
07264000,34.73666667,-91.9158333,1.073262605703718e-05,0.05806631752810202,1,1
03328000,40.99455556,-85.7825833,1.0716766759437783e-05,0.057980514575005054,1,1
03459500,35.635,-82.99,1.0708897679308059e-05,0.05793794079082229,1,1
06480000,44.1802473,-96.749496,1.0701160466252441e-05,0.05789608044204255,1,1
06785000,41.2035,-98.4461111,1.0700831691070257e-05,0.057894301682210374,1,1
07028960,35.74426606,-88.8464417,1.0673688661824594e-05,0.057747450786029206,1,1
03463300,35.83138889,-82.1841667,1.067346852582348e-05,0.05774625979261603,1,1
07103990,38.9272222,-104.8141667,1.066618667157391e-05,0.05770686305422211,1,1
03453000,35.7697222,-82.6208333,1.0662614801552603e-05,0.05768753830203898,1,1
05247500,46.304779,-94.377525,1.0656599711974851e-05,0.05765499509224806,1,1
03280700,37.1650931,-83.3079564,1.0644552191037075e-05,0.057589814849082814,1,1
03421000,35.7082839,-85.7318338,1.0612089383149742e-05,0.05741418255735644,1,1
07121500,38.0030644,-103.6560588,1.0608400879403341e-05,0.057394226786177616,1,1
06287000,45.31690278,-107.9188889,1.0598813340497641e-05,0.057342355690002934,1,1
07283000,33.9736111,-89.3477778,1.0596908521600377e-05,0.05733205012095262,1,1
07178200,36.2231514,-95.8194322,1.0592463690518385e-05,0.05730800242082833,1,1
03220000,40.24839457,-83.1738026,1.0579191116591106e-05,0.05723619432018447,1,1
03439000,35.1433333,-82.8247222,1.0566063869354043e-05,0.057165172474991484,1,1
05057200,47.2291562,-98.1248189,1.0565958748309054e-05,0.057164603742609975,1,1
05112000,48.981612,-96.462767,1.0557944973823462e-05,0.05712124712407076,1,1
07103797,38.97499176,-104.9555374,1.0555326452627007e-05,0.057107080238684146,1,1
05483450,41.7790833,-94.493,1.0553003927687943e-05,0.057094514770562745,1,1
06479525,44.7315478,-97.0446518,1.0546426458931613e-05,0.05705892894214513,1,1
05453100,41.81272566,-92.064792,1.0536882386030022e-05,0.05700729300843515,1,1
03298150,38.16006729,-85.5421797,1.052174749423621e-05,0.056925409280446995,1,1
05484500,41.53402778,-93.9497778,1.0499827784548187e-05,0.056806817910906644,1,1
07260673,35.3247222,-92.8730556,1.0479760319127057e-05,0.05669824766789855,1,1
03034000,40.93923105,-79.00836738,1.0479334489584264e-05,0.05669594381855979,1,1
06464100,43.12917164,-100.1070671,1.0478387801862199e-05,0.056690821990073706,1,1
03289193,38.06674334,-84.5543852,1.0451113678918027e-05,0.05654326184265402,1,1
03228750,40.35672806,-82.9215704,1.0445863743473027e-05,0.05651485831709267,1,1
03292474,38.2759036,-85.606072,1.0426163628462355e-05,0.056408275536003444,1,1
05592050,39.40588889,-88.8968056,1.0405551560851402e-05,0.05629675885253309,1,1
07247500,34.91259909,-95.1557985,1.039129623144471e-05,0.05621963378739081,1,1
07324400,35.5389379,-99.1698128,1.039108042230937e-05,0.05621846620345455,1,1
05315000,44.430156,-95.82945,1.0371879834806095e-05,0.056114585996991914,1,1
03351310,39.82975688,-86.20608069,1.0371664029087754e-05,0.05611341843154251,1,1
05569500,40.7077222,-90.2797778,1.0365058255561482e-05,0.05607767946690731,1,1
06038500,44.86639167,-111.3387806,1.0361245562627266e-05,0.056057051799700906,1,1
06410500,44.08470785,-103.5804702,1.0360370650470639e-05,0.056052318295819754,1,1
06602400,41.96491667,-95.99175,1.0351862351195277e-05,0.056006286168666375,1,1
03298550,37.92784138,-85.6535688,1.034413716006926e-05,0.05596449086167397,1,1
05576500,39.84312778,-89.5474778,1.0317695951020195e-05,0.05582143699654249,1,1
03339280,40.1044759,-86.5227576,1.0289300514103205e-05,0.055667810246890666,1,1
05393500,45.44916667,-89.9791667,1.0274419984862841e-05,0.05558730268692675,1,1
03406500,37.1711952,-84.296047,1.0260827775387486e-05,0.055513765274264645,1,1
05531500,41.8258333,-87.9002778,1.0241556360779078e-05,0.0554095018746157,1,1
03042000,40.4770127,-79.1867009,1.0214304419535677e-05,0.05526206173600592,1,1
05540160,41.83166667,-88.0477778,1.0186539182541355e-05,0.055111844532966574,1,1
05452200,41.8349969,-92.386297,1.0186412157319191e-05,0.055111157293250494,1,1
06880800,40.7311177,-97.1775413,1.0178981489800823e-05,0.055070955436102555,1,1
03298135,38.19479109,-85.557181,1.0176807065727063e-05,0.05505919123244571,1,1
06730200,40.05165184,-105.1788754,1.0164788208982337e-05,0.054994166070071175,1,1
03192000,38.2334395,-81.1809415,1.0157550854376971e-05,0.05495501008640554,1,1
05054000,46.861075,-96.7836924,1.0154982327356637e-05,0.05494111368260375,1,1
05540095,41.8175,-88.17138889,1.015157385886301e-05,0.05492267297547544,1,1
03036500,40.82034197,-79.531434,1.0144535784460172e-05,0.05488459514989112,1,1
03076500,39.6536111,-79.4083056,1.0133735067684062e-05,0.054826160443741875,1,1
06115200,47.63143056,-108.6877444,1.0128403014237527e-05,0.05479731263828794,1,1
05066500,47.40942385,-97.0611974,1.011147684991591e-05,0.054705737656842696,1,1
06887500,39.19833014,-96.3055532,1.0109486897478193e-05,0.05469497149304455,1,1
06020600,45.2418694,-112.1112389,1.0090744898521966e-05,0.05459357237071232,1,1
03011020,42.1568333,-78.7155556,1.007462655901879e-05,0.05450636793308044,1,1
07052120,37.15363889,-93.3627778,1.0074349325167204e-05,0.054504868025343954,1,1
06935980,38.76427778,-90.4327833,1.0072944485709244e-05,0.05449726747599021,1,1
05100000,48.9897138,-97.5570221,1.0069804745471185e-05,0.054480280659096554,1,1
05481650,41.6803333,-93.6676111,1.0068566558850566e-05,0.0544735817452343,1,1
07071500,36.64869444,-91.2008333,1.0061511076656909e-05,0.05443540973894306,1,1
03024000,41.43755525,-79.9558912,1.0060603733791362e-05,0.054430500776434,1,1
05459500,43.165,-93.1925,9.99911631698964e-06,0.054097837749788207,1,1
03161000,36.3933333,-81.4069444,9.988154418401627e-06,0.05403853100782778,1,1
05482500,41.9878611,-94.3770833,9.98713491912886e-06,0.054033015249785196,1,1
06873460,39.4397325,-99.1017567,9.985805631189419e-06,0.05402582345393135,1,1
03539778,36.1031293,-84.7182771,9.980690429092265e-06,0.05399814887106456,1,1
06809500,41.00902778,-95.2413611,9.975676881938341e-06,0.05397102426806109,1,1
06481000,43.79044595,-96.7456623,9.962323919086949e-06,0.05389878124228628,1,1
06821190,39.4009722,-94.7268333,9.951615512230895e-06,0.0538408459569778,1,1
06913000,38.5841777,-95.4535902,9.942150602691312e-06,0.053789638317786846,1,1
06447500,43.1669155,-101.6327322,9.936404831941174e-06,0.05375855219338,1,1
05584500,40.33152778,-90.8961944,9.908561127297846e-06,0.05360791045981116,1,1
07207000,36.5198333,-104.9786111,9.896318711885765e-06,0.05354167578650278,1,1
05090000,48.4247108,-97.412023,9.895184728274995e-06,0.05353554063821152,1,1
07342480,33.26650079,-95.9155217,9.894943752854175e-06,0.05353423689808049,1,1
03446000,35.39805556,-82.595,9.873982469990235e-06,0.053420830868642265,1,1
05440000,42.19444444,-88.9988889,9.870280821722152e-06,0.053400803982158976,1,1
05356500,45.4521867,-91.2609878,9.860384758208843e-06,0.053347263687063606,1,1
05419000,42.2583333,-90.285,9.854987812446606e-06,0.05331806479718832,1,1
03378000,38.38638889,-87.9758333,9.842767333772435e-06,0.053251948807376624,1,1
06935890,38.6828611,-90.4878889,9.825306193738946e-06,0.05315747946723574,1,1
03223425,40.5489487,-82.8212902,9.818136831596048e-06,0.05311869134059729,1,1
03025500,41.3895027,-79.8203322,9.788483803466597e-06,0.05295826069315984,1,1
07325800,35.2906111,-98.5942308,9.778428369503252e-06,0.05290385816219534,1,1
03209000,37.23705384,-82.34320179,9.7740014554442e-06,0.052879907397857105,1,1
06801000,41.06225556,-96.3245139,9.76238384814578e-06,0.052817053100062517,1,1
07064533,37.37569444,-91.5528056,9.759890673780365e-06,0.052803564373856485,1,1
07109500,38.24805799,-104.3991356,9.758959229429843e-06,0.05279852501600225,1,1
03527000,36.64870849,-82.7504384,9.756045696379748e-06,0.052782762039232496,1,1
05423500,43.64165509,-88.72066309,9.745065761506479e-06,0.05272335771624567,1,1
06294500,46.1244722,-107.4687917,9.727851585429085e-06,0.05263022451577986,1,1
05129290,48.52470717,-93.0750569,9.726602893452612e-06,0.05262346876519139,1,1
05457000,43.63757,-92.974797,9.710704513271464e-06,0.052537454365092565,1,1
03333050,40.59391667,-86.7703333,9.704879950284644e-06,0.0525059419540519,1,1
03465500,36.17824965,-82.4551657,9.702836536787847e-06,0.052494886551924254,1,1
07056515,35.94,-92.7133333,9.692776007531345e-06,0.05244045645408946,1,1
03042500,40.5172899,-79.171701,9.673393054843536e-06,0.0523355896042224,1,1
06741510,40.37873889,-105.0608167,9.667637615642359e-06,0.05230445117096356,1,1
03094000,41.23922335,-80.880642,9.654535819948228e-06,0.05223356702528284,1,1
05536235,41.5208611,-87.59013889,9.651797602832191e-06,0.052218752553626444,1,1
06759500,40.26840278,-103.8011917,9.649173635369954e-06,0.05220455620251573,1,1
03336645,40.13696944,-87.7446944,9.641871767486161e-06,0.05216505118511968,1,1
03289200,38.103687,-84.5879977,9.628314034345972e-06,0.05209170029845916,1,1
06827000,39.67184444,-102.0132611,9.622164111141262e-06,0.05205842760343742,1,1
07167500,37.70819167,-96.2232972,9.611888293231935e-06,0.05200283273761307,1,1
03023100,41.63255476,-80.1595043,9.58210631831984e-06,0.051841704454314144,1,1
07331300,34.3513333,-96.7103889,9.576346251669598e-06,0.051810540985344065,1,1
03300400,37.83283985,-85.2960686,9.55722813764306e-06,0.05170710698198795,1,1
05099600,48.9133284,-97.9170369,9.5457396043159e-06,0.05164495100817858,1,1
05451900,41.89943868,-92.474355,9.533988473033358e-06,0.0515813743106639,1,1
03303300,38.13894674,-86.7210978,9.520453303872629e-06,0.051508145501041096,1,1
06821080,39.56777778,-94.407,9.512388910579342e-06,0.051464515021496675,1,1
03109500,40.6758974,-80.5406244,9.501380732112722e-06,0.051404957893273644,1,1
06764880,41.1261111,-101.5766667,9.483141500755795e-06,0.051306278875313686,1,1
06625000,41.30328495,-106.7153597,9.480526954293618e-06,0.05129213349428039,1,1
03307000,37.12547797,-85.4040748,9.47763715453081e-06,0.05127649892080992,1,1
05369500,44.631,-91.9713333,9.477515860137799e-06,0.05127584268638029,1,1
03612000,37.335,-88.9252778,9.475546769389867e-06,0.05126518938978694,1,1
07185000,36.92868144,-94.9574574,9.470059629497613e-06,0.051235502526049075,1,1
06773500,41.328903,-97.6753296,9.469894735645773e-06,0.05123461040712977,1,1
06720460,39.8080421,-104.7938618,9.462594696759856e-06,0.051195115285091186,1,1
05126210,47.842038,-91.798854,9.461073622574225e-06,0.05118688587542227,1,1
07346070,32.71291998,-94.3460265,9.43394884691133e-06,0.05104013373590395,1,1
03164000,36.6473497,-80.978969,9.423502556853972e-06,0.05098361657111711,1,1
07335790,34.5748229,-95.3408025,9.417070518923854e-06,0.05094881756155335,1,1
05427948,43.1033333,-89.5116667,9.408028282169318e-06,0.05089989669281509,1,1
05293000,45.22619686,-96.348488,9.388956595498801e-06,0.05079671387361302,1,1
06483500,43.2150833,-96.2950278,9.387027240385673e-06,0.050786275557209555,1,1
06888000,39.34777386,-96.2174979,9.365789285645845e-06,0.05067137266047054,1,1
03106000,40.8170092,-80.2422837,9.365273981696474e-06,0.05066858473116147,1,1
06710150,39.5633216,-104.927758,9.35744838932937e-06,0.05062624622716264,1,1
06890100,39.5213873,-95.532756,9.356086902066343e-06,0.050618880224536145,1,1
06308500,46.3845944,-105.8455222,9.334873097738104e-06,0.0505041079878481,1,1
05212700,47.38884126,-93.3822856,9.326051357447648e-06,0.05045638006272206,1,1
07172000,37.00395556,-96.3166611,9.311117339369649e-06,0.05037558311413938,1,1
07334000,34.27148539,-95.9122049,9.300081483173664e-06,0.0503158762421525,1,1
03443000,35.29916667,-82.62388889,9.298515551456404e-06,0.05030740414149061,1,1
06431500,44.48248388,-103.861592,9.297998367564678e-06,0.0503046060412011,1,1
03252300,38.2474368,-84.05514979,9.285821415274078e-06,0.050238725540522805,1,1
06469400,47.1674635,-98.9690423,9.28522513494303e-06,0.050235499507783526,1,1
07169800,37.37559729,-96.185548,9.27534446173592e-06,0.05018204247827496,1,1
07348700,32.9945813,-93.39656,9.268950004768005e-06,0.050147446791558074,1,1
06796500,41.32,-96.4038889,9.263579902369315e-06,0.05011839313130907,1,1
03455500,35.3961111,-82.9375,9.24662623724964e-06,0.0500266693633447,1,1
03353620,39.70586947,-86.1035774,9.21902534295812e-06,0.049877341297364035,1,1
06917000,38.00892428,-94.7041264,9.213390230309254e-06,0.04984685386226318,1,1
06752260,40.5880833,-105.0692222,9.209602396949673e-06,0.04982636069186554,1,1
03291780,38.87810218,-85.2571616,9.205840425607797e-06,0.04980600744175619,1,1
03208950,37.1239952,-82.4387614,9.2020793646016e-06,0.04978565911680126,1,1
08014500,30.69875,-92.8931944,9.194356556797546e-06,0.04974387670420479,1,1
07139000,37.9558565,-100.8773844,9.193348099855373e-06,0.04973842068806238,1,1
05427718,43.20888889,-89.3525,9.156686503637301e-06,0.049540071851927374,1,1
07247000,34.91888889,-94.2994444,9.154957454706494e-06,0.04953071724442457,1,1
06889500,39.0994439,-95.7249828,9.152470723765949e-06,0.04951726337883443,1,1
03185000,37.7606708,-81.1623212,9.152399110710972e-06,0.04951687593345365,1,1
06889200,39.23833024,-95.8885992,9.15055839262466e-06,0.0495069171665767,1,1
07025400,36.40533398,-88.8547618,9.143008755036174e-06,0.04946607165019465,1,1
07375800,30.93073559,-90.6734317,9.130311781637089e-06,0.049397377699141196,1,1
03205470,38.59619126,-82.495157,9.122291746504283e-06,0.049353987208861076,1,1
05439500,42.11058064,-88.9006527,9.119057792716923e-06,0.04933649067199395,1,1
05463000,42.572,-92.6182778,9.116850325062796e-06,0.04932454769391417,1,1
05370000,44.85277778,-92.2383333,9.113457935977865e-06,0.04930619398059764,1,1
03144000,40.1197222,-82.13638889,9.099830099855177e-06,0.049232463818443886,1,1
03106500,40.88390519,-80.2336604,9.098328612140244e-06,0.049224340376710564,1,1
03229610,39.77422977,-83.0076834,9.084123396418087e-06,0.04914748643972493,1,1
07105490,38.79054685,-104.8641404,9.075319051046378e-06,0.049099852625664527,1,1
05540060,41.8564083,-88.2041611,9.065485007064745e-06,0.04904664787247662,1,1
07021000,37.14663889,-90.0755,9.061530422463025e-06,0.04902525253419176,1,1
07298500,34.62783574,-100.9406994,9.05899000523868e-06,0.04901150821174739,1,1
0351706800,35.4383333,-83.91888889,9.05404927573683e-06,0.048984777571310444,1,1
07230500,35.17257416,-96.9319662,9.029322474559086e-06,0.048850999101715885,1,1
06903400,40.9519722,-93.2598889,9.028612258617334e-06,0.04884715664748631,1,1
07263295,34.8761111,-92.7744444,9.022666080883924e-06,0.04881498626881926,1,1
06892495,38.97805556,-94.9227778,9.008065875745335e-06,0.0487359953356546,1,1
03191500,38.2646111,-81.0231111,8.995480675639868e-06,0.04866790610738976,1,1
07187000,37.0205833,-94.51375,8.991427595601207e-06,0.048645977882997994,1,1
03432350,35.92084908,-86.86548879,8.974284331052972e-06,0.04855322833247458,1,1
06478500,43.1858255,-97.635622,8.961460872458192e-06,0.04848385006338966,1,1
03413200,36.79757036,-84.89605849,8.944178284829157e-06,0.04839034673851449,1,1
03336900,40.14955556,-88.03363889,8.942550651668355e-06,0.048381540816885234,1,1
06712000,39.3558234,-104.7633092,8.937170528239363e-06,0.04835243294023808,1,1
07052152,37.14713889,-93.3754722,8.921660831139587e-06,0.04826852141739417,1,1
05451500,42.06582096,-92.9076997,8.89754389400905e-06,0.048138042472000486,1,1
07010061,38.62075,-90.3849167,8.890782431566179e-06,0.048101461189556126,1,1
06917060,37.99480556,-94.3693056,8.885319280241452e-06,0.04807190411025048,1,1
05387440,43.40691316,-91.8990464,8.882100725286943e-06,0.04805449088510158,1,1
07336200,34.24871203,-95.6052475,8.879514347440611e-06,0.04804049790365653,1,1
03229500,39.85673038,-82.9571255,8.859431486921845e-06,0.04793184436913871,1,1
03262001,39.03,-84.8041667,8.847722811876442e-06,0.04786849737098498,1,1
03284525,37.98841157,-84.4110465,8.837067924193554e-06,0.047810851638418424,1,1
05427850,43.1508333,-89.4019444,8.83483753894239e-06,0.04779878467013724,1,1
06807000,40.68180556,-95.8470833,8.820943873436706e-06,0.04772361630140857,1,1
06809210,41.346,-95.0768611,8.812407564743405e-06,0.04767743263596929,1,1
06600100,42.98280556,-96.0003333,8.80569230801115e-06,0.04764110133851929,1,1
05540275,41.7258972,-88.1631611,8.796526418261086e-06,0.04759151147469413,1,1
07124410,37.14390846,-104.5477644,8.788369300185541e-06,0.047547379329795796,1,1
03380500,38.3633333,-88.5877778,8.78716097320364e-06,0.04754084196439837,1,1
06810000,40.60119444,-95.6445,8.78637101890732e-06,0.04753656810478945,1,1
07010180,38.527,-90.2998889,8.78240769537256e-06,0.04751512548658837,1,1
03238745,38.9514529,-84.3382712,8.781314640482516e-06,0.04750921177339426,1,1
07311700,33.82064216,-99.7864822,8.771175201869437e-06,0.047454354755276346,1,1
06402500,43.4666495,-103.3060308,8.770796626321564e-06,0.04745230656242453,1,1
05457700,43.06219444,-92.6738833,8.7621073974292e-06,0.04740529555866301,1,1
05454220,41.71834444,-91.7401722,8.73336979405331e-06,0.04724981759886519,1,1
05404000,43.605,-89.7566667,8.732665347940966e-06,0.047246006360923666,1,1
07164600,36.07565044,-95.9605501,8.732331505146146e-06,0.04724420018398006,1,1
05587000,39.23394444,-90.3944444,8.720131411844385e-06,0.04717819448437143,1,1
05536275,41.56816667,-87.6083333,8.71790828274645e-06,0.0471661667737794,1,1
08012000,30.48077778,-92.63175,8.715901374525154e-06,0.04715530887475186,1,1
07014500,38.15852778,-91.1084722,8.71207431323596e-06,0.04713460347098238,1,1
06904500,40.2343333,-92.6863889,8.709479186338639e-06,0.04712056315488036,1,1
06412810,44.05887667,-103.2974058,8.70709354648196e-06,0.04710765621852672,1,1
05372995,44.0616507,-92.4662963,8.698569820055397e-06,0.047061540626445415,1,1
05381000,44.5597222,-90.615,8.698529430494047e-06,0.04706132210834168,1,1
03362500,39.36091667,-85.9980833,8.694167832319645e-06,0.0470377247200437,1,1
07206000,36.532125,-105.2281444,8.677076655920493e-06,0.04694525698004719,1,1
06819185,40.6609722,-94.7163056,8.661419408144847e-06,0.04686054716940763,1,1
03431700,36.15125855,-86.8542634,8.657215614155533e-06,0.04683780354307526,1,1
03424730,36.0873457,-85.9074257,8.643043190138776e-06,0.04676112701780302,1,1
06910800,38.56695524,-95.961657,8.64006687237579e-06,0.04674502435929506,1,1
06913500,38.61806669,-95.2683071,8.639863710206246e-06,0.04674392519875563,1,1
06769000,40.7344535,-99.505937,8.627136522624039e-06,0.04667506778105928,1,1
05570910,40.3109972,-88.3223611,8.624199706879434e-06,0.04665917883881518,1,1
03261950,40.30699246,-84.3838383,8.623097877116724e-06,0.04665321765126207,1,1
07019000,38.50513889,-90.5901667,8.607507556271855e-06,0.04656886993284421,1,1
06486000,42.48619444,-96.4130833,8.605148574068368e-06,0.046556107221375195,1,1
05539900,41.9109722,-88.1791417,8.597018445507756e-06,0.04651212109682041,1,1
07180500,38.19653056,-96.8243417,8.590537546185062e-06,0.04647705773432745,1,1
05594000,38.6097222,-89.4947222,8.58498739480805e-06,0.04644702996195618,1,1
03281500,37.47981018,-83.6751923,8.582932215279398e-06,0.046435910902515025,1,1
06752280,40.5519269,-105.011365,8.577364664969544e-06,0.046405788997360815,1,1
05369000,44.87527778,-91.9380556,8.559652772949066e-06,0.046309963023305735,1,1
06610000,41.25905556,-95.92325,8.533224232023633e-06,0.04616697769604052,1,1
07016500,38.44413889,-90.9954722,8.527678465228858e-06,0.04613697364540735,1,1
05426250,42.96027778,-88.6705556,8.521872781747065e-06,0.04610556337743287,1,1
03431300,36.12998547,-86.7610486,8.517038712603285e-06,0.04607940979746429,1,1
05488200,41.30038889,-93.0449167,8.506920506459554e-06,0.04602466765256571,1,1
05454300,41.67668056,-91.5987778,8.506245344341861e-06,0.04602101484870386,1,1
06906000,39.52352778,-92.9496389,8.493004055778133e-06,0.045949376010069536,1,1
03512000,35.46138889,-83.3536111,8.470845947290342e-06,0.04582949484059279,1,1
07363000,34.56777778,-92.6102778,8.465501656002455e-06,0.045800580825212406,1,1
05063398,47.113291,-96.386064,8.451315604808642e-06,0.045723830573343734,1,1
06935850,38.6464083,-90.5268889,8.445239412057368e-06,0.045690956779382924,1,1
05395000,45.1783333,-89.6816667,8.41085394327981e-06,0.04550492238875201,1,1
06888350,39.19305265,-96.1474945,8.410347343653842e-06,0.04550218155211196,1,1
05389000,43.11191667,-91.2651389,8.395843327359116e-06,0.04542371102578164,1,1
06730500,40.13877778,-105.0202222,8.395402827590805e-06,0.04542132780668112,1,1
05542000,41.28619444,-88.3598611,8.392050089295954e-06,0.04540318861452229,1,1
03292470,38.36117864,-85.57459969,8.37848902965954e-06,0.045329819730646086,1,1
07203000,36.68102778,-104.7863944,8.363370808356704e-06,0.04524802619437963,1,1
05536255,41.5398611,-87.6494444,8.355096164917516e-06,0.045203258206487545,1,1
05411850,43.0541879,-91.8090983,8.340978811021423e-06,0.04512687962498934,1,1
07185090,36.94367956,-94.8532862,8.33919160289333e-06,0.04511721036099905,1,1
03335500,40.42194444,-86.8969444,8.313454987562791e-06,0.044977968532397196,1,1
05242300,46.37769,-94.182648,8.295432759310305e-06,0.044880463558059004,1,1
03179000,37.54400779,-81.0103678,8.279907078032142e-06,0.04479646555662423,1,1
06796000,41.45317778,-96.7753944,8.269019212352427e-06,0.044737559352084746,1,1
05551675,41.7408333,-88.3833333,8.262185705558998e-06,0.044700588290837576,1,1
03298200,38.08534216,-85.5549556,8.256789232785645e-06,0.04467139195995602,1,1
07179500,38.66584085,-96.493614,8.253206845732502e-06,0.04465201030787656,1,1
05123400,48.5877399,-100.4416083,8.249827101590502e-06,0.04463372500701262,1,1
06342500,46.81416667,-100.8213889,8.245331033052276e-06,0.044609400098832526,1,1
05579500,39.95176667,-89.3856694,8.232904188579866e-06,0.044542167616011215,1,1
07010097,38.55925,-90.2832778,8.227927285826467e-06,0.04451524126881068,1,1
05092000,48.5722064,-97.1475697,8.227711441583108e-06,0.044514073494930834,1,1
03112000,40.0445177,-80.6609116,8.224304229196254e-06,0.04449563958366911,1,1
06774000,41.3683333,-97.4952778,8.209792174041932e-06,0.04441712556500322,1,1
06600500,42.57638889,-96.3115556,8.199537915340015e-06,0.04436164734013668,1,1
06101500,48.3059611,-111.0805278,8.197314557433797e-06,0.04434961839163191,1,1
05476000,43.6207587,-94.9850199,8.188057415535397e-06,0.044299534829788,1,1
07065495,37.14816667,-91.4430833,8.178361026106214e-06,0.044247074823776524,1,1
07137500,38.02751727,-102.011577,8.159734562114581e-06,0.04414630077585796,1,1
05568800,41.01869444,-89.8357222,8.159629459439795e-06,0.04414573214286406,1,1
05353800,44.257882,-93.231121,8.15381846944576e-06,0.04411429316526873,1,1
05087500,48.34007687,-96.8165174,8.14645062542591e-06,0.04407443119969939,1,1
03118000,40.84144709,-81.3537229,8.142366424951946e-06,0.04405233460560311,1,1
05470000,42.0665833,-93.62025,8.104867323197873e-06,0.04384945464520023,1,1
03453500,35.78638889,-82.6608333,8.104017799109364e-06,0.043844858497415984,1,1
06814000,39.9477773,-96.1086149,8.100902027382577e-06,0.04382800135644497,1,1
03140000,40.36284598,-81.8623563,8.080557606982891e-06,0.043717932714476514,1,1
03111548,40.0670164,-80.8084198,8.056363792998549e-06,0.04358703784517195,1,1
06708800,39.423,-104.9046111,8.045609362148953e-06,0.043528853558006064,1,1
06608500,41.8305833,-95.93225,8.04371702904895e-06,0.04351861554038859,1,1
07329852,34.49536695,-96.9886281,8.035137458618911e-06,0.04347219781762458,1,1
05595820,38.28666667,-88.8722222,8.033848196334985e-06,0.043465222571048616,1,1
03042280,40.57256726,-79.1033664,8.033129008583805e-06,0.04346133157698059,1,1
03282040,37.5006422,-83.8101979,8.018191831472699e-06,0.04338051753720154,1,1
05473400,40.92530278,-91.6742167,8.0069734285919e-06,0.0433198230398462,1,1
07128500,38.0342222,-103.2014167,8.004216685680488e-06,0.04330490833878547,1,1
07019072,38.55569444,-90.5512778,8.002234987876594e-06,0.04329418683471795,1,1
402114105350101,40.3538611,-105.5841389,7.992039727429841e-06,0.04323902780586176,1,1
07182250,38.3975139,-96.356112,7.986832009833433e-06,0.04321085268991691,1,1
03431060,36.11757476,-86.7190478,7.985920262431152e-06,0.04320591989771071,1,1
03270500,39.7653365,-84.1974405,7.975567836489618e-06,0.04314991056237072,1,1
05514860,38.80294444,-90.6282222,7.971615713908819e-06,0.04312852854426377,1,1
06606600,42.4822222,-95.7925278,7.968286825569183e-06,0.04311051838660826,1,1
05422600,41.54611366,-90.5240022,7.954446232864174e-06,0.04303563715562945,1,1
05514500,39.01130556,-90.97775,7.952749914465432e-06,0.04302645962887629,1,1
05592900,38.68888889,-89.1,7.952389033901735e-06,0.04302450717052267,1,1
05122000,48.50555109,-100.4348534,7.952180069238537e-06,0.04302337661697306,1,1
03528000,36.425087,-83.3982345,7.95053375246092e-06,0.04301446961208415,1,1
03080000,39.820355,-79.3214227,7.94979651490626e-06,0.04301048096385258,1,1
05292000,45.29552046,-96.4442231,7.942225402242259e-06,0.042969519261688294,1,1
07142300,37.8715361,-98.8758056,7.936168100160473e-06,0.04293674767119633,1,1
07119500,38.1085,-103.9676111,7.93548481509874e-06,0.04293305092008007,1,1
06909500,39.1208333,-92.5672222,7.931885058946193e-06,0.04291357529662438,1,1
05342000,44.8308333,-92.7330556,7.929836618139842e-06,0.04290249269543554,1,1
05099400,48.86527259,-98.0059317,7.92152071939658e-06,0.04285750150554486,1,1
06224000,43.1766111,-109.2025556,7.918174134622824e-06,0.04283939560554659,1,1
03107500,40.763351,-80.31505239,7.904261794376775e-06,0.042764126201582174,1,1
07324200,35.65643696,-99.3062086,7.90282854308229e-06,0.0427563719367526,1,1
03428200,35.90287438,-86.429978,7.90173768815913e-06,0.04275047012595543,1,1
06819500,40.3455,-94.8323611,7.900822211121415e-06,0.04274551715544485,1,1
07050500,36.4272222,-93.6208333,7.89531373813126e-06,0.04271571487406083,1,1
05550500,42.02586944,-88.2556667,7.894054203172803e-06,0.04270890046010036,1,1
03261500,40.2869942,-84.149943,7.893431616629334e-06,0.04270553210386307,1,1
05061500,46.77566,-96.627747,7.891268904362147e-06,0.04269383126414677,1,1
06428500,44.74883136,-104.0516966,7.879818946136523e-06,0.04263188399173838,1,1
07157500,37.032528,-100.2112531,7.864875518632812e-06,0.04255103613569855,1,1
05471000,42.0082222,-93.5959722,7.860976638069125e-06,0.042529942170846706,1,1
06475000,44.91053097,-98.4720386,7.858086351206128e-06,0.042514304962036654,1,1
07019220,38.51194444,-90.4453056,7.845698024156786e-06,0.04244728086856072,1,1
06856000,39.58866944,-97.6582056,7.838210394478261e-06,0.04240677083120961,1,1
07195800,36.2561111,-94.4336111,7.8363528573906e-06,0.04239672106913096,1,1
05577500,39.81541667,-89.6994167,7.835865907529318e-06,0.04239408654286356,1,1
07108900,38.24555835,-104.4863597,7.822739195494812e-06,0.04232306759325655,1,1
03535000,36.11441319,-83.9881737,7.822591311489559e-06,0.04232226750206165,1,1
03340800,39.81253498,-86.95388289,7.803782919401927e-06,0.04222050917550211,1,1
06279940,44.4714444,-109.4183528,7.801237436808222e-06,0.04220673744808304,1,1
05085000,48.286099,-97.3700763,7.79939769021444e-06,0.04219678393723508,1,1
05585000,40.0250833,-90.6310556,7.784529223994145e-06,0.042116341641368696,1,1
03602500,35.87129448,-87.5014002,7.780315466836818e-06,0.04209354411168832,1,1
07247250,34.7737148,-94.5121685,7.779110083268015e-06,0.04208702267092654,1,1
05331833,46.1713687,-91.3293778,7.771471554839887e-06,0.04204569623182412,1,1
06838000,40.2347222,-100.5008333,7.759795858348057e-06,0.04198252765628135,1,1
07052100,37.16852778,-93.3702778,7.757632943149714e-06,0.04197082571865435,1,1
06344600,47.0277231,-103.0533527,7.754302186611458e-06,0.04195280545355508,1,1
05391000,45.8305086,-89.55236359,7.745936530689066e-06,0.04190754506429536,1,1
05536265,41.5283611,-87.5294444,7.737552931712387e-06,0.041862187598413196,1,1
06600900,42.14805556,-96.48333333,7.735860545848813e-06,0.041853031347705114,1,1
03366500,38.8042145,-85.6738418,7.734297126625393e-06,0.04184457284029283,1,1
03353000,39.73713889,-86.1696944,7.725210755911105e-06,0.04179541319527493,1,1
07202500,36.64864167,-104.5591556,7.717259122332072e-06,0.04175239277531308,1,1
06856600,39.3555515,-97.1275203,7.708253310039461e-06,0.041703668972452326,1,1
07346045,32.7779173,-94.3574153,7.705217678574511e-06,0.04168724541128423,1,1
03335000,40.4405833,-86.8291565,7.704722898398487e-06,0.04168456852096354,1,1
05484900,41.5815,-93.6426667,7.703658232845136e-06,0.04167880840151528,1,1
03426470,36.28448937,-86.706331,7.695976147882383e-06,0.04163724631015436,1,1
05430150,42.83333998,-89.196737,7.690592768207267e-06,0.04160812081636297,1,1
03075500,39.4215833,-79.42363889,7.6712110725882e-06,0.041503260767567,1,1
03227500,39.9095084,-83.0090724,7.668412945889621e-06,0.04148812216938049,1,1
07185095,36.90006955,-94.8682878,7.664077412111069e-06,0.04146466579628957,1,1
03110830,40.4356229,-80.5925723,7.663980759206447e-06,0.04146414287876501,1,1
03072000,39.7592449,-79.9706152,7.650302888699491e-06,0.041390142017489834,1,1
05597500,37.7311111,-88.8891667,7.644475921779494e-06,0.04135861660054116,1,1
05485500,41.5785833,-93.6056111,7.622389669904633e-06,0.0412391241941575,1,1
06805500,41.01497778,-96.1575,7.620526981983973e-06,0.041229046564723475,1,1
03078000,39.70219444,-79.13638889,7.616646778640098e-06,0.04120805364852182,1,1
06033000,46.21103056,-112.09165,7.6145162540128796e-06,0.041196526952366745,1,1
06853500,39.9936611,-97.9318583,7.609020760798281e-06,0.04116679489496751,1,1
05507600,39.43138889,-91.6766667,7.594553375008524e-06,0.04108852254926151,1,1
05514840,38.7403611,-90.6950556,7.5928490699785335e-06,0.04107930181274183,1,1
03170000,37.03762635,-80.5567239,7.558539376947809e-06,0.040893677388744734,1,1
05532500,41.82149167,-87.8220361,7.558199105555499e-06,0.04089183643140525,1,1
07024500,36.1181477,-88.81088529,7.550180506016785e-06,0.04084845370806511,1,1
05527950,42.41527778,-87.9691667,7.541260763900616e-06,0.04080019556739816,1,1
05325000,44.17002549,-94.0023121,7.533658760140819e-06,0.04075906673631616,1,1
05356000,45.8486111,-91.0788889,7.5291231131091494e-06,0.04073452769812209,1,1
06906800,38.70225,-92.9788333,7.515116773334012e-06,0.0406587497320896,1,1
07065200,37.05652778,-91.6680278,7.513793706694335e-06,0.040651591595096646,1,1
06887000,39.2372186,-96.5713918,7.506046679895858e-06,0.04060967815139811,1,1
07144200,37.8321722,-97.3885694,7.503513555074525e-06,0.04059597328276371,1,1
05451700,42.008875,-92.8524194,7.494581589540685e-06,0.04054764901020621,1,1
03295890,38.0370083,-85.3407867,7.493573004490206e-06,0.04054219230096432,1,1
06916600,38.2186367,-94.6130113,7.488495636848739e-06,0.040514722412410525,1,1
05397500,44.91888889,-89.5519444,7.480042871288649e-06,0.04046899073719941,1,1
06607200,42.15677778,-95.8102778,7.477655139744736e-06,0.040456072484270085,1,1
03404000,36.743417,-84.1560449,7.465248399284658e-06,0.04038894876942014,1,1
06630000,41.87216636,-107.0575984,7.4553424155429174e-06,0.04033535480329113,1,1
06893390,38.9383333,-94.6077778,7.454167833752333e-06,0.0403290000082156,1,1
07160350,36.3761449,-97.8003332,7.449073607500788e-06,0.04030143891016651,1,1
06470500,46.35552489,-98.3045433,7.443407986926906e-06,0.04027078641920219,1,1
07375960,30.68629707,-90.6431509,7.4393019302170065e-06,0.04024857157714598,1,1
08010000,30.48288889,-92.4906944,7.429842874686545e-06,0.04019739560967736,1,1
06935830,38.65466667,-90.5948889,7.421043011218227e-06,0.04014978604388799,1,1
03237280,38.64368745,-83.21573648,7.412364089475954e-06,0.0401028308045076,1,1
05573540,39.8311111,-88.9763889,7.4020279667716416e-06,0.040046909673950325,1,1
05458900,42.62942778,-92.5435222,7.4010004602276955e-06,0.040041350594473786,1,1
05406500,43.13416667,-89.7322222,7.400398843301884e-06,0.04003809568935934,1,1
07141780,38.47721389,-99.4375472,7.388046078871579e-06,0.03997126399896521,1,1
03353600,39.78753517,-86.2280259,7.384779810408747e-06,0.039953592631241513,1,1
06903700,40.80044444,-93.1926861,7.381219163495544e-06,0.03993432859901224,1,1
06436000,44.6908178,-103.7376985,7.368346246880334e-06,0.03986468274908519,1,1
05365500,44.92666667,-91.4108333,7.345265575284026e-06,0.03973981027159919,1,1
06866500,38.7111152,-97.5717015,7.343629540771562e-06,0.03973095889645737,1,1
06228000,43.01051478,-108.3767701,7.3344789762562205e-06,0.03968145194616529,1,1
07326000,35.14367036,-98.4428358,7.322346425706929e-06,0.03961581167053499,1,1
05556500,41.36740278,-89.4979611,7.321318679074433e-06,0.03961025129211653,1,1
03294570,38.07812588,-85.8899635,7.302404670746365e-06,0.039507921554038435,1,1
07343200,33.3862233,-95.1324428,7.300748975451365e-06,0.03949896380891452,1,1
03105500,40.88867389,-80.3370083,7.299838980172984e-06,0.039494040496157436,1,1
03326500,40.57641667,-85.6595278,7.299444437529186e-06,0.03949190591713536,1,1
07183500,37.34005866,-95.1099687,7.29236900959471e-06,0.039453625999163085,1,1
07362587,34.7975,-92.9338889,7.289582783588431e-06,0.03943855178683836,1,1
06768035,40.6855652,-99.439268,7.285403532182212e-06,0.03941594094230753,1,1
03368000,39.07032188,-85.4860578,7.277984196932904e-06,0.039375800395702786,1,1
06768000,40.6825,-99.5405556,7.271306663388307e-06,0.03933967319057661,1,1
05471500,41.35570278,-92.6573556,7.264958857995313e-06,0.039305329901096725,1,1
05481950,41.6883333,-93.7347222,7.259898641400282e-06,0.03927795280419551,1,1
05434500,42.51,-89.8013889,7.250438949417277e-06,0.03922677339335196,1,1
07106300,38.42944444,-104.5980556,7.2470721573386075e-06,0.0392085581665424,1,1
07165565,36.01759824,-95.8608227,7.24645755730174e-06,0.039205233019397254,1,1
05408000,43.57415528,-90.6431767,7.2366460245921476e-06,0.03915215005808612,1,1
05512500,39.62080556,-90.7803889,7.220618869899491e-06,0.039065438954157775,1,1
06108000,47.930325,-111.5529417,7.21711755154822e-06,0.03904649590498496,1,1
05094000,48.7318196,-96.6669493,7.2168576057401015e-06,0.03904508953009087,1,1
05058000,47.0338718,-98.0837077,7.216314611283692e-06,0.0390421517878874,1,1
06893557,39.0330833,-94.6053889,7.20656461722309e-06,0.038989401766782464,1,1
06036905,44.6201833,-110.8635028,7.1749685292130165e-06,0.03881845865656054,1,1
06482020,43.56700265,-96.7113274,7.159854294782827e-06,0.03873668669031915,1,1
07177800,36.1945384,-95.9141599,7.158640250534294e-06,0.038730118393012054,1,1
03287600,38.07646608,-84.4132694,7.148293219380892e-06,0.0386741382448886,1,1
06877600,38.90638906,-97.1177952,7.132729849707485e-06,0.03858993633936607,1,1
07186000,37.2456111,-94.5664167,7.129857353222704e-06,0.03857439538116095,1,1
03349510,40.174475,-86.0005182,7.111790247962604e-06,0.038476647610459595,1,1
07147800,37.22440278,-96.9956889,7.110491743527076e-06,0.03846962236142321,1,1
06869500,39.0037861,-97.8733944,7.105246644924323e-06,0.038441245004445054,1,1
07314900,33.8267666,-98.2400458,7.094793411976814e-06,0.03838469027680435,1,1
07211500,36.29756944,-104.4954722,7.089310292431501e-06,0.03835502516419624,1,1
05399500,44.8219098,-90.0795754,7.085704119198331e-06,0.03833551482265394,1,1
03221000,40.14339564,-83.1204664,7.085323934743752e-06,0.038333457925195526,1,1
07335700,34.63843685,-94.6127236,7.082853056720352e-06,0.03832008982803855,1,1
06164510,48.50920278,-107.2187556,7.062178060214254e-06,0.038208232682766234,1,1
07161450,35.9858927,-96.9122504,7.061442233406576e-06,0.03820425166704527,1,1
07010030,38.6768333,-90.3148333,7.05761365740339e-06,0.03818353806827643,1,1
06340500,47.2852816,-101.6221093,7.05432791267564e-06,0.038165761328859266,1,1
072632982,34.93,-92.5930556,7.048157214887838e-06,0.03813237623790274,1,1
06878000,39.031109,-97.0402922,7.0387033616701994e-06,0.038081228416308836,1,1
05059480,46.8910787,-96.916751,7.027936554190265e-06,0.03802297716833175,1,1
05458300,42.7372222,-92.4700917,7.021350596051621e-06,0.03798734541013269,1,1
05540130,41.7202583,-88.1319333,7.005590017964385e-06,0.03790207655544826,1,1
07180400,38.2361285,-96.8772436,6.9997965636967225e-06,0.03787073245072469,1,1
07263580,34.72416667,-92.3588889,6.987647777614014e-06,0.03780500433660699,1,1
03328500,40.7819685,-86.2638599,6.978676217072548e-06,0.03775646584468946,1,1
07145500,37.45696389,-97.4235556,6.974481786843834e-06,0.03773377287875404,1,1
06794000,41.4414021,-97.7347745,6.973512145912671e-06,0.037728526867395966,1,1
03293000,38.237293,-85.6646834,6.969907268671969e-06,0.0377090235375123,1,1
06285100,44.83852799,-108.4351763,6.96599421564549e-06,0.03768785289592539,1,1
03460000,35.6672222,-83.0727778,6.9449855088601416e-06,0.03757419029065341,1,1
05383075,43.86079886,-91.2104156,6.941168095235765e-06,0.03755353708327703,1,1
06227600,43.14277778,-108.7088889,6.919099148238959e-06,0.03743413830081529,1,1
07151000,36.6719792,-97.3094887,6.918307720523459e-06,0.037429856469622755,1,1
06422500,44.1443339,-103.4545385,6.918113219228101e-06,0.03742880416668069,1,1
06879100,39.06166457,-96.7663963,6.915849242768937e-06,0.03741655546116768,1,1
05344500,44.747085,-92.802152,6.915229671899724e-06,0.03741320342051783,1,1
03254550,38.98055556,-84.5416667,6.915068105795217e-06,0.037412329305583025,1,1
05124000,48.9964079,-100.9584889,6.900629045892374e-06,0.03733421021034295,1,1
07185765,37.18863889,-94.3259167,6.8912406870591645e-06,0.03728341673051986,1,1
05537500,41.6426111,-87.9993611,6.880522015927498e-06,0.0372254259127924,1,1
07188000,36.93451148,-94.7471711,6.8659118914340254e-06,0.03714638131332023,1,1
03324300,40.71252448,-85.4535554,6.862552287062903e-06,0.037128204973890744,1,1
05059500,46.8910784,-96.9070286,6.856531481397562e-06,0.03709563083856909,1,1
03117500,40.6725609,-81.2598308,6.845168436079168e-06,0.03703415378774876,1,1
06927000,38.43180556,-91.9886111,6.844668683547294e-06,0.03703144999568081,1,1
05540250,41.71805556,-88.0705556,6.843033930885387e-06,0.037022605555686185,1,1
06041000,45.49023056,-111.6345056,6.841191711581002e-06,0.03701263866682634,1,1
06803530,41.0158333,-96.5441667,6.83942695097503e-06,0.03700309084980906,1,1
07243500,35.6739876,-96.0686077,6.833990091178101e-06,0.03697367601455378,1,1
03219500,40.4195042,-83.1971372,6.826772778848754e-06,0.0369346284648499,1,1
03455000,35.98151389,-83.1612083,6.826526181567653e-06,0.03693329430898256,1,1
06936530,38.7979722,-90.21425,6.821483721172513e-06,0.03690601327777258,1,1
03182500,38.1862222,-80.13,6.81077151004817e-06,0.036848057410376424,1,1
05485640,41.61380556,-93.5455278,6.810014204741827e-06,0.03684396019035309,1,1
06889000,39.0666666,-95.6497028,6.79772820761078e-06,0.036777489728532335,1,1
06601200,42.0078333,-96.2429167,6.789724727251297e-06,0.0367341888039111,1,1
05059310,46.7516335,-96.9261978,6.787764457954622e-06,0.036723583233679136,1,1
07116500,38.2250024,-104.2607996,6.78440481568936e-06,0.03670540668923244,1,1
05444000,41.90275,-89.6963889,6.774238858771597e-06,0.03665040620014181,1,1
03041500,40.4192377,-79.0261404,6.770673965715451e-06,0.036631119195167275,1,1
07056700,36.06777778,-92.5775,6.768959934029054e-06,0.03662184583488931,1,1
03070500,39.62175,-79.7045556,6.739612873418264e-06,0.03646307055185173,1,1
07237500,36.43670336,-99.2784383,6.735343244574103e-06,0.036439970741714435,1,1
06126500,46.4277194,-108.5701028,6.713508855552101e-06,0.03632184097932022,1,1
03532000,36.5425219,-83.6300294,6.701661034964778e-06,0.036257741167346584,1,1
03524000,36.9448295,-82.1548569,6.699555898116934e-06,0.03624635182572624,1,1
07104905,38.83721474,-104.8294192,6.695926121630508e-06,0.03622671378440283,1,1
03159540,39.06368935,-81.8818024,6.6945734649547905e-06,0.03621939555756614,1,1
05464220,42.25152778,-92.2988889,6.693363849333361e-06,0.0362128512202914,1,1
05470500,42.02255556,-93.6305,6.676087893562874e-06,0.03611938377550768,1,1
05432500,42.67777778,-90.1186111,6.661142196635477e-06,0.036038523641291405,1,1
05536215,41.5302222,-87.6225833,6.659041974328154e-06,0.036027160888622255,1,1
06935770,38.65844444,-90.6185,6.654576004712557e-06,0.036002998823495606,1,1
07138000,37.96613038,-101.7568467,6.6405734130476e-06,0.03592724113572071,1,1
07375500,30.50658047,-90.3617524,6.6348565581847726e-06,0.035896311453836434,1,1
05320000,44.09593967,-94.1096097,6.633739801626065e-06,0.03589026950840809,1,1
06936475,38.81794444,-90.2511667,6.6200646814645625e-06,0.03581628352722205,1,1
05484800,41.5874722,-93.7033056,6.6163246098466385e-06,0.03579604876035417,1,1
06465500,42.73972222,-98.22277778,6.603832473221302e-06,0.035728463029887435,1,1
06817700,40.20252778,-95.0695833,6.599227277924703e-06,0.035703547717367445,1,1
06893100,38.8422222,-94.6122222,6.597284114645661e-06,0.03569303469517044,1,1
03110000,40.53784235,-80.7250777,6.593722094775398e-06,0.03567376323488393,1,1
05451210,42.31530556,-93.1521944,6.5927601956284005e-06,0.035668559108605544,1,1
05132000,48.19634308,-93.8080272,6.5917460943652885e-06,0.03566307255520877,1,1
06804000,41.1475,-96.5377778,6.58542021670513e-06,0.03562884790050575,1,1
06901500,39.89594444,-93.2365278,6.58468830854451e-06,0.03562488808569155,1,1
06905500,39.53994444,-92.79075,6.583309968039275e-06,0.03561743090261134,1,1
05227500,46.540706,-93.707429,6.576674340969516e-06,0.03558153042248811,1,1
05458500,42.64831667,-92.4651861,6.571157924962687e-06,0.03555168516730384,1,1
06412500,44.05276555,-103.3118507,6.559662424146862e-06,0.0354894914975562,1,1
05050000,45.862568,-96.573245,6.54906690303691e-06,0.03543216695369559,1,1
03302220,38.12033579,-86.08802209,6.546891273430864e-06,0.03542039622779339,1,1
07104000,38.91777057,-104.8185877,6.544658311106113e-06,0.035408315316869235,1,1
03108000,40.62779694,-80.33755359,6.50088712334285e-06,0.03517150172868153,1,1
07311500,34.22092454,-98.4531104,6.4987415335446955e-06,0.03515989352600657,1,1
07145700,37.24946707,-97.4036569,6.489322075809486e-06,0.03510893179297977,1,1
06411500,44.07665378,-103.482134,6.488427916928235e-06,0.03510409415927825,1,1
07343500,33.32233617,-95.0927184,6.484311527315009e-06,0.03508182341350916,1,1
03447687,35.42916667,-82.5525,6.483078300627916e-06,0.03507515133418614,1,1
05422000,41.7669722,-90.5348556,6.4811455676681645e-06,0.03506469474274789,1,1
03382100,37.63805556,-88.6780556,6.47993720224494e-06,0.03505815716937284,1,1
05051300,46.1525039,-96.5793428,6.476141916149677e-06,0.03503762367772351,1,1
06609500,41.64169444,-95.7823333,6.460859468042077e-06,0.03495494163143711,1,1
07010082,38.6167083,-90.3373361,6.458151701083884e-06,0.03494029190310864,1,1
07134180,38.0955649,-102.3107453,6.456762179518097e-06,0.03493277422756285,1,1
03177710,37.27150554,-81.3048227,6.44803263065652e-06,0.03488554508220927,1,1
06770500,40.8744567,-98.2820044,6.437752926157159e-06,0.034829929188915046,1,1
05331000,44.9444444,-93.0881111,6.43214283565037e-06,0.03479957713015539,1,1
07103970,38.9338817,-104.8171992,6.4315150097103946e-06,0.03479618042741096,1,1
06324500,45.0571972,-105.8783778,6.425450619695415e-06,0.03476337048934429,1,1
03213500,37.44555556,-81.8711111,6.424318718993173e-06,0.034757246610133616,1,1
03079000,39.85991667,-79.2288333,6.416664326330758e-06,0.03471583434136933,1,1
07327550,34.9634007,-97.8994861,6.401243415517066e-06,0.03463240317558365,1,1
07010022,38.66855556,-90.3235556,6.373732641977961e-06,0.03448356268647353,1,1
06803170,40.81080556,-96.8060833,6.373498506121481e-06,0.03448229595017668,1,1
03353611,39.7144805,-86.200525,6.368460152929553e-06,0.03445503714001163,1,1
03145000,39.988675,-82.47487789,6.354568116990111e-06,0.03437987758766307,1,1
06089000,47.52577778,-111.511036,6.350968289250478e-06,0.0343604015769025,1,1
03498500,35.7856337,-83.8846022,6.34714672761643e-06,0.03433972592770755,1,1
06799445,42.2769448,-96.8619862,6.331052751431966e-06,0.03425265330200994,1,1
07327447,34.83784678,-98.1244903,6.3251081807152645e-06,0.034220491617724114,1,1
07376000,30.5038016,-90.6773163,6.323271865504103e-06,0.03421055667155472,1,1
07019120,38.5533611,-90.5119167,6.309648854358438e-06,0.034136852613790174,1,1
03384450,37.4725833,-88.5476944,6.308711943764764e-06,0.03413178368212903,1,1
06038800,44.88865556,-111.580886,6.300653758530697e-06,0.0340881867898107,1,1
05270500,45.559632,-94.23375,6.291391872100214e-06,0.034038077558805765,1,1
03352953,39.77475754,-86.18969129,6.290973727587491e-06,0.034035815287492166,1,1
03357330,39.81625714,-86.753968,6.280789886467332e-06,0.03398071804018323,1,1
06917630,37.5353611,-94.5580833,6.280490870647669e-06,0.033979100286295395,1,1
03297900,38.28534776,-85.4674592,6.2751515946223134e-06,0.03395021340479865,1,1
05059000,46.63163288,-97.000643,6.2720124680117705e-06,0.03393322990779056,1,1
06882000,40.0447222,-96.5872222,6.261905176928635e-06,0.03387854681622812,1,1
07010055,38.6223722,-90.3751639,6.257793353818305e-06,0.03385630077643554,1,1
03379500,38.6347222,-88.2972222,6.252574598241216e-06,0.03382806594212469,1,1
05535500,42.1383333,-87.8347222,6.250895342201941e-06,0.03381898072720437,1,1
05435943,42.97694444,-89.5394444,6.248787925277798e-06,0.03380757904977417,1,1
07105800,38.7294404,-104.7338611,6.24488096829292e-06,0.03378644138936869,1,1
03194700,38.59732627,-80.4903644,6.243528889758407e-06,0.03377912629042732,1,1
05059300,46.74638889,-96.9269444,6.234460086857045e-06,0.03373006169187784,1,1
03347000,40.20389108,-85.3860258,6.22925014776339e-06,0.03370187455705114,1,1
05455100,41.60640556,-91.6157222,6.221963817270945e-06,0.03366245360101107,1,1
05593945,38.7758333,-89.4988889,6.213687117877613e-06,0.03361767448986867,1,1
05593575,38.44166667,-89.4166667,6.212451619211379e-06,0.03361099011854353,1,1
05107500,48.910036,-95.92228,6.2086918934734614e-06,0.03359064901773966,1,1
03041029,40.34138889,-78.9261111,6.197876399239964e-06,0.03353213436167616,1,1
05294000,45.2034288,-96.0195791,6.1934723139472386e-06,0.033508307106941936,1,1
06934000,38.38880556,-91.8198889,6.183694982935227e-06,0.03345540918577113,1,1
06281000,44.41907987,-109.2579755,6.174052957041434e-06,0.033403243300722335,1,1
05572000,40.03116667,-88.5891667,6.158130191048696e-06,0.03331709696699688,1,1
03322900,40.64388889,-85.03088889,6.154303069337728e-06,0.03329639123632978,1,1
07359610,34.38277778,-93.6061111,6.140875494713405e-06,0.03322374454132479,1,1
07340300,34.38,-94.2363889,6.118065527398463e-06,0.03310033664489047,1,1
07301110,34.47896485,-99.38231,6.106436168492376e-06,0.033037418767821014,1,1
03365500,38.98254546,-85.8991267,6.1052860154676575e-06,0.03303119613876599,1,1
05400760,44.3921593,-89.8271246,6.098592701383244e-06,0.032994983556786955,1,1
06820500,39.68802778,-94.7026111,6.093051844264678e-06,0.03296500606878777,1,1
05046475,46.27724167,-96.5821111,6.0898553829220556e-06,0.03294771237586484,1,1
07301420,35.42227237,-99.9692772,6.08327269682086e-06,0.032912098320245234,1,1
05533400,41.70777778,-87.9627778,6.079712126044188e-06,0.03289283469993452,1,1
05485605,41.7173333,-93.5696111,6.075614209040737e-06,0.03287066389582176,1,1
06799350,41.8394441,-96.7275324,6.074263743430098e-06,0.03286335752322092,1,1
06447000,43.7524949,-101.5248665,6.070986774504884e-06,0.0328456282631936,1,1
03451500,35.60888889,-82.5780556,6.055674142828678e-06,0.03276278291589684,1,1
07261500,34.8725,-93.6572222,6.048138766664711e-06,0.03272201455755609,1,1
07356000,34.61,-93.6975,6.0407105743800544e-06,0.032681826092070716,1,1
07056000,35.98305556,-92.7472222,6.0293414724949964e-06,0.0326203162736387,1,1
07105000,38.82249078,-104.888586,6.028607827838215e-06,0.03261634706392553,1,1
07158000,36.51725644,-98.8795366,6.02674644712831e-06,0.032606276506844,1,1
05536500,41.64663889,-87.7664444,6.021431805618967e-06,0.03257752290452995,1,1
05551200,41.9332,-88.3411056,6.017950708689192e-06,0.03255868925854282,1,1
05537980,41.5364722,-88.0836944,6.007734623091438e-06,0.03250341756016622,1,1
03415000,36.3973873,-85.1744486,6.002271954088212e-06,0.0324738630903462,1,1
06430500,44.5718625,-104.0536449,5.997836604505587e-06,0.032449866687616416,1,1
06209500,45.0861472,-109.3291889,5.996963147865852e-06,0.03244514105846281,1,1
03431599,36.2176545,-86.8202207,5.979177907061184e-06,0.03234891824827736,1,1
07124200,37.12946459,-104.6399888,5.969153411408904e-06,0.03229468310167756,1,1
06918460,37.4023611,-93.8020278,5.965073295314654e-06,0.032272608605145095,1,1
05287890,45.163302,-93.436791,5.961196970319972e-06,0.032251636671828204,1,1
06307616,45.41160556,-106.4573528,5.960456457987856e-06,0.03224763030619303,1,1
06797500,42.26844444,-98.3393611,5.960018161646018e-06,0.032245259008206746,1,1
07160500,36.06004045,-97.5850471,5.952811707471658e-06,0.03220627020396477,1,1
07010035,38.6831111,-90.3024722,5.952778629718843e-06,0.03220609124465995,1,1
05506800,39.4348333,-92.1677778,5.948447375430025e-06,0.032182658024729166,1,1
06863500,38.852234,-99.3181589,5.939397550295688e-06,0.032133696100869004,1,1
03295400,38.00201594,-85.0605085,5.93429230296439e-06,0.03210607537589236,1,1
03301940,38.1492,-85.6788,5.932772355776576e-06,0.03209785206357676,1,1
06130500,46.99469167,-107.8891639,5.917919320336142e-06,0.03201749325227028,1,1
05592575,38.9370833,-88.9528056,5.910608992893928e-06,0.03197794246644787,1,1
03302800,38.4339422,-86.1916364,5.904888590442047e-06,0.0319469935911778,1,1
06447230,43.75527266,-101.2279205,5.901484895172828e-06,0.031928578708443504,1,1
03531500,36.66203367,-83.0948928,5.886618289491315e-06,0.03184814647857915,1,1
07075300,35.58694444,-92.4513889,5.882469484198975e-06,0.03182570035549734,1,1
06876700,39.13912778,-97.83655,5.876010065041068e-06,0.03179075320632091,1,1
05412400,42.7538753,-91.3690252,5.874678223941709e-06,0.03178354759720331,1,1
05288500,45.128992,-93.298705,5.868259724607882e-06,0.03174882183499085,1,1
07335300,34.02676714,-95.7502479,5.867258076772179e-06,0.031743402657897546,1,1
06891260,38.89194444,-95.5944444,5.8508705367120345e-06,0.03165474177475675,1,1
03346000,39.01027778,-87.9455556,5.843744863231847e-06,0.031616190015224345,1,1
05590050,40.0972222,-88.30725,5.840377923774042e-06,0.03159797399105507,1,1
06188000,44.92817778,-110.3942694,5.8380280865569516e-06,0.031585260756357265,1,1
03264000,40.1022723,-84.4299498,5.8345044572213265e-06,0.0315661969989165,1,1
05591200,39.5834722,-88.4138056,5.832286410842234e-06,0.03155419678716442,1,1
05484650,41.56166667,-93.7033333,5.825305857242505e-06,0.03151643016418792,1,1
06043500,45.4973,-111.2707083,5.794009555816632e-06,0.03134710897789182,1,1
07160000,35.9206023,-97.4258746,5.783191747104383e-06,0.03128858179989219,1,1
05133500,48.63442818,-93.91331106,5.780837513386946e-06,0.03127584477897619,1,1
06471000,45.6035795,-98.3103756,5.777838554745265e-06,0.031259619627385514,1,1
03102850,41.3536663,-80.3978453,5.774467524383584e-06,0.03124138147035498,1,1
03266000,39.87033349,-84.2860557,5.761015359687875e-06,0.031168601736624373,1,1
05061000,46.851975,-96.32912,5.76050950951568e-06,0.031165864954725495,1,1
07015720,38.14691667,-91.5808889,5.7551984443516e-06,0.03113713070137585,1,1
06436180,44.4422065,-103.6293606,5.747959968118283e-06,0.031097968649409287,1,1
06770200,40.65805556,-99.0861111,5.742782825720404e-06,0.031069958953295226,1,1
06710385,39.63316667,-105.3369444,5.740868010829414e-06,0.03105959930330119,1,1
05496000,40.1421111,-91.5656944,5.738622940462155e-06,0.03104745288469633,1,1
06897500,39.9269517,-93.9427225,5.726042404114788e-06,0.030979388888584116,1,1
06769525,40.7288988,-99.3989885,5.718276277760738e-06,0.030937372111288317,1,1
05481000,42.4319722,-93.8059444,5.6974085292173095e-06,0.03082447212701794,1,1
03028000,41.57533955,-78.69224919,5.689994960755444e-06,0.030784362780243418,1,1
06799500,41.71277778,-96.5219444,5.6876935888826335e-06,0.030771911755749812,1,1
03230450,39.8478333,-83.1573333,5.673569721038786e-06,0.030695497932088447,1,1
07018500,38.3917222,-90.6378056,5.666144192535663e-06,0.030655323878358735,1,1
05407000,43.19805556,-90.4433333,5.6633280845463425e-06,0.030640087996680544,1,1
05340500,45.4069444,-92.6469444,5.659153645566844e-06,0.030617503188638498,1,1
07316000,33.7278833,-97.1600129,5.655164345106126e-06,0.030595920028465395,1,1
05064000,47.2669444,-96.7961111,5.651754222883449e-06,0.03057747037422986,1,1
03139000,40.48145387,-81.985979,5.647253483351909e-06,0.03055312019475274,1,1
05058700,46.4469123,-97.6792652,5.6425669526128855e-06,0.030527764836189873,1,1
07055646,35.93888889,-93.405,5.6347826877631515e-06,0.030485649924882483,1,1
03263000,39.87450176,-84.16188479,5.62244369857588e-06,0.030418892762160494,1,1
07165562,36.01704297,-95.8488777,5.617859810763718e-06,0.030394092728711113,1,1
05062000,46.963238,-96.661716,5.61529378377346e-06,0.030380209850726717,1,1
06799000,42.00377778,-97.4260278,5.607591046828359e-06,0.030338536026733153,1,1
06447450,43.71304839,-100.6850534,5.606849201414567e-06,0.030334522448777018,1,1
07238000,36.18337277,-98.9212057,5.604940639436749e-06,0.030324196628680695,1,1
06186500,44.56709167,-110.3804056,5.5957487633952845e-06,0.030274466172214017,1,1
07378500,30.464079,-90.99038,5.590410548101576e-06,0.03024558502955326,1,1
03302680,38.60532859,-86.094411,5.5875134587508115e-06,0.030229911017503015,1,1
07234000,36.82224819,-100.5193158,5.582500702466687e-06,0.030202790693312262,1,1
07142575,38.09363056,-98.5461389,5.576741401857834e-06,0.0301716313688267,1,1
06881000,40.59666667,-96.9605556,5.576395184868446e-06,0.03016975824425005,1,1
03029500,41.3306189,-79.2089298,5.5675954746616515e-06,0.03012214950764565,1,1
07144480,37.70169444,-97.4806139,5.561920575016108e-06,0.030091446814473722,1,1
05481300,42.25225,-93.9974667,5.560458364568957e-06,0.030083535873044666,1,1
06446500,43.69388346,-101.9326516,5.5591920726274796e-06,0.030076684902036608,1,1
07191000,36.56841789,-95.1521891,5.547663745089558e-06,0.030014313631126072,1,1
06479500,44.94246436,-97.1461856,5.5316350410007455e-06,0.029927594144558783,1,1
05082500,47.9269234,-97.0292435,5.528952075074125e-06,0.029913078596305796,1,1
03208500,37.20705367,-82.2956993,5.52477223423311e-06,0.029890464562778354,1,1
06414000,44.08551554,-103.241843,5.52214626882178e-06,0.029876257402239845,1,1
07067000,36.99138889,-91.0135,5.517154415779679e-06,0.02984925017006239,1,1
05486490,41.4243611,-93.5873056,5.516849163318965e-06,0.029847598674313268,1,1
06888500,39.06472106,-96.1691605,5.516062689225397e-06,0.029843343643512602,1,1
07153000,36.34366537,-96.7994788,5.5093496172987585e-06,0.029807024166433122,1,1
07326500,35.08422846,-98.2433849,5.505451037058108e-06,0.029785931826407548,1,1
07308200,34.1795833,-99.3233333,5.4973274590403345e-06,0.029741981142004912,1,1
06339100,47.2361259,-102.7699074,5.497091311316436e-06,0.029740703520978466,1,1
05084000,48.1972148,-97.7306431,5.494407549475453e-06,0.029726183666620346,1,1
05438500,42.25613208,-88.8631565,5.487063390048023e-06,0.02968644984089831,1,1
07105900,38.6844413,-104.688583,5.479847838569213e-06,0.029647411817856944,1,1
05410490,43.18277778,-90.8583333,5.4751021033038206e-06,0.029621736147302496,1,1
05244000,46.64059,-94.880382,5.473981604101188e-06,0.02961567395319042,1,1
03298300,38.08756629,-85.642458,5.461853605029685e-06,0.02955005830224685,1,1
05437050,42.43805556,-89.175,5.456768609000834e-06,0.029522547142119663,1,1
05448000,41.44241667,-90.5555278,5.453606054603053e-06,0.029505436894647557,1,1
07018100,38.1596111,-90.7060556,5.453103318930882e-06,0.02950271696300941,1,1
03301900,38.1756242,-85.615237,5.450531472958551e-06,0.029488802602808176,1,1
05106000,48.992599,-95.662148,5.443315863997646e-06,0.029449764268773628,1,1
05435500,42.30027778,-89.6152778,5.443023359819203e-06,0.029448181744569996,1,1
05330000,44.6926832,-93.642001,5.435525988302403e-06,0.02940761900132272,1,1
05529500,42.09530499,-87.9128462,5.434326266464464e-06,0.029401128192007554,1,1
06751150,40.87831637,-105.3380411,5.431198830763365e-06,0.029384207945881057,1,1
06307500,45.141275,-106.7713556,5.4311051230774015e-06,0.029383700962760703,1,1
03038000,40.6547875,-79.3486511,5.416334528588971e-06,0.029303788178593432,1,1
05388250,43.4210841,-91.5087519,5.4095706625477605e-06,0.029267193892052634,1,1
05526000,41.0092222,-87.8240556,5.408986204229033e-06,0.029264031819495852,1,1
05464500,41.97194549,-91.6671239,5.3779014457328544e-06,0.02909585513584628,1,1
07105500,38.81638158,-104.8227519,5.376517942192453e-06,0.029088370019393767,1,1
07242000,35.2656454,-96.2061167,5.367868376047939e-06,0.029041573601484624,1,1
05267000,45.82577,-94.355577,5.357645321503767e-06,0.02898626419928293,1,1
07325840,35.39172078,-98.5178418,5.352863055476126e-06,0.02896039088773839,1,1
06799315,41.99527778,-97.0580556,5.3398001126121055e-06,0.02888971694604298,1,1
06453600,42.8108611,-98.1753972,5.337161006550412e-06,0.028875438691144853,1,1
05467000,41.1289222,-90.9193083,5.328032424621386e-06,0.02882605067240134,1,1
05360500,45.40638889,-91.2194444,5.32462191454125e-06,0.028807598919755383,1,1
07143665,38.1122326,-97.591987,5.321973007784977e-06,0.02879326764053307,1,1
06470878,45.9363579,-98.1742692,5.318272924838262e-06,0.028773249222848293,1,1
07311000,34.36230747,-98.2825468,5.3120616136278716e-06,0.02873964440264011,1,1
06793000,41.4186111,-97.7236111,5.310509378809979e-06,0.028731246405790604,1,1
06473000,44.99830768,-98.480927,5.29070327267193e-06,0.028624090184946296,1,1
05529000,42.0872222,-87.8872222,5.286441927050952e-06,0.028601035189215546,1,1
07331000,34.23342725,-96.9758447,5.2794846200068505e-06,0.028563394336192593,1,1
05462000,42.711925,-92.5829667,5.279431619676584e-06,0.02856310759052662,1,1
07019090,38.53441667,-90.5141389,5.267649435865299e-06,0.02849936289069969,1,1
03277130,38.84504677,-84.7207555,5.267189818453697e-06,0.028496876240142625,1,1
06811500,40.39277778,-95.8127778,5.257993084178853e-06,0.028447119499361132,1,1
06601000,42.32166667,-96.48777778,5.257437606460669e-06,0.028444114219442457,1,1
03362000,39.4189286,-86.0049632,5.2543067705941695e-06,0.028427175577530737,1,1
03353500,39.77781308,-86.2502488,5.252076758424119e-06,0.02841511062771608,1,1
06452000,43.74832745,-99.5564948,5.250165516975092e-06,0.02840477031097884,1,1
06620000,40.93663889,-106.3391944,5.246146103809814e-06,0.028383024233188437,1,1
06911900,38.7091737,-95.8383205,5.2412878973869566e-06,0.028356740064219208,1,1
06804700,41.0536111,-96.3677778,5.234512771026899e-06,0.028320084856404696,1,1
03206600,38.0118333,-82.3059722,5.234427702484995e-06,0.028319624613316045,1,1
06709530,39.50736944,-105.0244667,5.2343854608052255e-06,0.028319396074766637,1,1
07152000,36.8114211,-97.277265,5.232124604064852e-06,0.028307164247749244,1,1
07179795,38.3658583,-97.0823056,5.229549409418555e-06,0.028293231770344932,1,1
07035000,37.55936667,-90.3129139,5.221841029201879e-06,0.028251527414774342,1,1
05516500,41.34029645,-86.3044166,5.221631220179822e-06,0.028250392293022196,1,1
06025500,45.52658056,-112.701725,5.218581398700903e-06,0.028233891960162575,1,1
03040000,40.28563049,-78.9205806,5.202325205795474e-06,0.02814594169952475,1,1
07258500,35.10694444,-93.9236111,5.196643520804265e-06,0.028115202295855894,1,1
06062500,46.5238972,-112.2566472,5.190393310615554e-06,0.028081387021988497,1,1
05482300,42.35455556,-94.9910278,5.18367539790338e-06,0.02804504135499161,1,1
07103700,38.85471357,-104.8780314,5.1758572238570485e-06,0.028002742986050804,1,1
03275600,39.73253529,-84.9596512,5.1738484065711805e-06,0.027991874758484015,1,1
072632962,34.8811111,-92.6811111,5.1640495635440835e-06,0.02793886045167824,1,1
05447500,41.4889333,-90.1580083,5.164002418359999e-06,0.027938605383886404,1,1
07207500,36.57369444,-104.9468056,5.16327183809008e-06,0.027934652753308625,1,1
05495000,40.39241667,-91.5978889,5.159280117848026e-06,0.027913056501484824,1,1
03274650,40.0041988,-85.1154894,5.15507817679373e-06,0.027890322900016137,1,1
03441000,35.27305556,-82.7058333,5.151798989734793e-06,0.027872581639304513,1,1
06200000,45.8337944,-109.9387056,5.142318336487235e-06,0.0278212888225306,1,1
05414820,42.4786111,-90.4866667,5.13654119397045e-06,0.027790032968650853,1,1
05579725,40.3649722,-88.9641944,5.129491643862854e-06,0.02775189305649864,1,1
05469000,41.001425,-90.8543083,5.110078441811797e-06,0.027646862549655,1,1
06786000,41.77694444,-99.3791667,5.093958211504152e-06,0.0275596478822758,1,1
03032500,40.9945093,-79.3942088,5.089289366001775e-06,0.027534388205474433,1,1
07019150,38.5928611,-90.4929444,5.0651247049237435e-06,0.0274036510610273,1,1
05113600,48.98106266,-103.076709,5.047883630991786e-06,0.027310372336124544,1,1
07301300,35.2642163,-100.2417855,5.04453787450576e-06,0.027292270917379787,1,1
06884000,40.1464722,-97.2007222,5.0425018553317625e-06,0.02728125552047484,1,1
07019185,38.5685833,-90.47125,5.03936135241984e-06,0.02726426457731587,1,1
06181000,48.11791667,-105.1928167,5.031353261606027e-06,0.027220938708929367,1,1
05533000,41.73894444,-87.8968611,5.030705311927246e-06,0.027217433131488174,1,1
05280000,45.086781,-93.73515,5.028129283946246e-06,0.02720349614552489,1,1
06919500,37.83405556,-93.8754722,5.0257245486150456e-06,0.02719048589765355,1,1
03294550,38.1775699,-85.8669086,5.025471485398248e-06,0.02718911675938085,1,1
05466000,41.2722472,-90.3774917,5.018688689596166e-06,0.027152420057876585,1,1
03272000,39.6378342,-84.403834,5.009934859355947e-06,0.027105059543905977,1,1
03611260,37.04144404,-88.7108852,4.99927304256536e-06,0.027047376323052232,1,1
06437020,44.3355403,-103.6354716,4.988430004864516e-06,0.026988712649617573,1,1
05078230,47.843794,-95.85835,4.988313398554061e-06,0.02698808177894224,1,1
06037100,44.6408,-110.8610639,4.9866324843057945e-06,0.02697898759267705,1,1
07144100,37.88306739,-97.4244864,4.981881973779668e-06,0.026953286086711527,1,1
05551700,41.6718722,-88.4414861,4.981698629660412e-06,0.026952294147013913,1,1
03302030,38.05423677,-85.8716296,4.97594851602507e-06,0.02692118452646084,1,1
07195430,36.1086111,-94.5333333,4.969709699689731e-06,0.026887430896323904,1,1
07249800,35.5658333,-94.5319444,4.9589716954294624e-06,0.026829335481307927,1,1
06910750,38.52902778,-92.1920278,4.958352630525113e-06,0.02682598617806048,1,1
06807410,41.3901111,-95.3720556,4.955934385809306e-06,0.0268129028408807,1,1
05405000,43.48166667,-89.6363889,4.949605160230124e-06,0.026778660073059044,1,1
03272100,39.5198861,-84.4126778,4.945259265039858e-06,0.0267551476420174,1,1
03157000,39.5883982,-82.5784946,4.9416126221582305e-06,0.026735418349079134,1,1
05506100,39.3561111,-91.8341667,4.940836792427971e-06,0.02673122090707141,1,1
03343400,39.79163889,-88.1857778,4.932213503091871e-06,0.02668456665357691,1,1
05338500,45.840703,-92.932039,4.9269330852633746e-06,0.02665599821033841,1,1
05062500,47.26555556,-96.2475,4.925416502853009e-06,0.026647793102349944,1,1
07195855,36.2161111,-94.6052778,4.911455441675892e-06,0.026572260105389878,1,1
05543830,43.0047222,-88.2436111,4.9104367915730235e-06,0.026566748941578816,1,1
06933500,37.92991667,-91.9773333,4.909433288993489e-06,0.02656131972983568,1,1
06078200,47.43496667,-111.3884444,4.902689737498548e-06,0.026524835350309986,1,1
05439000,41.9311111,-88.7597222,4.893162564900177e-06,0.02647329085166612,1,1
06871500,39.56028889,-99.2855722,4.869224748293922e-06,0.0263437809952152,1,1
05453000,41.74944709,-92.1821267,4.8605851569565065e-06,0.02629703854362457,1,1
03303000,38.23447298,-86.22713759,4.843856462290718e-06,0.026206531924728868,1,1
05060500,47.0166413,-97.214254,4.8413063519946475e-06,0.02619273516022814,1,1
06185500,48.1235,-104.4733,4.832060091784682e-06,0.026142710471168257,1,1
05535000,42.2325,-87.8452778,4.826628575332865e-06,0.0261133245448093,1,1
06918740,37.4828611,-93.4856389,4.816416707080227e-06,0.026058075663374168,1,1
07159100,35.95170756,-97.9144994,4.813570728674512e-06,0.026042678174921098,1,1
05595730,38.25416667,-89.0405556,4.809176865346895e-06,0.026018906223694935,1,1
07068000,36.6215,-90.8463889,4.808841208115249e-06,0.026017090230172964,1,1
06054500,46.1465722,-111.4202778,4.778902066486456e-06,0.02585511163377936,1,1
07049000,36.2,-93.855,4.760506592602867e-06,0.025755587302834834,1,1
07229200,35.01396104,-97.3475281,4.759542458309905e-06,0.025750371083831457,1,1
06235500,42.9975,-108.3754167,4.755826107043605e-06,0.02573026465027753,1,1
03292480,38.3127635,-85.6261558,4.755488885766273e-06,0.02572844019485882,1,1
06918440,37.44313889,-93.6848889,4.74644014911983e-06,0.025679484160003208,1,1
06026500,45.6132833,-112.3293972,4.7358792933809946e-06,0.02562234716487818,1,1
06790500,41.26334596,-98.449236,4.735427638189856e-06,0.025619903592018888,1,1
06893150,38.88941667,-94.5806667,4.733714629214985e-06,0.0256106357648781,1,1
03244936,39.2647812,-84.2327142,4.729658463534273e-06,0.025588690846354796,1,1
03291500,38.7064538,-84.8248089,4.727873205983113e-06,0.0255790321354965,1,1
07019317,38.48177778,-90.3419444,4.726202820366202e-06,0.025569994911884084,1,1
06120500,46.4288,-109.8411944,4.714003779002628e-06,0.02550399490353652,1,1
06478690,43.41562216,-97.2051972,4.713811218388381e-06,0.02550295310018747,1,1
03352500,39.8519788,-86.08746569,4.7115451432607876e-06,0.025490693040328673,1,1
07332390,34.383426,-96.6005579,4.699059550977135e-06,0.025423142716464217,1,1
06407500,43.97871038,-103.3460469,4.696118925323025e-06,0.025407233161611992,1,1
07312500,33.90954178,-98.5336663,4.694611961374777e-06,0.025399080092022373,1,1
06893500,38.957,-94.5588889,4.691176875344104e-06,0.025380495377048295,1,1
05104500,48.79470197,-95.7424885,4.673167489067855e-06,0.025283059881164482,1,1
06450500,43.60138549,-100.7498608,4.668711924957321e-06,0.025258954112545123,1,1
06073500,47.199025,-112.0959056,4.667983141111237e-06,0.025255011201090725,1,1
05525000,40.82305556,-87.5816667,4.654932219959304e-06,0.02518440230000584,1,1
06306300,45.0091361,-106.8359444,4.649201965188068e-06,0.025153400121108036,1,1
06614800,40.49609409,-105.8650119,4.646110885040567e-06,0.025136676568046953,1,1
07250974,35.70444444,-94.0916667,4.643278783192588e-06,0.0251213541554051,1,1
07105530,38.8030491,-104.7958069,4.634164689326008e-06,0.025072044520873412,1,1
03115400,39.5631294,-81.2037236,4.631026847903554e-06,0.02505506797706943,1,1
06670500,42.2005103,-104.5383548,4.62777680642087e-06,0.025037484401557706,1,1
05421740,42.0833611,-91.2673889,4.627601700320499e-06,0.02503653703169955,1,1
06036650,45.8971361,-111.5956722,4.625004133644252e-06,0.02502248351575464,1,1
05484000,41.59041667,-94.1511667,4.620661340255917e-06,0.024998987866273713,1,1
03230500,39.7006176,-83.110187,4.618336130594117e-06,0.024986407873099258,1,1
05438283,42.52166667,-88.6608333,4.608156676688288e-06,0.024931334361768732,1,1
05455500,41.4697387,-91.7146129,4.6025759935703245e-06,0.024901141404683552,1,1
06483290,43.42313889,-96.1649167,4.601188541138302e-06,0.02489363492369327,1,1
07188653,36.6158611,-94.1822222,4.597741896072919e-06,0.02487498767131444,1,1
06893620,39.11194444,-94.4722222,4.595095643026977e-06,0.024860670749359944,1,1
07149000,37.03890556,-98.4701556,4.5847010695897855e-06,0.02480443338503126,1,1
07143300,38.30951667,-98.192575,4.58296694364435e-06,0.0247950513095498,1,1
03351500,39.95475528,-85.8674584,4.5792820555993395e-06,0.024775115100262347,1,1
05064500,47.351918,-96.843691,4.557472478754931e-06,0.024657119578246504,1,1
05550300,42.05866667,-88.3040667,4.543723914142253e-06,0.024582736243346656,1,1
06463500,42.6896361,-99.6794472,4.53848669047817e-06,0.02455440149184892,1,1
07300000,34.95755294,-100.220949,4.524951284474044e-06,0.02448117140084132,1,1
06800500,41.2933333,-96.2838889,4.509214212833455e-06,0.02439602972218889,1,1
05383950,43.782779,-92.03163,4.506515672373528e-06,0.0243814299116322,1,1
05555300,41.2083333,-88.9305556,4.5044663489300305e-06,0.02437034253514526,1,1
07257006,35.5058333,-93.1813889,4.498844883243932e-06,0.024339928933686715,1,1
03262700,40.03055556,-84.1872222,4.495440018474449e-06,0.024321507723649733,1,1
05379500,44.13175,-91.5530278,4.492202096842596e-06,0.02430398971970484,1,1
07176500,36.48508798,-96.0602743,4.486571119110192e-06,0.02427352465558485,1,1
05504800,39.3261111,-91.8341667,4.483349457782552e-06,0.024256094624143843,1,1
06928000,37.75913889,-92.4520278,4.483197950098641e-06,0.024255274927898477,1,1
05471200,41.8057222,-93.3086944,4.4799173002613424e-06,0.024237525753172853,1,1
05382000,44.06027778,-91.2872222,4.474287339341086e-06,0.024207066190272863,1,1
06915800,38.34529858,-94.7724591,4.4718354472226134e-06,0.024193800811833397,1,1
06468250,47.3997189,-98.7976057,4.4680564264194005e-06,0.024173355319673462,1,1
06918493,37.26638889,-93.2494722,4.461437374701185e-06,0.024137544516542684,1,1
03262000,40.21449409,-84.2441116,4.459677023820185e-06,0.024128020557292282,1,1
07106000,38.6016647,-104.6702503,4.457480009497943e-06,0.024116134134475428,1,1
06090300,47.5844444,-111.0605806,4.452249344879014e-06,0.024087834869129594,1,1
05592800,38.9223333,-89.2366667,4.4483397517242175e-06,0.02406668294635453,1,1
05057000,47.43277097,-98.0275954,4.440301019147998e-06,0.024023191298009228,1,1
03329700,40.5903039,-86.6213718,4.439858368397702e-06,0.024020796441532894,1,1
03066000,39.1270524,-79.4683852,4.436785038889276e-06,0.02400416892407758,1,1
03334000,40.4648333,-86.6365556,4.418332812213933e-06,0.02390433754566778,1,1
05368000,45.0477401,-91.9110104,4.415702958947769e-06,0.023890109350816504,1,1
05567500,40.6235,-89.2416667,4.411214528510165e-06,0.023865825766760967,1,1
05554500,40.8778333,-88.636,4.409754350907981e-06,0.023857925823555524,1,1
05479000,42.7236111,-94.19325,4.401750411403752e-06,0.02381462241484098,1,1
06709000,39.43832246,-104.9830387,4.397986522934293e-06,0.023794258792569363,1,1
07188885,36.59927778,-94.4496389,4.388954500298192e-06,0.023745393184886616,1,1
05059700,46.6216388,-97.5739851,4.379669584054802e-06,0.023695159356563023,1,1
05454000,41.70001667,-91.4876667,4.379215373468702e-06,0.02369270195834781,1,1
05530990,42.06039167,-88.0166583,4.379049808162879e-06,0.023691806206686615,1,1
06485500,42.8375091,-96.5619306,4.373832523637393e-06,0.02366357933115016,1,1
07177650,36.21536936,-95.9952759,4.365930443987872e-06,0.02362082701092369,1,1
07061270,37.55255556,-90.8424444,4.355698048577847e-06,0.023565467072191634,1,1
07231500,34.97786698,-96.2436172,4.3513929055176874e-06,0.02354217512084565,1,1
06794650,41.35194444,-97.4033333,4.348481962558798e-06,0.0235264261571476,1,1
06868200,38.9747332,-98.4903429,4.3286763261948985e-06,0.02341927247790446,1,1
05320500,44.11760477,-94.0502846,4.323060866723699e-06,0.023388891371641372,1,1
03146500,40.05923245,-82.3395948,4.32298057129995e-06,0.023388456952371878,1,1
06845110,40.0016,-99.9924889,4.3059030216595155e-06,0.023296062936708467,1,1
07010086,38.6009722,-90.3262778,4.297254464763319e-06,0.023249271979097017,1,1
06935755,38.60975,-90.6725,4.292190635803476e-06,0.023221875338356193,1,1
07299890,34.93560669,-100.6965246,4.291111246252318e-06,0.023216035558224008,1,1
05070000,47.7588646,-96.9439684,4.28602545925096e-06,0.02318852011872842,1,1
06803555,40.96555556,-96.4544444,4.273068107452575e-06,0.0231184174523493,1,1
05116500,48.37056947,-101.5701633,4.267981866586261e-06,0.023090899557325448,1,1
06914990,38.7675084,-94.8794073,4.263711555815088e-06,0.02306779605778444,1,1
03289300,38.1409082,-84.645222,4.261940411312177e-06,0.023058213702212966,1,1
06289000,45.0071111,-107.6154083,4.251681707867355e-06,0.02300271143012336,1,1
06169500,48.969375,-106.8398417,4.246048867934777e-06,0.02297223629101278,1,1
07325850,35.29088918,-98.5292287,4.233264811711217e-06,0.022903071199074483,1,1
03265000,40.05782925,-84.3560589,4.209972328380422e-06,0.02277705276463763,1,1
05501000,39.817,-91.5460278,4.19691368299364e-06,0.022706402073419465,1,1
03237500,38.8036838,-83.4210226,4.190713016897411e-06,0.02267285484606654,1,1
06800000,41.56116667,-96.5408333,4.183009814106269e-06,0.022631178501723904,1,1
03298000,38.18840166,-85.460235,4.17453808539337e-06,0.0225853442308902,1,1
06860000,38.7947354,-100.8584796,4.172170286753935e-06,0.02257253382019394,1,1
07005000,38.73675,-90.2261111,4.170315742999878e-06,0.02256250025283395,1,1
05120000,48.15972928,-100.7295863,4.1682149759110195e-06,0.022551134552754027,1,1
05539000,41.5147222,-88.0733333,4.167003684469984e-06,0.022544581148856376,1,1
07144910,37.637796,-98.7209237,4.166626292353559e-06,0.022542539358678608,1,1
07103800,38.97054766,-104.902758,4.166320777109045e-06,0.022540886441200315,1,1
05593900,39.14891667,-89.3524722,4.16590696556452e-06,0.022538647612379347,1,1
07314500,33.66260225,-98.6131124,4.164682756469329e-06,0.02253202432058996,1,1
05498150,40.028933,-91.7057179,4.161862546569744e-06,0.022516766246503065,1,1
05487470,41.33788889,-93.4864167,4.154578044489733e-06,0.022477355182653067,1,1
06899500,40.06930556,-93.6380278,4.150144805552137e-06,0.022453370199065605,1,1
05487980,41.24644444,-93.2901389,4.145161315201879e-06,0.02242640821124096,1,1
06065500,46.76619167,-111.8887944,4.126137701881178e-06,0.02232348548145039,1,1
05476750,42.71944444,-94.2202778,4.122502070494622e-06,0.022303815763584048,1,1
07143672,38.02853056,-97.5405417,4.120057341220534e-06,0.02229058913800844,1,1
03292500,38.2114592,-85.7024613,4.11445042883423e-06,0.022260254273712865,1,1
03345500,38.93669444,-88.0223333,4.110716165405321e-06,0.022240050930668553,1,1
07124000,38.0808399,-103.2196523,4.109023234174472e-06,0.022230891729380697,1,1
05449500,42.7599722,-93.6216389,4.1056350073327575e-06,0.02221256053488993,1,1
07126300,37.3564059,-103.9002383,4.104415654874972e-06,0.022205963518780715,1,1
06892000,39.1163912,-95.0108006,4.104091830383864e-06,0.022204211543483697,1,1
06403300,43.7172105,-103.3679713,4.099042828796325e-06,0.022176895122709893,1,1
06441500,44.32662738,-100.3843468,4.095329729298456e-06,0.02215680628207472,1,1
05412500,42.7399884,-91.261799,4.093161833454452e-06,0.02214507739785041,1,1
07010075,38.6162361,-90.3641361,4.083034116841513e-06,0.0220902837988229,1,1
03294000,38.37060967,-85.7263437,4.079432764274195e-06,0.02207079953834525,1,1
06317000,44.64993155,-106.127598,4.072401228130041e-06,0.022032757086452585,1,1
06720820,39.90568056,-105.0353889,4.071188540238155e-06,0.02202619612739014,1,1
06345500,46.74555556,-102.3083333,4.0617981007533385e-06,0.021975391390696996,1,1
06853800,39.89918,-98.2503276,4.0596738197019915e-06,0.021963898473922393,1,1
05053000,46.4705168,-96.7823018,4.056756289918628e-06,0.02194811387377904,1,1
06893578,39.0583384,-94.5118983,4.0530245549834805e-06,0.02192792421054812,1,1
07195000,36.22194444,-94.2883333,4.048221865173616e-06,0.02190194040099335,1,1
05591700,39.7307222,-88.6621111,4.023767869308006e-06,0.021769637879577138,1,1
05506350,39.5241111,-92.12775,4.021910602958655e-06,0.02175958958226364,1,1
05402000,44.3022222,-90.1219444,4.019911179095884e-06,0.021748772175575668,1,1
05270700,45.547239,-94.145662,4.015208421760138e-06,0.02172332902687526,1,1
03289500,38.26868254,-84.8146714,4.0143728238223956e-06,0.021718808223213516,1,1
06795500,41.52596389,-97.2815972,4.0075133784222554e-06,0.02168169682731148,1,1
06718550,39.74887674,-105.3997159,4.005706426905338e-06,0.021671920746417432,1,1
05540500,41.52230278,-88.1928694,4.0052112269837805e-06,0.02166924158516349,1,1
06932000,37.90952778,-91.9033333,3.97951424120972e-06,0.021530214162840008,1,1
07231000,34.9653615,-96.5125113,3.975670004762098e-06,0.021509415836965758,1,1
05536000,42.0122222,-87.7958333,3.963298985188137e-06,0.021442485381463955,1,1
06327500,47.10588889,-104.7184306,3.9539868009259935e-06,0.021392104026018214,1,1
07301410,35.47310419,-100.1209501,3.9452303373678725e-06,0.021344729265108164,1,1
06803520,40.85716667,-96.5951278,3.931126991561702e-06,0.021268426471044752,1,1
06436190,44.54175655,-103.5719867,3.926885451022039e-06,0.02124547862599029,1,1
06861000,38.80778889,-100.0222667,3.926098926799629e-06,0.021241223323979458,1,1
06716500,39.7658209,-105.6261123,3.9163209081180265e-06,0.02118832168233609,1,1
05436500,42.61230556,-89.3979722,3.909939641690041e-06,0.02115379735989444,1,1
06183450,48.6728972,-104.5120861,3.889577550167369e-06,0.021043633112523077,1,1
05486000,41.4581111,-93.6549722,3.8869002769913925e-06,0.021029148363541837,1,1
06893300,38.9405621,-94.6713469,3.886465068860912e-06,0.021026793773587713,1,1
05452000,41.9641611,-92.3132417,3.880040968858063e-06,0.02099203771028919,1,1
06892350,38.9833375,-94.9646893,3.87884518548028e-06,0.020985568209074844,1,1
03229796,39.71089625,-82.96295889,3.878643426184832e-06,0.020984476638451637,1,1
05317000,44.289217,-94.439427,3.876784399099685e-06,0.0209744188150964,1,1
03606500,36.03701614,-88.2291116,3.872029093974973e-06,0.020948691369096963,1,1
06864500,38.72667589,-98.2336684,3.860129284771938e-06,0.02088431028509803,1,1
06360500,45.2558171,-100.8429214,3.851593199349389e-06,0.020838127827611987,1,1
03348130,40.1105867,-85.7107865,3.845076738951522e-06,0.020802872070389947,1,1
07257500,35.46638889,-93.0411111,3.840718156401812e-06,0.020779290997411264,1,1
05527800,42.4893861,-87.9259167,3.829932737540768e-06,0.0207209390569886,1,1
05502500,39.74127778,-92.0410278,3.825401471670766e-06,0.020696423722026448,1,1
05127000,47.9346207,-91.7640262,3.814883257599002e-06,0.020639517429486873,1,1
07058000,36.6272222,-92.3060556,3.8102393014488717e-06,0.020614392410598953,1,1
03357350,39.76170225,-86.7294311,3.804244092998729e-06,0.020581956762914678,1,1
03349000,40.04697647,-86.0171855,3.7942401689157693e-06,0.02052783291389198,1,1
06099500,48.4271972,-111.889836,3.7906956885977164e-06,0.020508656347176024,1,1
05421000,42.46359796,-91.8951722,3.7901303041701077e-06,0.020505597469365085,1,1
05082625,47.9319336,-97.5145305,3.786149443909789e-06,0.020484059972886385,1,1
07103780,39.03102778,-104.8466111,3.7747478303206453e-06,0.0204223742576214,1,1
03339000,40.1010833,-87.5976111,3.763386404501213e-06,0.02036090596871455,1,1
06479438,45.0060753,-97.1650756,3.7578286189653064e-06,0.020330836893544504,1,1
05319500,44.04621625,-94.1948741,3.7545142859628146e-06,0.020312905484074557,1,1
06897000,40.2972222,-94.0262222,3.7523951502441393e-06,0.020301440404897123,1,1
06893080,38.8125082,-94.6757906,3.7466122904413657e-06,0.020270153619002987,1,1
07218000,35.9165222,-105.1640833,3.7325921123071852e-06,0.02019430078382421,1,1
07195500,36.13008185,-94.5721645,3.7322908637418427e-06,0.020192670950197555,1,1
06309200,43.57773999,-107.1383995,3.716922202896524e-06,0.020109522470423507,1,1
05333500,46.0761111,-92.2466667,3.7137132213390043e-06,0.020092161039859308,1,1
06342260,47.05749409,-101.1957001,3.7134988479932713e-06,0.02009100122392081,1,1
05414000,42.7311111,-90.6402778,3.7097153163814857e-06,0.020070531327105248,1,1
07332500,33.99704088,-96.2410985,3.7031583259540927e-06,0.02003505629180985,1,1
06891000,39.05111157,-95.3863633,3.7019068852649e-06,0.020028285669965756,1,1
06191000,44.9923444,-110.690975,3.6848629662464783e-06,0.01993607360477431,1,1
05580000,40.25476389,-89.1294278,3.6791895546972117e-06,0.01990537896259293,1,1
05056000,47.8055534,-98.7162172,3.671111995575213e-06,0.019861677252467434,1,1
06468170,47.5580525,-98.862885,3.6635474147296884e-06,0.019820750889151605,1,1
06466500,42.73222222,-97.9225,3.6490633740381307e-06,0.019742388436065437,1,1
05431486,42.5972222,-88.8291667,3.646381188849028e-06,0.01972787711180687,1,1
06632400,41.58522927,-106.222847,3.6419938423827296e-06,0.01970414041850702,1,1
06714215,39.81220846,-104.9583129,3.638387292544034e-06,0.0196846280394302,1,1
06882510,39.8419463,-96.6622425,3.634952684540824e-06,0.019666045910709883,1,1
07188838,36.58405556,-94.3729722,3.6237608693438058e-06,0.019605495259686332,1,1
03339500,40.05030556,-86.90725,3.620204599866831e-06,0.019586254910533375,1,1
05500000,39.8974722,-91.5802778,3.6090831237713215e-06,0.019526084812468734,1,1
07315700,34.00426516,-97.566968,3.5986682666631906e-06,0.01946973770816857,1,1
06446700,43.53666558,-101.7985923,3.5784025547244356e-06,0.019360094899585182,1,1
03272700,39.629203,-84.6443633,3.572153180540766e-06,0.019326284148723987,1,1
06482000,43.5010864,-96.748384,3.568923140289625e-06,0.019308808785112642,1,1
06900050,40.0266111,-93.4362222,3.568230248114784e-06,0.019305060056998644,1,1
06445685,43.013036,-102.8357327,3.5664934202129563e-06,0.01929566336322554,1,1
06881380,40.3669833,-96.8894694,3.5615835899047815e-06,0.019269099895517967,1,1
07083000,39.17221259,-106.3891926,3.5567884456612467e-06,0.019243156909453007,1,1
05534500,42.15264167,-87.8184028,3.5513344000247715e-06,0.019213649094305316,1,1
03378635,39.10388889,-88.5944444,3.5402056882550678e-06,0.019153439849348475,1,1
05458000,43.03327778,-92.5035444,3.536930616181513e-06,0.01913572085178536,1,1
03354000,39.4975388,-86.4005316,3.5350601367098327e-06,0.019125601068019936,1,1
07141900,38.46170278,-99.0144361,3.532524995703758e-06,0.019111885291298102,1,1
07233500,36.20225497,-101.305993,3.5233972080433664e-06,0.019062501569755894,1,1
06345780,46.6569506,-102.0793279,3.5128545966353305e-06,0.019005463281238144,1,1
06191500,45.1121194,-110.7936667,3.5114040732094427e-06,0.01899761556965461,1,1
07191160,36.36452259,-94.5513299,3.5088010340581093e-06,0.018983532446186398,1,1
05466500,41.18697738,-90.9673663,3.4893601745468078e-06,0.018878352305240157,1,1
03288100,38.2195187,-84.562998,3.4793864553664614e-06,0.018824391872650375,1,1
06935997,38.8489722,-90.2859444,3.4720164727867784e-06,0.018784518336912318,1,1
07141220,38.20380278,-99.00165,3.4713566458543844e-06,0.018780948500418775,1,1
06357800,45.65777405,-100.8181933,3.4641683483938e-06,0.01874205792875304,1,1
05508805,39.5206111,-91.3434444,3.4542560047997268e-06,0.018688429554157455,1,1
07019195,38.5271111,-90.4471111,3.453362331496194e-06,0.018683594547558555,1,1
05463500,42.40776389,-92.4632472,3.448246594262025e-06,0.018655917069460376,1,1
06815000,40.0355577,-95.5960957,3.441351329279574e-06,0.01861861188023794,1,1
07146500,37.0375083,-97.0392194,3.4218839174740215e-06,0.018513288084426538,1,1
07151500,37.12868889,-97.6015694,3.4208326086293803e-06,0.01850760022827012,1,1
06862700,38.71167927,-99.3470492,3.4173569723560222e-06,0.018488796125864196,1,1
06607500,41.96502778,-95.97225,3.4137658013069658e-06,0.018469366950066582,1,1
06884025,39.98027778,-97.0047222,3.408259245955015e-06,0.01843957504360742,1,1
07079300,39.2724892,-106.3064133,3.3977399716425837e-06,0.01838266301488819,1,1
06923950,37.93694444,-92.8513611,3.3888428372728513e-06,0.018334527188049766,1,1
06906150,39.89730556,-92.49325,3.3845287323420776e-06,0.018311186750636914,1,1
07252000,35.57694444,-94.0152778,3.382538817451469e-06,0.018300420789978455,1,1
05528500,42.15194444,-87.9577778,3.380712691877155e-06,0.018290540972412766,1,1
06885500,39.68194349,-96.4427888,3.376503252812104e-06,0.018267766804742385,1,1
06479010,42.8172187,-96.9242106,3.3703107152181366e-06,0.018234263554715312,1,1
07048600,36.07305556,-94.0811111,3.367107567298345e-06,0.018216933685658878,1,1
05291000,45.2833888,-96.5103877,3.3594779266957604e-06,0.01817565533202012,1,1
05418400,42.1643333,-90.7293333,3.3518699356590614e-06,0.01813449410820218,1,1
07328500,34.75480245,-97.2514124,3.3369944199262815e-06,0.018054013672627187,1,1
06066500,46.99473889,-112.0106667,3.3301161967530567e-06,0.018016800684055416,1,1
07325860,35.23339066,-98.4661702,3.3235018246851246e-06,0.017981015199058134,1,1
07315500,33.8787106,-97.9344798,3.3206356474517297e-06,0.017965508429657835,1,1
03364000,39.20004254,-85.9255163,3.3146185902348122e-06,0.017932954574423756,1,1
07239300,35.8119886,-98.4209053,3.295264741544888e-06,0.017828245184806746,1,1
07189000,36.63146127,-94.5868886,3.2945312978174553e-06,0.017824277062173963,1,1
05522500,40.93335598,-87.1288886,3.2943863015900867e-06,0.017823492594613646,1,1
05528000,42.34388889,-87.9411111,3.284773810072703e-06,0.017771486498275407,1,1
07053250,36.45444444,-93.3561111,3.280857909345305e-06,0.0177503004498808,1,1
06762500,41.22777778,-103.8930556,3.2807024668626993e-06,0.01774945946534408,1,1
07249400,35.1625,-94.4069444,3.2732083314395446e-06,0.01770891423021086,1,1
07301500,35.16810838,-99.5073128,3.271953213767513e-06,0.017702123714926715,1,1
07052250,37.0065833,-93.3646667,3.255604112212393e-06,0.017613670794164017,1,1
06605850,42.89630556,-95.243,3.2360791274932036e-06,0.017508035513813185,1,1
06436198,44.617485,-103.4807452,3.224014846204168e-06,0.017442764592758578,1,1
07328100,34.92590298,-97.7739273,3.2186166892171228e-06,0.0174135591498399,1,1
07299540,34.56922728,-100.1940023,3.2155733223890666e-06,0.01739709373833173,1,1
07300500,34.85839374,-99.5087007,3.210996858057969e-06,0.017372333867858903,1,1
07307028,34.50702089,-99.2081389,3.2053242637724323e-06,0.01734164364728832,1,1
06472000,45.24163936,-98.3914819,3.192642616222278e-06,0.01727303261309097,1,1
07250965,35.7222222,-94.1136111,3.1801858034829154e-06,0.017205637994097637,1,1
05590950,39.7028333,-88.38775,3.1713952012540325e-06,0.01715807853403885,1,1
06192500,45.5972111,-110.5664972,3.1641588149313767e-06,0.01711892778903625,1,1
06466400,42.61573056,-97.8780722,3.1552107844836647e-06,0.01707051660108777,1,1
06195600,45.7383611,-110.4794694,3.143786744193312e-06,0.017008709551496352,1,1
07308500,34.11009327,-98.5317234,3.1431827538428095e-06,0.0170054418055328,1,1
03363500,39.41753959,-85.6341179,3.1394390297847146e-06,0.016985187278007133,1,1
06803080,40.77027778,-96.7188889,3.129133234436221e-06,0.01692943022638668,1,1
07140850,38.2066829,-99.6434539,3.1254520412336472e-06,0.016909514007164377,1,1
06799100,42.1485,-97.4785278,3.1242684915226647e-06,0.016903110693291055,1,1
06921070,37.68266667,-93.3703333,3.1223027200656034e-06,0.016892475354930547,1,1
07061900,37.2474722,-90.9654722,3.103048785248946e-06,0.01678830652553242,1,1
06884200,39.81361476,-97.0375267,3.1018520398631982e-06,0.016781831819603056,1,1
07157950,36.85197484,-99.315387,3.0903570546344196e-06,0.016719640939316358,1,1
06478600,43.44525895,-97.1097788,3.0871473186964796e-06,0.016702275427356535,1,1
06873000,39.37667456,-99.5801096,3.0838519967506895e-06,0.016684446872681783,1,1
07191222,36.35535924,-94.7763388,3.083654079573814e-06,0.016683376088926193,1,1
07239450,35.6169933,-98.0653316,3.0707963779778083e-06,0.016613812556237402,1,1
055451345,42.59055556,-88.4336111,3.056448659267089e-06,0.016536187640766295,1,1
06177000,48.067325,-105.5330972,3.027429987954348e-06,0.016379189029826668,1,1
03334500,40.41780578,-86.7680434,3.0247649990270847e-06,0.01636477074184785,1,1
06052500,45.8862472,-111.4420083,2.999010333111743e-06,0.016225431254855302,1,1
05503800,39.5848333,-91.9935,2.9913402219763954e-06,0.016183933945036248,1,1
05524500,40.8705788,-87.3066723,2.9904308932301417e-06,0.016179014238392526,1,1
06862850,38.71223475,-99.292325,2.978333868140926e-06,0.016113566164804305,1,1
05525500,40.62991667,-87.7235278,2.9748568934242004e-06,0.016094754821069264,1,1
05078000,47.923479,-96.046235,2.973152731255723e-06,0.016085534857467786,1,1
06470800,46.22524359,-98.0717809,2.9649268955511445e-06,0.016041030932201248,1,1
06803495,40.83861111,-96.69138889,2.95714560240879e-06,0.015998932098608986,1,1
07048550,36.05388889,-94.0830556,2.95649594397651e-06,0.01599541727636389,1,1
07312200,33.90592785,-98.9050666,2.9528977446688375e-06,0.01597595007584667,1,1
05535070,42.1597222,-87.7980556,2.94241471656481e-06,0.01591923414860672,1,1
03364500,39.2747637,-85.7016201,2.9343567539961048e-06,0.0158756384609663,1,1
07036100,37.3845,-90.4738611,2.927703820772811e-06,0.015839644350020478,1,1
05502300,39.82988889,-92.2304444,2.923749614395349e-06,0.0158182510580279,1,1
07144300,37.6433222,-97.3351944,2.916575503563384e-06,0.015779437239738056,1,1
05548280,42.44373056,-88.247425,2.899778130342547e-06,0.015688559051874648,1,1
06109500,48.0037833,-110.2588222,2.894151896363335e-06,0.015658119652701682,1,1
07103703,38.87693609,-104.8727543,2.8922534434441773e-06,0.01564784852525998,1,1
07247015,34.87982388,-94.4841112,2.891408343931321e-06,0.015643276315588685,1,1
06884400,39.72583518,-96.8047432,2.8860562923748405e-06,0.015614320315123022,1,1
07195400,36.1447222,-94.4947222,2.882749811651963e-06,0.01559643138854207,1,1
05418500,42.08335278,-90.6329167,2.877592244748214e-06,0.0155685276009775,1,1
06279500,44.75852989,-108.1815559,2.8760106967687022e-06,0.015559971012247379,1,1
07191179,36.3420235,-94.58772,2.8697351580778805e-06,0.015526018704550773,1,1
06421500,43.94210239,-102.8539247,2.864081096238138e-06,0.015495428749365037,1,1
06803000,40.65777778,-96.6655556,2.857280835656704e-06,0.015458637558830967,1,1
07075000,35.65666667,-92.2927778,2.836816602131906e-06,0.015347920696480114,1,1
07242380,35.68089589,-97.0083615,2.811174009574138e-06,0.01520918755570076,1,1
06425100,44.2402646,-103.1512907,2.8092170620517914e-06,0.01519859995713779,1,1
06481480,43.8481959,-96.8368313,2.8074583856031856e-06,0.015189085057005124,1,1
07013000,37.9984722,-91.3609444,2.7991402333337307e-06,0.015144081674947612,1,1
06437000,44.5130418,-103.1368464,2.794497949409776e-06,0.015118965703241208,1,1
06719505,39.75304299,-105.2352667,2.7914423679645394e-06,0.015102434207455443,1,1
05054500,47.7027775,-99.9490145,2.790122520666361e-06,0.015095293487943057,1,1
06482610,43.61636276,-96.5653227,2.777616985572459e-06,0.015027635268252713,1,1
07197000,35.9216222,-94.8372472,2.7728059274386347e-06,0.015001606183873906,1,1
05480500,42.5083333,-94.2033333,2.762911859048766e-06,0.01494807668291881,1,1
06433000,44.66720665,-103.8393696,2.7377487739414444e-06,0.014811937803015287,1,1
06274300,44.3832545,-108.0362688,2.7243121292217953e-06,0.014739242036419388,1,1
06090800,47.8169111,-110.6661417,2.7063008347488378e-06,0.014641796216691684,1,1
06205000,45.53674167,-109.4220556,2.677859004602953e-06,0.014487918467522513,1,1
05120500,48.1382932,-100.5399409,2.6732385809789074e-06,0.014462920765763186,1,1
06803513,40.8861114,-96.6241795,2.6511762434022153e-06,0.014343557741995076,1,1
06911490,38.60139907,-95.6847068,2.6452451307895915e-06,0.014311468869576594,1,1
03351000,39.9105892,-86.1055218,2.6394399921296794e-06,0.014280061549231159,1,1
07148400,36.81503056,-98.6481395,2.6372350472028895e-06,0.014268132219766912,1,1
03302000,38.1197916,-85.7957955,2.633165451767276e-06,0.01424611464275273,1,1
07035800,37.50241667,-90.4578889,2.6254860017116098e-06,0.014204566806929162,1,1
07066000,37.1540833,-91.3581667,2.6168336736125295e-06,0.014157755446122541,1,1
07142680,38.1450113,-98.111169,2.6023867267777594e-06,0.014079593680515387,1,1
06426500,44.32188385,-104.9406108,2.601726169363074e-06,0.014076019891921353,1,1
06395000,43.3055286,-103.8210312,2.5826651966613703e-06,0.013972895038096235,1,1
05055300,47.90777778,-99.4155556,2.574448196683954e-06,0.013928438916427465,1,1
07235000,36.23864885,-100.2756889,2.567219437722538e-06,0.013889329437446552,1,1
05497150,40.01890278,-91.6223417,2.5610213520833066e-06,0.01385579617104173,1,1
05412020,42.84348517,-91.4012767,2.5609514734278823e-06,0.013855418109216715,1,1
06715000,39.7519319,-105.661947,2.5592991797611437e-06,0.01384647876779248,1,1
07196500,35.9255472,-94.9217028,2.5484897224590262e-06,0.013787996773108647,1,1
05495500,40.1428222,-91.3373694,2.5186889961367e-06,0.01362676703976993,1,1
071912213,36.32256869,-94.6852334,2.502192952155757e-06,0.013537519122003622,1,1
07228000,35.935042,-100.3706884,2.4951686783360514e-06,0.013499515961188016,1,1
05464000,42.49554444,-92.3343472,2.4929577912711145e-06,0.013487554483200322,1,1
07191220,36.3347222,-94.6413889,2.4891232918478655e-06,0.013466808837177772,1,1
03363900,39.23504208,-85.9266275,2.4807068223945054e-06,0.013421273533408948,1,1
07052500,36.80538889,-93.4615833,2.4767387453624083e-06,0.013399805197542476,1,1
06622700,41.37022978,-106.520632,2.4736347450888987e-06,0.013383011743216287,1,1
03353800,39.60876944,-86.3820278,2.455627748137751e-06,0.013285589174206969,1,1
05416900,42.4699878,-91.4487147,2.454775408539167e-06,0.013280977793775923,1,1
05591550,39.5067222,-88.5272778,2.445900592427719e-06,0.013232962714559315,1,1
06716100,39.75887636,-105.6600025,2.4455287169699905e-06,0.013230950770949745,1,1
06806500,40.79416667,-95.9113889,2.4417368244750246e-06,0.01321043563956671,1,1
07037300,37.26027778,-90.5060278,2.4329491647199734e-06,0.0131628920990619,1,1
06803500,40.84666667,-96.6816667,2.4297178351253878e-06,0.01314540975976488,1,1
06294000,45.7356861,-107.5574694,2.4250482287981783e-06,0.013120145966701934,1,1
07052345,36.97488889,-93.3278889,2.4175755844316966e-06,0.01307971700381319,1,1
07189540,36.547297,-94.6180004,2.404783165380486e-06,0.013010506666787323,1,1
07017200,37.83,-90.6908889,2.4032706371694346e-06,0.013002323493078822,1,1
06295000,46.2666361,-106.6913028,2.3957577482877808e-06,0.012961676796824141,1,1
07196900,35.88,-94.4863889,2.395339214160787e-06,0.01295941241759531,1,1
06846500,39.98500557,-100.560148,2.393775043314947e-06,0.012950949843708913,1,1
07145200,37.561683,-97.8531094,2.3775650099671582e-06,0.012863249318365756,1,1
07189100,36.67080556,-94.604,2.371776642049148e-06,0.012831932732125776,1,1
06477500,43.77640219,-98.2456658,2.37121525774269e-06,0.012828895496017777,1,1
06481500,43.53358676,-96.7908849,2.34979430168899e-06,0.012713002514248036,1,1
07241800,35.33312675,-96.8694661,2.3301833483514732e-06,0.012606902121159395,1,1
05560500,40.66738889,-89.5038944,2.32618281958814e-06,0.01258525821292878,1,1
05114000,48.98995719,-101.9583348,2.309166224662503e-06,0.012493193978234677,1,1
06446000,43.25484357,-102.8273511,2.307418523114893e-06,0.012483738455190402,1,1
06479215,45.18079549,-97.1861904,2.3062655228632595e-06,0.012477500421892164,1,1
06867000,38.9658611,-98.8540917,2.2896800791393616e-06,0.012387768828105305,1,1
06349500,46.79443787,-100.6573459,2.283069213709439e-06,0.01235200231493794,1,1
06848500,39.978775,-99.4781028,2.2819823582102044e-06,0.012346122142071548,1,1
07144550,37.54430556,-97.2755694,2.2805711742604246e-06,0.01233848726735561,1,1
07154500,36.92669908,-102.9590988,2.2699383993169734e-06,0.012280961170500083,1,1
05489000,41.2191111,-92.9088333,2.2660615682439723e-06,0.012259986499166958,1,1
06331000,48.2844683,-103.5729718,2.2513569118349105e-06,0.012180430457276318,1,1
07241520,35.5656147,-97.367258,2.2342174793126218e-06,0.01208770163901677,1,1
07241550,35.5003412,-97.1939194,2.2233010067924497e-06,0.012028640663979118,1,1
07196000,36.18647245,-94.7068913,2.1908165288015406e-06,0.011852891131317633,1,1
06340000,47.2861188,-101.925726,2.1807407673154705e-06,0.011798378623132,1,1
07060710,35.99166667,-92.2138889,2.1794810333285088e-06,0.011791563132375208,1,1
07195865,36.20174844,-94.6052207,2.163266892475758e-06,0.011703840384354569,1,1
06803093,40.7675026,-96.796965,2.155709388879015e-06,0.011662952310807974,1,1
06871000,39.67284444,-99.3092389,2.1403648669523802e-06,0.01157993442890528,1,1
06438000,44.369989,-102.5665256,2.1039206471413257e-06,0.011382761656056726,1,1
07053810,36.71775,-93.2068056,2.099824210180886e-06,0.011360598859364227,1,1
06847900,39.769727,-100.1006875,2.0915784549624268e-06,0.01131598716431126,1,1
07315200,33.81287833,-98.0850406,2.0829753159072398e-06,0.011269441929113267,1,1
07239500,35.56310656,-97.9575498,2.0672186530066273e-06,0.011184194256613737,1,1
06214500,45.8001194,-108.4680306,2.0632589547021088e-06,0.01116277125185761,1,1
05117500,48.2457899,-101.371361,2.050531261811372e-06,0.011093911100309786,1,1
06803486,40.85527778,-96.7794444,2.0279744980877987e-06,0.010971873101611362,1,1
06869950,38.8444476,-97.6683699,2.0184924597795012e-06,0.010920572791296141,1,1
06872500,39.55300278,-98.6923222,2.017078337165973e-06,0.010912922017639775,1,1
07303400,35.01172,-99.9037143,2.0109636121289303e-06,0.010879839753922487,1,1
06406000,43.82804586,-103.1960211,2.000854252331234e-06,0.010825145470072546,1,1
06914950,38.75334168,-94.977188,1.996670915158196e-06,0.010802512520473276,1,1
07141200,38.20758889,-99.405775,1.9846171966075023e-06,0.01073729874659917,1,1
07061500,37.33813889,-90.78875,1.980153023599049e-06,0.010713146401587647,1,1
06440200,43.9690175,-101.767229,1.9747889295544835e-06,0.010684125248107868,1,1
07239700,35.5394985,-97.7425442,1.9618774728391016e-06,0.010614270886146367,1,1
07327442,34.89256647,-98.2331053,1.9603312133643137e-06,0.010605905217467824,1,1
06332515,47.78717057,-102.7686286,1.933345826626552e-06,0.010459907208536349,1,1
07055875,35.7972222,-92.9288889,1.917620340582084e-06,0.010374828210992865,1,1
06772898,41.2972222,-97.7138889,1.8918688237328048e-06,0.01023550576127236,1,1
06710247,39.6324876,-105.014983,1.8749351212251412e-06,0.010143889996266583,1,1
06309000,46.4207722,-105.8600333,1.8740655959941151e-06,0.010139185637063612,1,1
07305000,34.6381266,-99.103691,1.867702466687758e-06,0.010104759441199549,1,1
07191288,36.37925097,-94.936901,1.8618396229733182e-06,0.010073039921397863,1,1
07194800,36.10305556,-94.3444444,1.8527571254620142e-06,0.010023901231422376,1,1
07019175,38.5787222,-90.4648889,1.833168875515121e-06,0.00991792366962236,1,1
07050700,37.1499722,-93.2033889,1.8323973281024049e-06,0.00991374939607396,1,1
06438500,44.5294304,-101.9301531,1.8262983086466266e-06,0.009880752103664141,1,1
06721000,40.11609435,-104.8185831,1.8186149985437725e-06,0.009839183383974454,1,1
07144780,37.8621972,-98.0137806,1.8141193677444992e-06,0.009814860844076723,1,1
06930060,37.76025,-92.0579722,1.7985453829632707e-06,0.009730601508041095,1,1
06218500,43.57856415,-109.7598835,1.7887312287266042e-06,0.009677504363581991,1,1
07241000,35.47866848,-97.6633752,1.7851187432538632e-06,0.00965795987117062,1,1
03358000,39.43355556,-86.76338889,1.759435360346533e-06,0.009519006043918341,1,1
06784000,41.0325,-98.7405556,1.752467127371689e-06,0.009481306078748886,1,1
05078500,47.88620556,-96.2765806,1.720162986449217e-06,0.009306532216852627,1,1
07081200,39.249,-106.3481111,1.7108154562724443e-06,0.009255959630752684,1,1
05069000,47.61191807,-96.8147998,1.7035226262783456e-06,0.009216503510706636,1,1
06471500,45.6560866,-98.4970402,1.6886043654570012e-06,0.009135791813008826,1,1
05116000,48.3722357,-101.5054414,1.6779678832024114e-06,0.009078245658629202,1,1
07299670,34.35451979,-99.7403719,1.6588303255304276e-06,0.008974706460059514,1,1
06635000,42.00966817,-106.5131381,1.6545149343870263e-06,0.008951359063899522,1,1
06187915,45.00283056,-110.0018722,1.6422859235273123e-06,0.00888519691272971,1,1
07189542,36.54888889,-94.6836111,1.6384526876936464e-06,0.0088644581030577,1,1
05060100,46.9052487,-97.052587,1.6377143418108113e-06,0.008860463458480463,1,1
06471200,45.93886156,-98.4526004,1.6244756502814591e-06,0.008788838670482196,1,1
05472500,41.30084444,-92.2046222,1.6211166077908338e-06,0.008770665370973344,1,1
07141300,38.35306787,-98.7642519,1.5871722622124558e-06,0.00858701757236721,1,1
06208500,45.46571389,-108.8441056,1.5869950349291932e-06,0.008586058726354139,1,1
05590800,39.80630556,-88.4762222,1.5817593288579335e-06,0.008557732185430985,1,1
07057500,36.62302778,-92.2481389,1.5735779111162363e-06,0.008513468572975396,1,1
07143375,37.78140109,-97.3897665,1.5732834141971577e-06,0.008511875267523087,1,1
06329500,47.67741389,-104.1554111,1.5280502345171828e-06,0.008267151920213232,1,1
06406500,43.72543145,-102.9061231,1.5161446817519981e-06,0.008202739762038998,1,1
06772775,41.0908333,-98.0777778,1.4924945242660549e-06,0.008074786216758442,1,1
06928300,37.6010833,-92.2338056,1.4922089203592142e-06,0.008073241024831158,1,1
06863000,38.7147345,-99.1537086,1.471382703938313e-06,0.007960565740219699,1,1
06207500,45.0099111,-109.0653667,1.4366810897075546e-06,0.007772820919897769,1,1
06404000,43.87164727,-103.3363029,1.4247298515602501e-06,0.007708161591842606,1,1
07037500,37.19452778,-90.5033056,1.4239034858824619e-06,0.0077036907371248724,1,1
06921200,37.7504722,-93.2661944,1.405149323196396e-06,0.007602225805828887,1,1
06803510,40.89305556,-96.6816667,1.3600887016255483e-06,0.00735843604307731,1,1
06930000,37.66563889,-92.0499167,1.3411305429112713e-06,0.007255867439848134,1,1
07249985,35.5172222,-94.4641667,1.325510257565362e-06,0.007171357605632824,1,1
06348300,46.7033333,-101.2136111,1.3222651728430994e-06,0.007153800847493007,1,1
06354580,46.2685687,-100.2526914,1.3221928481945714e-06,0.00715340955220477,1,1
06623800,41.02356508,-106.8248049,1.298240904261629e-06,0.007023823263216941,1,1
06711565,39.66498738,-105.004149,1.2324457779976924e-06,0.006667854400317977,1,1
06334500,45.5481343,-103.9712386,1.1881715795105424e-06,0.006428319392390312,1,1
06349000,46.8338827,-100.9745789,1.1609439854236323e-06,0.006281010978272952,1,1
06471800,45.51919906,-98.577541,1.1344927598875423e-06,0.00613790292132365,1,1
06866900,39.1061861,-99.86955,1.1197914528276117e-06,0.0060583650002889065,1,1
06335500,46.29777778,-103.9175,1.102922102762197e-06,0.005967097398847709,1,1
06425500,44.24831768,-102.5032217,1.0391269526723515e-06,0.005621948930785596,1,1
06337000,47.59140556,-103.2526667,1.017499955425225e-06,0.005504941212203281,1,1
06423500,44.08109849,-102.4012746,1.0070913349314457e-06,0.005448627849619944,1,1
06355500,45.80222,-102.3623795,8.978169167037624e-07,0.004857424631247598,1,1
07143330,37.94614167,-97.7751194,8.95708514986996e-07,0.0048460176258314095,1,1
06404998,43.76110028,-103.3640816,7.982994071596892e-07,0.004319008843901393,1,1
06356500,45.6486883,-102.6433259,7.795298761075418e-07,0.004217460765720382,1,1
06359500,45.19775826,-102.1565472,7.346655241253045e-07,0.003974732872840428,1,1
06403700,43.6724058,-102.8921298,6.867494823802839e-07,0.0037154945391959,1,1
06336000,46.91684167,-103.53228333,5.482562993767108e-07,0.0029662101518496955,1,1
07303000,34.88950479,-99.307028,5.401170115524247e-07,0.0029221744732798897,1,1
06400000,43.2399736,-103.5882519,4.7195468004933223e-07,0.0025533984101355693,1,1
06351200,46.12689745,-101.3332835,4.380751078845688e-07,0.002370101052659344,1,1
06352000,46.15528136,-102.4757133,4.3484493183253755e-07,0.0023526249543296216,1,1
06353000,46.09166988,-101.333742,4.025379136851488e-07,0.002177835525893102,1,1
07227000,35.35,-103.3997222,3.275398827055154e-07,0.0017720765385117773,1,1
06354000,46.3761111,-100.9344444,2.826894533378467e-07,0.001529423970622563,1,1
06400875,43.18803166,-103.2265866,2.780569691483822e-07,0.0015043610180460138,1,1
06350000,46.42667116,-102.5518303,1.3209534771770974e-07,0.0007146704230445368,1,1
